unit_id,local_class,nearest_overture_class,represented_local_length_m,sample_spacing_max_m,tolerance_m,reference_role
CHI:76,1,cycleway,59.37278898497648,20,15,city_specific_nearest_class_diagnostic_not_common_input
CHI:76,1,motorway,9256.96324820146,20,15,city_specific_nearest_class_diagnostic_not_common_input
CHI:76,1,primary,17.910468620486792,20,15,city_specific_nearest_class_diagnostic_not_common_input
CHI:76,1,service,19.51909681913324,20,15,city_specific_nearest_class_diagnostic_not_common_input
CHI:76,1,unclassified,126.69781942491045,20,15,city_specific_nearest_class_diagnostic_not_common_input
CHI:76,2,farther_than_15m,2347.5692945568135,20,15,city_specific_nearest_class_diagnostic_not_common_input
CHI:76,2,footway,72.3824035865381,20,15,city_specific_nearest_class_diagnostic_not_common_input
CHI:76,2,motorway,133.6456414670074,20,15,city_specific_nearest_class_diagnostic_not_common_input
CHI:76,2,primary,10047.056438931084,20,15,city_specific_nearest_class_diagnostic_not_common_input
CHI:76,2,residential,31.776703716236433,20,15,city_specific_nearest_class_diagnostic_not_common_input
CHI:76,2,secondary,4579.6983700305545,20,15,city_specific_nearest_class_diagnostic_not_common_input
CHI:76,2,service,454.7910482633266,20,15,city_specific_nearest_class_diagnostic_not_common_input
CHI:76,2,tertiary,1049.7674143268996,20,15,city_specific_nearest_class_diagnostic_not_common_input
CHI:76,2,unclassified,37.68445270118606,20,15,city_specific_nearest_class_diagnostic_not_common_input
CHI:76,3,cycleway,15.257995140736046,20,15,city_specific_nearest_class_diagnostic_not_common_input
CHI:76,3,footway,246.63585054520723,20,15,city_specific_nearest_class_diagnostic_not_common_input
CHI:76,3,motorway,122.91732974100925,20,15,city_specific_nearest_class_diagnostic_not_common_input
CHI:76,3,primary,5327.15311809035,20,15,city_specific_nearest_class_diagnostic_not_common_input
CHI:76,3,residential,15.207390772386578,20,15,city_specific_nearest_class_diagnostic_not_common_input
CHI:76,3,secondary,1392.9938427421725,20,15,city_specific_nearest_class_diagnostic_not_common_input
CHI:76,3,service,347.9046973621869,20,15,city_specific_nearest_class_diagnostic_not_common_input
CHI:76,3,tertiary,793.1549000023558,20,15,city_specific_nearest_class_diagnostic_not_common_input
CHI:76,3,unclassified,2799.4772585240144,20,15,city_specific_nearest_class_diagnostic_not_common_input
CHI:76,4,footway,392.0041384024575,20,15,city_specific_nearest_class_diagnostic_not_common_input
CHI:76,4,motorway,101.10351607085154,20,15,city_specific_nearest_class_diagnostic_not_common_input
CHI:76,4,primary,498.7770942514724,20,15,city_specific_nearest_class_diagnostic_not_common_input
CHI:76,4,residential,16835.997774130894,20,15,city_specific_nearest_class_diagnostic_not_common_input
CHI:76,4,secondary,60.72071469968062,20,15,city_specific_nearest_class_diagnostic_not_common_input
CHI:76,4,service,603.2199055757449,20,15,city_specific_nearest_class_diagnostic_not_common_input
CHI:76,4,tertiary,722.3405973881054,20,15,city_specific_nearest_class_diagnostic_not_common_input
CHI:76,4,unclassified,738.8985287321623,20,15,city_specific_nearest_class_diagnostic_not_common_input
CHI:76,9,footway,19.778623504897645,20,15,city_specific_nearest_class_diagnostic_not_common_input
CHI:76,9,motorway,1484.4261548995064,20,15,city_specific_nearest_class_diagnostic_not_common_input
CHI:76,9,primary,98.9524016697176,20,15,city_specific_nearest_class_diagnostic_not_common_input
CHI:76,99,farther_than_15m,83005.77001825196,20,15,city_specific_nearest_class_diagnostic_not_common_input
CHI:76,99,footway,298.1198729654096,20,15,city_specific_nearest_class_diagnostic_not_common_input
CHI:76,99,motorway,5700.5099754376515,20,15,city_specific_nearest_class_diagnostic_not_common_input
CHI:76,99,primary,1931.3477427722455,20,15,city_specific_nearest_class_diagnostic_not_common_input
CHI:76,99,secondary,1818.075610671566,20,15,city_specific_nearest_class_diagnostic_not_common_input
CHI:76,99,service,30629.731984884238,20,15,city_specific_nearest_class_diagnostic_not_common_input
CHI:76,99,steps,39.40322136660241,20,15,city_specific_nearest_class_diagnostic_not_common_input
CHI:76,99,tertiary,2617.0053192833475,20,15,city_specific_nearest_class_diagnostic_not_common_input
CHI:76,99,unclassified,15007.18787313393,20,15,city_specific_nearest_class_diagnostic_not_common_input
CHI:76,99,unknown,154.48730749690662,20,15,city_specific_nearest_class_diagnostic_not_common_input
SP:52,COLETORA,residential,339.9515110647305,20,15,city_specific_nearest_class_diagnostic_not_common_input
SP:52,COLETORA,tertiary,1233.9639956644323,20,15,city_specific_nearest_class_diagnostic_not_common_input
SP:52,COLETORA,unclassified,918.9431694296284,20,15,city_specific_nearest_class_diagnostic_not_common_input
SP:52,LOCAL,farther_than_15m,45390.67641028104,20,15,city_specific_nearest_class_diagnostic_not_common_input
SP:52,LOCAL,footway,143.82183955116403,20,15,city_specific_nearest_class_diagnostic_not_common_input
SP:52,LOCAL,path,2439.3464134594956,20,15,city_specific_nearest_class_diagnostic_not_common_input
SP:52,LOCAL,residential,32632.173573738713,20,15,city_specific_nearest_class_diagnostic_not_common_input
SP:52,LOCAL,secondary,1075.330616904948,20,15,city_specific_nearest_class_diagnostic_not_common_input
SP:52,LOCAL,service,2582.589495995734,20,15,city_specific_nearest_class_diagnostic_not_common_input
SP:52,LOCAL,tertiary,18516.908671272162,20,15,city_specific_nearest_class_diagnostic_not_common_input
SP:52,LOCAL,track,40243.60081884531,20,15,city_specific_nearest_class_diagnostic_not_common_input
SP:52,LOCAL,unclassified,66227.5188266543,20,15,city_specific_nearest_class_diagnostic_not_common_input
SP:52,LOCAL,unknown,500.04134541957166,20,15,city_specific_nearest_class_diagnostic_not_common_input
SP:52,nan,farther_than_15m,21199.601805713224,20,15,city_specific_nearest_class_diagnostic_not_common_input
SP:52,nan,path,3904.8705848917875,20,15,city_specific_nearest_class_diagnostic_not_common_input
SP:52,nan,residential,6214.093017166325,20,15,city_specific_nearest_class_diagnostic_not_common_input
SP:52,nan,secondary,49.497950743150724,20,15,city_specific_nearest_class_diagnostic_not_common_input
SP:52,nan,service,624.7305091477958,20,15,city_specific_nearest_class_diagnostic_not_common_input
SP:52,nan,tertiary,14723.344892171957,20,15,city_specific_nearest_class_diagnostic_not_common_input
SP:52,nan,track,20229.92215348743,20,15,city_specific_nearest_class_diagnostic_not_common_input
SP:52,nan,unclassified,18787.86263648252,20,15,city_specific_nearest_class_diagnostic_not_common_input
SP:52,nan,unknown,37.94921189990928,20,15,city_specific_nearest_class_diagnostic_not_common_input
