reference_id,tile_id,context,mode,reference_area_m2,best_component_area_m2,best_component_iou,reference_area_covered_fraction,component_touches_tile_edge,component_compactness
R01,CHI_11_1,park block,cook_row_raw,15125.759999966072,15185.611938728622,0.931199928205654,0.9662824364131573,False,0.6676960279132911
R01,CHI_11_1,park block,cook_row_alley_open,15125.759999966072,15185.611938728622,0.9311999282056538,0.9662824364131571,False,0.6676960279132911
R01,CHI_11_1,park block,cook_row_plus_road_edge_alley_open,15125.759999966072,15185.611938728622,0.931199928205654,0.9662824364131573,False,0.6676960279132911
R02,CHI_11_2,residential block with internal alley,cook_row_raw,14562.560000067075,5216.40755796335,0.3582067684486328,0.3582067684486328,False,0.5292988883369254
R02,CHI_11_2,residential block with internal alley,cook_row_alley_open,14562.560000067075,14535.20221750894,0.6251327752610222,0.7686086768907707,False,0.5730973863649506
R02,CHI_11_2,residential block with internal alley,cook_row_plus_road_edge_alley_open,14562.560000067075,14535.202217508937,0.6251327752610218,0.7686086768907702,False,0.5730973863649499
R03,CHI_11_2,residential block,cook_row_raw,13126.08000002022,5179.183540479902,0.3745496407536953,0.38000551114528286,False,0.5316708280011443
R03,CHI_11_2,residential block,cook_row_alley_open,13126.08000002022,13974.562565788287,0.6515583283302241,0.8145240752598383,False,0.3772035130365847
R03,CHI_11_2,residential block,cook_row_plus_road_edge_alley_open,13126.08000002022,10913.67244233008,0.8009673750871649,0.814524075259838,False,0.6674667335883347
R04,CHI_49_2,mixed commercial and residential block,cook_row_raw,18173.440000009945,5052.995972021617,0.27804290062964704,0.27804290062964704,False,0.5393959716118024
R04,CHI_49_2,mixed commercial and residential block,cook_row_alley_open,18173.440000009945,14372.011756200904,0.7872150713850642,0.7888051634386173,False,0.5666477305461571
R04,CHI_49_2,mixed commercial and residential block,cook_row_plus_road_edge_alley_open,18173.440000009945,14372.011756200904,0.7872150713850642,0.7888051634386173,False,0.5666477305461571
R05,CHI_49_2,mixed commercial and residential block,cook_row_raw,15428.319999977895,5060.3280948551355,0.3279895733859803,0.3279895733859803,False,0.539105821576144
R05,CHI_49_2,mixed commercial and residential block,cook_row_alley_open,15428.319999977895,14370.435399343743,0.8689826664047001,0.8980185904741996,False,0.5805614225731708
R05,CHI_49_2,mixed commercial and residential block,cook_row_plus_road_edge_alley_open,15428.319999977895,14370.435399343743,0.8689826664047001,0.8980185904741996,False,0.5805614225731708
R06,CHI_57_2,residential block with internal alley,cook_row_raw,17147.5200000236,7144.65326592829,0.4166306665673631,0.41663873752766434,False,0.4548109608501111
R06,CHI_57_2,residential block with internal alley,cook_row_alley_open,17147.5200000236,15108.716723497488,0.8725183375338763,0.8765180489567754,False,0.6014096070187055
R06,CHI_57_2,residential block with internal alley,cook_row_plus_road_edge_alley_open,17147.5200000236,15108.716723497482,0.8725183375338764,0.8765180489567755,False,0.6014096070187049
R07,CHI_57_2,residential block with internal alley,cook_row_raw,15649.920000011212,7003.472905468499,0.44750854352376757,0.44750854352376757,False,0.4489364926337343
R07,CHI_57_2,residential block with internal alley,cook_row_alley_open,15649.920000011212,14992.07563703485,0.8975834538583549,0.9261447685210511,False,0.598390942866727
R07,CHI_57_2,residential block with internal alley,cook_row_plus_road_edge_alley_open,15649.920000011212,14992.07563703485,0.8975834538583549,0.9261447685210511,False,0.598390942866727
R08,CHI_63_1,residential block with internal alley,cook_row_raw,18123.200000070035,6991.07307775535,0.3857526859345113,0.3857526859345113,False,0.45328678778476195
R08,CHI_63_1,residential block with internal alley,cook_row_alley_open,18123.200000070035,14965.682475321004,0.823882568676855,0.8247373411335254,False,0.4367709465072809
R08,CHI_63_1,residential block with internal alley,cook_row_plus_road_edge_alley_open,18123.200000070035,14965.682475321004,0.823882568676855,0.8247373411335254,False,0.4367709465072809
R09,CHI_63_1,residential block with internal alley,cook_row_raw,18508.800000071526,7010.835272101805,0.378783890477757,0.378783890477757,False,0.45451070116581144
R09,CHI_63_1,residential block with internal alley,cook_row_alley_open,18508.800000071526,14940.302300016565,0.8043993387641566,0.8056478450833149,False,0.37248879672905605
R09,CHI_63_1,residential block with internal alley,cook_row_plus_road_edge_alley_open,18508.800000071526,14940.302300016581,0.804399338764157,0.8056478450833153,False,0.3724887967290561
R10,CHI_32_1,Loop commercial block,cook_row_raw,6860.79999999702,5675.563816221099,0.826678763667199,0.8269351057447595,False,0.7347173969655453
R10,CHI_32_1,Loop commercial block,cook_row_alley_open,6860.79999999702,5675.563816221099,0.826678763667199,0.8269351057447595,False,0.7347173969655453
R10,CHI_32_1,Loop commercial block,cook_row_plus_road_edge_alley_open,6860.79999999702,5274.286030668685,0.7687567092279292,0.7687567092279292,False,0.7202697157130156
R11,CHI_32_1,Loop commercial block,cook_row_raw,5745.9199999575685,5637.665631953658,0.8511895826253851,0.910950767204371,False,0.733563431232663
R11,CHI_32_1,Loop commercial block,cook_row_alley_open,5745.9199999575685,5637.665631953658,0.8511895826253848,0.910950767204371,False,0.7335634312326632
R11,CHI_32_1,Loop commercial block,cook_row_plus_road_edge_alley_open,5745.9199999575685,5637.665631953658,0.8511895826253851,0.910950767204371,False,0.733563431232663
