district_id,block_compactness_iqr,block_compactness_median,block_elongation_iqr,block_elongation_median,block_log_area_iqr,block_log_area_median,building_coverage_land,bus_service_access_weekday_am_400m,cadastral_floor_area_density,cadastral_floor_count_median,cadastral_floor_count_p90,cadastral_parcel_density_km2,formal_job_density_area_first_km2,intersection_density_proxy_5m_km2,land_use_entropy_count,population_density_km2,street_class_model_share_arterial,street_class_model_share_coletora,street_class_model_share_local,street_class_model_share_rodovia,street_class_model_share_via_de_pedestres,street_class_model_share_vtr,street_density_km_km2,district_name
01,0.23964927183083817,0.6405600996890568,1.3036878631646027,1.9825385015369896,0.927742233791859,9.313142052401101,0.5004894456954392,199.2760610417696,0.8763958303611664,2.0,2.0,2901.617528406551,3755.3569082055947,118.72913909338112,0.4252687367509856,11990.173578440792,0.14182957294198614,0.278436898147532,0.5780042802945604,0.0,0.0017292486159214845,0.0,22.883473792856876,AGUA RASA
02,0.18613405700049335,0.6427154205481556,1.174838114767691,2.1117699878960496,0.6864377827934653,9.47160603032453,0.3015278290852829,100.38229622046599,0.6802295355850322,2.0,2.0,1156.5361165128977,3123.2042320475275,104.14052179053442,0.29991889455022763,4938.885460848965,0.0886150114305632,0.17326021808110736,0.7337402372940025,0.0,0.004384533194326901,0.0,19.496300699071348,ALTO DE PINHEIROS
03,0.27693644031505693,0.5423493912320482,1.6082703298501513,2.4992796763492153,1.3651219918032425,8.644467735333773,0.06536752980009757,59.96594403171606,0.05014816388851656,2.0,2.0,279.13188779893454,352.7393597299598,27.040901630521784,0.3898753090016158,2266.256178009396,0.01059586016019558,0.03683114355459211,0.8926118501271568,0.05362006765696472,0.006341078501090677,0.0,6.396344535462436,ANHANGUERA
04,0.18477414377346968,0.6403375053530738,1.3350325559375762,2.283053052710448,0.7349448906067391,8.846979112166931,0.47854422914555855,264.531071307017,0.579532484134847,2.0,2.0,3004.8930863095616,2505.7372853564198,157.36562865316228,0.38526263396293187,13044.148816767272,0.08758241474334817,0.20934732335215048,0.692423034377686,0.0,0.010647227526815283,0.0,23.224739294345703,ARICANDUVA
05,0.18044050327789019,0.655013432567393,1.2188911076025752,2.2465798232690424,0.6544686424440673,9.017709723697315,0.39322044148237556,263.3359993790645,0.48979938938257694,1.0,2.0,2123.229385332702,1388.5524328456024,129.6077025224814,0.3476049797855287,14737.14333711091,0.0854565169885954,0.2485317240011117,0.6509622453692094,0.0,0.015049513641083612,0.0,22.846216702640934,ARTUR ALVIM
06,0.19450552692304257,0.6754351413274307,1.3147469582438456,1.8471767196269626,1.1065791315484592,9.661474527970379,0.31284530841888625,462.1574712126551,1.0371221325270839,2.0,5.0,406.7922469175774,18847.709395251448,68.8522786676958,0.7599964194296367,5689.1345385064005,0.20633621520112186,0.2287006186489646,0.5569496058052058,0.0,0.002161797659804581,0.005851762684903303,15.858794750394875,BARRA FUNDA
07,0.22462777579305793,0.6621269035903906,1.3543896900867087,1.8277395063856483,1.01210966570995,9.617493472229143,0.46180918832251394,559.6602790695546,3.0197681716055365,2.0,14.0,1363.6286571464811,47586.897550483984,54.824789507508285,0.7450798509171545,21947.775264254822,0.23302772697595128,0.481169297704338,0.28081288692682893,0.0,0.004990088392881957,0.0,20.280280944597823,BELA VISTA
08,0.18775670889890494,0.7167288233418055,0.8129207621207803,1.6702372984186271,0.9922841531536726,9.428542654034782,0.4470904414507532,435.1201967796478,0.8645508056690049,2.0,3.0,1733.4062342720854,6511.193757199439,71.4533867562539,0.6173086867441625,9185.643233152434,0.11938293881820566,0.3867683881216082,0.493720051039406,0.0,0.00012862202078008984,0.0,15.154092704359762,BELEM
09,0.20667136050308976,0.7177910348863711,1.0299637134454704,1.6571174277010332,0.8516189946593364,9.56946842520735,0.4316951290924414,282.0192557116509,0.9538472749099811,2.0,4.0,1541.5771088020517,15420.18992776181,75.85424922225118,0.727589076365738,7919.240370975271,0.2203400479066893,0.3274823317080281,0.44565875849253656,0.0,0.002645149341945964,0.0038737125508000823,17.872954579061876,BOM RETIRO
10,0.18936717316295248,0.7137787651265894,0.744360534327039,1.7586635841913087,0.9990440145314334,9.420651658965536,0.5657633697201804,486.7895722849006,1.3935548824512387,2.0,4.0,1983.8684372953262,12663.668383436694,67.23109704167494,0.6724029687780823,10689.699816999384,0.19284697654132424,0.3696157336273523,0.4354444635228928,0.0,0.002092826308430803,0.0,18.556862664475037,BRAS
11,0.2773640752735161,0.5548078216033164,1.4906543927740628,2.2382165849142437,1.1213417639091112,8.871268809216053,0.2010472229898469,263.0154979598016,0.1992255438575599,1.0,2.0,1345.7815062919628,622.5106581597468,96.2222378510558,0.37909963184998946,11531.552593526058,0.030444495898138493,0.14562942153226924,0.8029636689913993,0.0,0.02096241357819297,0.0,13.71913743896666,BRASILANDIA
12,0.252589114872538,0.6192059028082247,1.237185980088207,2.1051910222307257,0.8909184246687225,9.334798792823497,0.2610054786999266,181.42450832254835,0.4524636061280646,2.0,2.0,1003.975410098241,5156.687358464976,89.52892977639927,0.39289025737811956,4036.598033996634,0.13991568229189882,0.05307405455704164,0.7456103974907541,0.04094629776960154,0.0064686947768611116,0.013984873113842734,15.856771318266379,BUTANTA
13,0.24743056971577043,0.5774972725755172,1.1991320871206173,2.2486257774352483,1.0335722098641682,9.066322758397737,0.20323305796272215,246.4578938326886,0.2811654429085921,2.0,2.0,1283.146767955656,849.0771937863968,90.49010687701978,0.4088539581427943,10592.07256259376,0.054781357757622016,0.09530547672067156,0.8368061177949329,0.0,0.013107047726773442,0.0,13.01005741964246,CACHOEIRINHA
14,0.1978842544583409,0.7017004180208245,0.7909616456161759,1.681102868309631,0.9793183810169026,9.531765724246723,0.45168268259725725,199.8114549698442,1.0282344469792188,2.0,3.0,1775.1489974183878,10984.699497954496,83.83922195673982,0.6188821435487778,11546.725488910784,0.2733272623827055,0.32018355812041566,0.4042421641482869,0.0,0.0022470153485919355,0.0,17.494992323686024,CAMBUCI
15,0.14003736020483715,0.7309688096448616,1.0274713020007684,1.5427028599584842,0.9380990605753308,9.254481749996813,0.26310077679171867,297.6011190700364,0.9948246352233917,2.0,2.0,1624.429859781529,6420.236756466453,115.02910579827095,0.4486844103163868,8049.509739973664,0.11397344319688286,0.24322045417577634,0.64217630187297,0.0,0.0006298007543709091,0.0,18.978643717327923,CAMPO BELO
16,0.23035987007293846,0.658081712053505,1.2235814562510048,2.0589386531781506,0.8515278316585277,9.075508010722428,0.27794487124250444,285.93166367556586,0.7135407208079311,2.0,2.0,1311.5570421511281,4068.211494820742,82.17524082321403,0.36316056921842227,8912.371313523292,0.12425292828375728,0.13368807575669509,0.7414660191057729,0.0,0.0005929768537746004,0.0,15.439418083216488,CAMPO GRANDE
17,0.2767348977278154,0.5901665787288205,1.2944556550710657,2.3148098300675537,0.9331305092168485,9.048710163697958,0.38381525946318384,160.28949540015017,0.4570246322059746,1.0,2.0,2009.877627071576,1589.78451317971,126.4808035049783,0.4086035883365306,18784.52708619877,0.020476648012803477,0.1656627546589914,0.7894432312878985,0.0,0.0244173660403067,0.0,21.08100208623864,CAMPO LIMPO
18,0.2293610749368259,0.6069880704676998,1.204257610193796,2.0879423649084408,0.88752041637402,9.021427110253182,0.29334278792611074,183.5118162277387,0.3415379982934197,2.0,2.0,1619.1724031882336,771.9432804847905,97.50012040800435,0.3618868405982742,10231.98670666561,0.09009631323748056,0.1391547322464761,0.7470458191175537,0.01846171049784411,0.00524142490064537,0.0,16.678551456232498,CANGAIBA
19,0.29784331174808676,0.5536025825448128,1.4046309943916087,2.260416272614823,1.2451156760359865,9.013204328729643,0.41434418236201376,216.1598709365207,0.38066169474943284,1.0,2.0,2265.6172654903826,1479.728608557343,144.41921421210688,0.39330421162129303,19538.806743738405,0.034585209301192736,0.189471473554502,0.757485242688928,0.0,0.018458074455377112,0.0,22.74588880077275,CAPAO REDONDO
20,0.1849560199690271,0.7134704430285851,0.9347762139475349,1.6938336483164926,0.8429593950253906,9.142311920379292,0.4414181573998574,266.94802053312117,0.7317065752656273,2.0,2.0,2425.0706382351636,4170.313460376031,138.71287612889407,0.43417591753523166,10811.096536989282,0.12348099059508005,0.3150100744842282,0.5588817284364643,0.0,0.0026272064842274277,0.0,21.52131415693004,CARRAO
21,0.20502647782458017,0.6295998643116427,1.1650219182390509,2.1160494409539523,1.085866192278857,9.337056347202488,0.3590464021237646,176.63302470892157,0.7247494133994118,2.0,2.0,2321.1084530084495,4894.622951971874,121.47675676669618,0.46866655906622806,11234.617246177142,0.10937785596727767,0.23636969581529482,0.6523503528882423,0.0,0.0018346277387969905,6.746759038827765e-05,20.33221244081116,CASA VERDE
22,0.27836466549313865,0.5890497140168331,1.4269850899622645,2.2155802260318387,0.9676069766913056,9.079289470363234,0.3995685471234061,255.9968702905417,0.5453981748147961,2.0,2.0,2883.030218852479,1892.0326013653935,158.85919046946438,0.3748894021154968,20214.80043657243,0.07267727775550979,0.18997104689335578,0.7241819414774707,0.0,0.013169733873663651,0.0,23.741901498221317,CIDADE ADEMAR
23,0.23506478205729608,0.585283607409239,1.6538571464962182,2.419617035370671,0.8420132266485076,9.032763178867846,0.21423181124568494,204.09790827407457,0.17648567963045775,1.0,2.0,1093.3575439218566,1023.9959870613596,83.28470056562566,0.3861339204675168,6521.437047740773,0.0793779965203444,0.1409630922767038,0.7642977360161111,0.0,0.01536117518684073,0.0,14.047567563339408,CIDADE DUTRA
24,0.16854188753862026,0.5700660542491032,1.455175336598616,2.683611289938071,0.6693924779766416,9.220717296797226,0.36475600734363295,164.072796549721,0.3867567612934974,2.0,2.0,2244.124967097062,1407.6944583680809,113.96890299868875,0.40762083985431335,13117.716927316384,0.060719789755481535,0.17508057314153302,0.7499550055725542,0.0,0.014244631530431276,0.0,19.57059513371955,CIDADE LIDER
25,0.24286151916323817,0.6251618684994379,1.4910835936210685,2.2431326126528943,1.4990779047833644,8.601232968947258,0.2345711520978442,163.43389294289847,0.18985625092792863,1.0,2.0,1156.9748255872667,562.9331785574709,83.02846135356273,0.2127184880717882,12982.95234969194,0.03082634191808293,0.16648085537504365,0.8026928027068734,0.0,0.0,0.0,14.871001051749012,CIDADE TIRADENTES
26,0.21485644453650643,0.7051866021279127,1.026553962858572,1.5262814452270923,0.8999845572146974,9.689350310609573,0.3751691360848634,337.26018991398246,2.316601966154557,2.0,15.0,903.2644288603656,35458.68990944705,70.24807514062043,0.6745197160165038,13796.07341963002,0.16934838562393897,0.34326292410791887,0.4771848120060903,0.0,0.010203878262051685,0.0,19.365173915646526,CONSOLACAO
27,0.2513521169283437,0.6590896065546624,1.2370154219222875,1.8156610763133134,0.8697898635223442,9.154742718816726,0.22320816263431165,115.79090920081312,0.5514714464059436,2.0,2.0,1673.4483522031042,2093.0708049299697,90.26656610832856,0.3661623424103163,8586.21285768311,0.10375783112650408,0.21376298713808142,0.6813415981874453,0.0,0.0011375835479691386,0.0,14.917462470677183,CURSINO
28,0.2209558668880428,0.6219593154406686,1.2088499114025226,2.049162597109176,1.013640229737021,9.192309116935967,0.36429649139328146,148.25274184323104,0.36140226795748637,1.0,2.0,1756.8119395906083,1409.2143374752138,105.47063233368907,0.38115414090405425,12030.596573542041,0.09298708549311628,0.2113067514791163,0.6844787817800472,0.0,0.011227381247720289,0.0,17.83544753119921,ERMELINO MATARAZZO
29,0.28181940449682985,0.5685727637834392,1.3372307522993438,2.2393862743730355,1.0601115814106645,9.092444232939428,0.331433347579082,246.15393007615916,0.5829380634902548,2.0,2.0,2507.510057032503,2063.1530322595736,139.52482116607158,0.38731263874063976,12455.799782700125,0.05642015333850618,0.0852238930514797,0.8476013840650432,0.0,0.00959527518864203,0.0011592943563289446,21.192185930919496,FREGUESIA DO O
30,0.28517426098603355,0.5747578585093567,1.4943279461246708,2.2770317146314962,1.1790810569600403,8.965462286752414,0.10518157739692474,135.37937974567416,0.04022510870535611,1.0,2.0,328.0350876111274,196.79363093068162,38.91084268651481,0.4523523565667569,4147.881712823334,0.025168459207125567,0.09555804274138838,0.8685853873381387,0.0,0.010688110713347347,0.0,7.822094482338741,GRAJAU
31,0.23612119688405825,0.6007775463651168,1.3654526496266188,2.254076790241236,0.9175520378512623,9.131420128181942,0.30222569819719985,203.42475287675484,0.26373461029204326,1.0,2.0,1632.938146639099,938.0842088373465,91.40247093752699,0.43629290414367894,12266.417045759272,0.04729835032975257,0.17693721264492718,0.7626692938667726,0.0,0.013095143158547642,0.0,16.736755887354054,GUAIANASES
32,0.10016232029682415,0.7891074644958462,0.8708756967819578,1.2423533456021298,0.5358670353703268,9.322861437535096,0.3565539834441532,303.5573388040876,1.5051726445787064,2.0,12.0,1009.2855773203389,11573.75079682981,93.4054534069243,0.598977384466408,8986.109595584128,0.13184440340767717,0.33787880649269963,0.49967535185280165,0.0,0.0029200037187757685,0.027681434528045685,20.132919321513114,MOEMA
33,0.2419996187914556,0.5851114998543423,1.4714274920989392,2.541156130244472,1.1790677158073954,8.760614875923515,0.188430358530762,131.41411913249914,0.10521885224367844,1.0,2.0,993.9647003043132,498.1538593847447,71.90185823970202,0.3554085672941454,7705.220597886365,0.04335370036961464,0.09050626731228914,0.8640392942895466,0.0,0.0021007380285494696,0.0,13.539738149482643,IGUATEMI
34,0.18719043857558582,0.7523470646603041,0.9200774392654598,1.4501202902637962,0.7008248899752338,9.297054856789789,0.43400114295596337,198.62823016811944,0.8604678220561717,2.0,2.0,1825.8510581190153,5527.023558782971,97.336310763836,0.530477772669976,10612.825890065458,0.25790569351574827,0.29124889905428275,0.4470287033203713,0.0,0.003816704109597674,0.0,17.69322919111755,IPIRANGA
35,0.16250467358806897,0.7181698037389271,0.9146549434855218,1.8165933535804804,1.0704310346220964,9.145956680701712,0.2572629314534762,324.4322850396488,2.2358118918295657,2.0,5.0,1501.5513240055975,45155.20085540262,131.26355403157743,0.5557210114697533,10135.202017415391,0.17360120292178313,0.3131606603069977,0.5067009023749739,0.0,0.0011935875394612748,0.0053436468567839585,22.06075861132324,ITAIM BIBI
36,0.21120658931365988,0.614097739965504,1.5453259734210323,2.3481612728471077,0.8017723538559807,9.02625367280949,0.42695766154112014,167.8647634442669,0.38546217574835234,1.0,2.0,2559.564184148976,2074.964712962226,140.84356914965724,0.4064703688176735,16852.729829145537,0.030109804973674506,0.20626861382816536,0.7521741519046208,0.0,0.011447429293539447,0.0,22.08143072424673,ITAIM PAULISTA
37,0.23295389369294395,0.6634644927458053,1.2335217403368166,2.069145117558186,0.8457311772492577,9.040475401822729,0.3827566428059699,282.43631989749036,0.46733662782790003,1.0,2.0,2035.6465846462243,2209.1396081382786,118.8569839560554,0.40036365711669825,14240.999695734738,0.0640796119367617,0.2556886158653465,0.6672709242974066,0.0,0.012960847900485203,0.0,21.433082447902475,ITAQUERA
38,0.25556566368802447,0.6414738759564436,1.2273565351966778,1.841970562610518,1.0019983769468208,9.199781163722314,0.34109210841762017,266.8828885148547,0.7455253562984223,2.0,2.0,2425.9097789377975,4236.357069520066,121.21339506919283,0.40276156469017416,15325.975625087565,0.054294434932458134,0.19480061386675057,0.7262256329642468,0.021478920953470457,0.003200397283074164,0.0,21.484834627907194,JABAQUARA
39,0.26302660626563135,0.6588736780660273,1.1833547340324735,1.8537685980225906,1.0710936436018716,8.91161461317935,0.39171161148829853,129.75409770595337,0.4123533051350973,2.0,2.0,2115.484848690088,2337.875639333336,134.7800986562526,0.31903781819346083,11528.307382635152,0.02241858376330739,0.17156180535237397,0.7394648025743654,0.06614732332317008,0.0004074849867832605,0.0,20.749453007878586,JACANA
40,0.2267982746255221,0.6080685836634668,1.3331124651738597,2.0898087732103736,0.8865571402115417,9.215063141833198,0.2757769588382627,50.11127952642501,0.42689726438568903,1.0,2.0,1429.1394561684856,5542.079857191298,89.84036654714707,0.41604350917446203,5428.141092480749,0.10770645461921971,0.14409480094001775,0.6724757193778361,0.06622170592940246,0.008545880738511851,0.0009554383950121687,18.580496015152804,JAGUARA
41,0.2045290353634377,0.5874807255967722,1.40035007719994,2.181504054171942,1.074974777886549,9.178831590104858,0.2607982726955802,60.34035277919107,0.4948750879821749,1.0,2.0,948.6566681425284,13788.624587784694,80.92374772973005,0.4819414440198309,8421.378769913596,0.1678501988615293,0.1646508030231692,0.650813693294598,0.0,0.0073262062902752344,0.009359098530428187,16.360671525219626,JAGUARE
42,0.28393760737417706,0.5500012082661557,1.331971211853285,2.2033954265377473,1.4366350374593786,9.110372153534817,0.16542674263420043,148.56978639279194,0.17753138482738892,1.0,2.0,720.2536365850589,705.4468058284738,48.877784198541555,0.40443176772502215,7520.503202564458,0.023421432282107368,0.10187138150889241,0.8586509747205595,0.0020289503830491253,0.014027261105391655,0.0,10.464478751213132,JARAGUA
43,0.31890896975737937,0.5437120809574525,1.3481979169013212,2.2219543260455485,1.2040342955631047,9.135949956802131,0.1898643981229106,169.91228203969683,0.0910453236318267,1.0,2.0,751.8432596103313,415.825041685668,60.334459092357974,0.47486134067862446,8555.552721198474,0.05128493690246419,0.13681628900957038,0.8026905754843713,0.0,0.009208198603594061,0.0,11.117155132149941,JARDIM ANGELA
44,0.19985707759472715,0.6764990008658182,1.3001415930023796,2.090967564718132,0.7273516575895496,8.819071938140187,0.3811942329221522,100.60346873665348,0.2879370413346287,1.0,2.0,2028.3253234092567,796.132909146087,107.33996195616031,0.3890218174507995,14061.59380176749,0.004483924771622525,0.2405387287520412,0.7549773464763364,0.0,0.0,0.0,18.274284078416294,JARDIM HELENA
45,0.13223234100183323,0.7456392460270838,0.619526004616995,1.5989292009747191,0.6785559632414255,9.675900271690118,0.42214168236470656,393.7704218868026,2.436295489378295,2.0,15.0,1221.7743518201228,30366.30041257645,80.01829904087865,0.5864818115927249,13109.010691461304,0.117792981405879,0.4897271545984901,0.3904022830812041,0.0,0.0020775809144269065,0.0,17.369478118496197,JARDIM PAULISTA
46,0.30156681836919214,0.5716454488971385,1.419342940875418,2.255575988809252,1.0865353227463697,9.093608824585939,0.23149271716113445,194.35782373251902,0.251082464312693,1.0,2.0,1158.1401960344924,1691.2378673600429,82.35134656547059,0.4457535418727547,9991.325151271516,0.06754085573089613,0.13159122205606702,0.7875812314638347,0.0,0.013286690749202116,0.0,13.479829574656055,JARDIM SAO LUIS
47,0.22131509311952696,0.6256255611330173,1.1302216544354464,2.188669176476729,1.3082268931391177,8.968126450980593,0.19269929326552415,198.26773895913254,0.23300792173628254,1.0,2.0,669.3080928111276,1797.4391942473997,57.94399736717527,0.36305615237943434,8837.605031134548,0.059975489927066805,0.2470673647990274,0.6861988767116461,0.0,0.0067582685622595146,0.0,11.642897495531544,JOSE BONIFACIO
48,0.26542646450435825,0.6830475686452843,1.3158267095128935,1.7598107539881205,0.7841392788990706,9.54228207953663,0.4192196719911072,323.4454816711464,0.8851648120550906,2.0,2.0,1536.8289481681118,11820.492512305065,76.05367912083682,0.5618641322981752,7344.192201386755,0.1102492483131588,0.30683176734201956,0.5642420923464736,0.0,0.01682613616714403,0.0018507558312038487,17.796198789416156,LAPA
49,0.26212112742473703,0.6676797652019973,1.0414303357522579,1.6955682050532592,0.9389539441056822,9.397227074036753,0.4492908275879926,192.83328483255127,1.7685809571524511,2.0,4.0,1849.502748083363,12423.423153196525,91.21510887318719,0.6166397389197917,18039.704846898443,0.08297993999140393,0.4431621197302538,0.4413122563804708,0.0,0.0,0.03254568389787148,18.617030640984034,LIBERDADE
50,0.24999733843033567,0.6349638292217181,1.4031448266739046,2.007082778944326,1.0178157165114676,9.037541546270084,0.3509559419661072,237.5455059247111,0.6553454344809936,2.0,2.0,2306.540145413573,3972.84603381471,138.93140682487072,0.376776682793944,12886.945109849354,0.08034739617975084,0.1205376161844371,0.7968929019293769,0.0,0.0022220857064353303,0.0,21.947265724984756,LIMAO
51,0.31892550866999414,0.5407949499447153,1.2163216072909637,2.078348962330782,1.194990935455932,9.13037323505435,0.21550151389651392,156.82669628434584,0.3928370623240067,2.0,2.0,1326.761140482655,1416.4636000102626,70.12351934393735,0.347552706434936,7864.318204112513,0.06573215050592038,0.19641639073742614,0.7350615219143568,0.0,0.0027899368422967456,0.0,11.732588089490937,MANDAQUI
52,0.3307483531571113,0.48709035938309886,0.8684415341185971,1.694301582581218,3.298372288007551,11.361065389823011,0.0045613867964774115,5.9885213130911685,0.00010147156771529568,1.0,1.0,5.260529291230533,1.092123335572721,1.6093856735728116,0.2936825131847055,54.77465604330166,0.0,0.008364827696456143,0.9916351723035439,0.0,0.0,0.0,1.4317130476289186,MARSILAC
53,0.22158552081050253,0.6674861518158361,1.3233889624720023,1.9269552355883137,0.997625012303903,9.520870740427625,0.4727881227156659,222.0389895716415,1.1111244717079802,2.0,2.0,1779.1028571489376,8829.599991930581,85.68380804232153,0.5671412987992945,10180.542589622872,0.15903388926326223,0.37053743537854233,0.4663572211803507,0.0,0.004071454177844768,0.0,16.925931451741445,MOOCA
54,0.256221392060248,0.6084792813586066,1.3120862808625362,2.1934966818385044,0.7761245170567399,9.67298406164809,0.20997950311039915,148.73876873603763,0.6976878631941553,2.0,2.0,692.9384901448251,5113.927600332196,87.21572253801214,0.4275887684956875,3811.422884465239,0.12198376858644887,0.11504256295241108,0.7518532456711867,0.0,0.0010850821751066738,0.010035340614846795,17.742012897198855,MORUMBI
55,0.23918957216679487,0.5825602005121487,1.2514969794616335,2.238260419005855,1.4984251807887201,9.243905503665154,0.03836678967314256,69.17595586436228,0.007142983055466251,1.0,2.0,78.94680148882335,68.80696835564949,12.9064051611567,0.48676693210800065,1006.5101965520633,0.01174449118620631,0.048049029712639316,0.9389518073526811,0.0,0.001254671748473265,0.0,4.246274642623996,PARELHEIROS
56,0.1270545578517196,0.739598068978059,0.7996102097025806,1.531200978124461,0.6070711993795008,9.285155402493803,0.4536033746229714,104.6875000628351,1.0113941794411174,2.0,4.0,1812.7226815902784,39126.27652100618,94.51949309828048,0.6930348804649673,6366.991068351182,0.15384501916092358,0.3155411958127359,0.5242856889113848,0.0,0.0,0.006328096114955634,19.60680361869609,PARI
57,0.22401102966299102,0.6302001850417346,1.2239825758713532,2.095071850393505,0.866013225566963,9.22420626096449,0.15468830076430884,168.18614723157975,0.15751618092007258,1.0,2.0,729.6984010298859,2056.130121727643,40.13664367046582,0.41920975472563815,4847.175834360259,0.05660333669774175,0.19509086246180588,0.7321366123021114,0.0,0.016169188538340956,0.0,9.290180249865406,PARQUE DO CARMO
58,0.2926241825982089,0.550339198989083,1.465799395791172,2.2728964052964002,1.1558557375144947,9.215393484656012,0.17584454546811917,160.60466293889644,0.13385883233944354,1.0,2.0,831.7517712592995,788.1931603066372,70.53782567542149,0.43580287650200555,8832.136875585971,0.04905577821258946,0.1209614367339711,0.8168916858146003,0.0,0.013091099238839173,0.0,11.853135283422313,PEDREIRA
59,0.26090308385479766,0.6642707132178303,1.198972255471627,1.87421314119609,1.021350979874768,9.247920326578676,0.44128689836769125,304.5496316213734,0.6651407467932494,2.0,2.0,2561.297194026888,2712.3130082293637,115.34851710952772,0.3814809928630022,11527.75509222105,0.11642441278259394,0.28169002581586133,0.6008032864479599,0.0,0.0010822749535848982,0.0,19.896800791430827,PENHA
60,0.26610753833505163,0.6880398578758647,0.7410894161124468,1.5169381464924245,0.7199796125126188,9.670311708506597,0.44826531771971684,148.93668722454188,1.706752976717193,2.0,3.0,2113.533155588007,6480.277511818039,89.47090482442884,0.4795629680977509,16240.609205890465,0.10624348664360024,0.33119559950084343,0.5489620511765481,0.0,0.013598862679008124,0.0,21.027357814213914,PERDIZES
61,0.2740325022503098,0.5510847876855246,1.7780935719474031,2.371763322577838,1.2144403911726123,8.93160634661756,0.09313329044870931,84.92046816484891,0.09730959371654024,1.0,2.0,422.2628780395331,222.1485984124939,34.554163797906504,0.41808427279137717,3714.4269599932286,0.01649288289178376,0.09671832234257566,0.8616416019841117,0.015487988616540648,0.009659204164988156,0.0,8.085625455240582,PERUS
62,0.19041180631305044,0.7046000818582421,0.9303192012645691,1.893932373904315,1.0127832067780762,9.451576872819626,0.39546299260766077,362.97333660312444,1.4892430951588203,2.0,3.0,1456.7305526595635,23142.605298429473,104.46433819616773,0.5798849772471368,7907.429988633682,0.11411097669107273,0.32769360260835384,0.552024423216487,0.0,0.0049027565010079845,0.0012682409830785805,20.427937893148727,PINHEIROS
63,0.2534875187387113,0.5272338218215196,1.407493403014899,2.2195274343256015,0.9660832732318223,9.184394783227503,0.23672909235731335,197.91545125636563,0.41605241230152257,2.0,2.0,1719.6019757311954,1279.333703661546,99.56079537911326,0.3526320222637927,10430.742895410374,0.055621704339539356,0.10197895439172362,0.8334483233552779,0.0012621224129318312,0.0076888955005272805,0.0,17.54865500938028,PIRITUBA
64,0.17333260727651512,0.6535430734110826,1.2068327278439166,2.1247346824074906,0.598521077921486,8.987209148004172,0.4606958291194504,255.9989984200439,0.5150286891841198,1.0,2.0,2997.789004106834,1743.9069851920585,159.05521548268013,0.3281968141528768,13705.36814584062,0.16243437706961497,0.17679932880804955,0.6604182496739699,0.0,0.00034804444836553816,0.0,24.17712029075817,PONTE RASA
65,0.2791813618034436,0.5519493123560104,1.898010389368873,2.367348750082723,1.0327042697794813,8.969581348430669,0.20460574240156087,75.2864512968952,0.32036654249277824,1.0,2.0,1103.8523369605591,1454.8110561156032,79.20310297070796,0.3826658609234785,9604.197274045588,0.0001033601630704156,0.21103696816047224,0.701218404458199,0.06838837639701724,0.019252890821240914,0.0,13.72098837453684,RAPOSO TAVARES
66,0.17667444910745356,0.775939574200709,0.7514040318271715,1.4258135633961628,0.8148161531335045,9.05854530559429,0.4485197191053664,821.2610121848771,3.1661657250890958,3.0,15.0,1211.6303774416797,55174.899235345576,164.80509610518715,0.6406241534924267,26049.714474237735,0.21507886316649966,0.2803749663406225,0.442298345091786,0.0,0.03248714280733152,0.029760682593760482,32.06462581092041,REPUBLICA
67,0.24731429435723357,0.570550281898395,1.496566681805441,2.332531384462829,1.1032268775565885,9.180273060905062,0.30225484536838565,76.7798342549046,0.5488490908681655,2.0,2.0,1985.8195322022113,1379.6256594211031,142.48775493091946,0.3647643095618051,13510.03721038674,0.06723600731264928,0.15799129671558085,0.7625708572339553,0.0010513746238288504,0.011150464113985618,0.0,22.97835864560313,RIO PEQUENO
68,0.2615925550738386,0.6162687959941924,1.3585926645390836,1.9922915273854862,0.9302262703104134,9.03668128803416,0.3239047743891843,155.36022292732721,0.6531791167258628,2.0,2.0,2025.3359780353,2272.9922245764856,127.17641570040408,0.38561782825908525,17908.682685837983,0.05548946911454699,0.22907629108983096,0.6788061368010608,0.031041189237718845,0.005586913756842337,0.0,20.37034379631743,SACOMA
69,0.12039412479244949,0.7426386878172,0.7540534197154345,1.5149883902343801,0.6322903204176011,9.568293901664683,0.48662151571714507,385.6508786659454,2.1176534859473146,2.0,11.0,1428.7747172387217,17560.10822803357,72.88852588408298,0.749148239858951,21535.655092982837,0.146036174625172,0.468289636552617,0.3435142126222014,0.0,0.0,0.04215997620000956,20.859929745077675,SANTA CECILIA
70,0.2367437965026053,0.6151937045359402,1.210910473620079,1.924147683853228,1.0793509053028316,9.31578314790013,0.3659722434454907,334.03808757663904,0.8679860905652005,2.0,3.0,1673.3846695511095,6378.471317294785,95.872986089324,0.4604001281538879,8827.78700444413,0.1419964488672485,0.20392404740201087,0.6495782049569766,0.0,0.0028692925161714115,0.001632006257592489,16.349955677728808,SANTANA
71,0.21747354708865752,0.6969018730927563,1.0946446217999293,1.6536733242531263,1.0603351309426792,9.194461438544757,0.2786838218529535,428.04806263331864,0.9711130066090798,2.0,2.0,1217.5617222382823,15109.467316769653,95.41433287362076,0.5248419604521777,5352.0002930798555,0.13256492881392404,0.2091909767463942,0.656285890153818,0.0,0.0019582042858638073,0.0,17.607900184960908,SANTO AMARO
72,0.2198776388721,0.6287401150984185,1.5012617337570295,2.25235366423743,0.8289556440219581,8.892407729718455,0.47301732838525734,207.21098660755737,0.6831548982428407,2.0,2.0,2842.4571493358,2314.017320205219,145.3587965361946,0.3443420088773197,14263.56906971228,0.07523834208542696,0.20222870816200172,0.7199188873755872,0.0,0.002614062376984152,0.0,21.117508647483447,SAO LUCAS
73,0.18080967390800162,0.647442672936953,1.086671922425743,2.2095421822221826,0.6246863533533773,9.074545679224345,0.3944394771708985,244.69645898020283,0.4144262056650762,1.0,2.0,2190.791180930294,2059.55436820291,128.77813761496378,0.41044889383181227,12169.978027748311,0.10194625372718998,0.1819220728090571,0.700446210010422,0.0,0.015685463453330925,0.0,21.21323024563036,SAO MATEUS
74,0.18107099306032837,0.6927695827499071,1.0644020751599679,2.057533042274273,0.7354281596738925,8.72155143141506,0.37293974268657637,257.328114341004,0.3884401793546474,1.0,2.0,2147.832535867893,1897.7473022446522,130.7900615665614,0.4098921721028609,9355.342196497908,0.06867968814591195,0.16037932674575198,0.7673533358433705,0.0,0.003587649264965516,0.0,19.10176247636487,SAO MIGUEL
75,0.23225708305401527,0.5970245251509458,1.3566810194253063,2.4087295913138576,0.9100571985045889,8.8980771885365,0.2858122271563675,136.8986065578368,0.26120001259468234,1.0,2.0,1271.4054422707986,699.5079929344116,124.37911371953064,0.3812387206628718,11324.591694864632,0.02226701187583212,0.14810642804615773,0.809715919631377,0.0,0.019910640446633154,0.0,18.65294874318901,SAO RAFAEL
76,0.20669289458163864,0.5906417046596789,1.4509302057818327,2.494437458270328,0.9045956847752326,8.897163968646058,0.4597581823299659,177.78847810419455,0.49435310534213367,2.0,2.0,3068.4552432111905,1844.3380175345262,178.79696405579875,0.3567430536645893,19546.248733445078,0.06464483256022878,0.14831231341373052,0.7781884990948931,0.0,0.008854354931147735,0.0,24.613236790399473,SAPOPEMBA
77,0.24154838789664512,0.7224940060962977,1.0899666550191858,1.602557138582043,0.7490069270442667,9.320172958300011,0.44996736002398685,241.1516585221533,1.2224019949306275,2.0,2.0,2435.4974833192628,6176.746001606525,84.35321087163562,0.40347945430402893,13816.347272301024,0.13417264729520767,0.3320483513212472,0.5158568602358808,0.0,0.001790238678668601,0.01613190246899564,21.06502224146761,SAUDE
78,0.23810279511649113,0.6752307417068479,1.1674353589027797,1.668182895959309,1.1833958235837123,8.945024219957432,0.40973962072155645,642.9406838783989,2.160983266724737,3.0,11.0,1137.8893653361147,120722.35885736396,138.5890893678601,0.6066325492860108,10932.099511127912,0.15368129838559408,0.22357509236284176,0.50907524580766,0.0,0.07087799424881498,0.04279036919508909,29.676075186173385,SE
79,0.18940505630635895,0.6814606746311992,1.2290551055368788,1.9100202649579747,0.901193990180829,9.116794550800888,0.24309135322694908,265.29968323855394,0.3094323982082639,2.0,2.0,897.1218455394958,3573.6133990468625,72.29461490512985,0.49528330896654005,3163.500009412648,0.08237589679750806,0.20421360458176283,0.7112262979581289,0.0,0.0021842006626003985,0.0,12.626560302824466,SOCORRO
80,0.2298888805164394,0.6834569264544008,1.100265057948266,1.9234838347537024,0.9674516296370292,9.218516524406924,0.4360393392008775,382.94263296904916,1.2607002455515481,2.0,2.0,2078.84819974302,12013.876568797768,107.95397499936912,0.5224129930597012,11598.027342070445,0.12950524913612918,0.36761747727251726,0.5025592064337838,0.0,0.00031806715756978166,0.0,19.790557303106763,TATUAPE
81,0.3163827061729376,0.545275645908395,1.3912137953773964,2.243853593563016,1.3376888334747576,8.998858612883478,0.10347101195083531,160.14525276471068,0.08674876398562031,2.0,2.0,474.01287937068133,484.1111574641233,33.48259185248381,0.32440931860951727,3436.6120674122176,0.034553961031382245,0.08367235546519336,0.8362754491197794,0.042091981237378576,0.003406253146266538,0.0,7.006066465750868,TREMEMBE
82,0.2598796496193184,0.6014760631631437,1.1278347484485791,1.9105030356773103,0.9956524916920504,9.191429552589941,0.3906319187714972,285.28034960289114,0.6683022884316085,2.0,2.0,2535.264727590486,2787.305039908102,130.08419694485093,0.3231361440849255,10543.759654334694,0.05361217664619864,0.16384934904465384,0.7815003996921348,0.0,0.0010380746170127193,0.0,19.406842790662473,TUCURUVI
83,0.23954977884999862,0.5608036775957548,1.0386928465206975,2.092630429916044,1.1366686744099574,9.66159109788878,0.20807634542490985,155.73859307691143,1.0531484510934863,2.0,14.0,647.1623556097603,2950.209315131711,78.29985321995152,0.5966255278957651,16383.949605905822,0.0427412832179735,0.18047753308422054,0.7682006448388328,0.0,0.001758443426667481,0.006822095432305804,16.250829598830677,VILA ANDRADE
84,0.2133016281636737,0.641368002086546,1.2367714564169516,2.2327606873597645,0.7006575841824727,8.962475243100393,0.4165655364398981,175.40980137893703,0.40106443361737226,1.0,2.0,2523.443737946998,992.6540192872404,144.76781952183046,0.40458567535452744,14850.952978455061,0.03121922291013785,0.18794718761054977,0.7684614309915271,0.0,0.012372158487785464,0.0,22.514376744490242,VILA CURUCA
85,0.22006199280544236,0.5943647472782231,1.3539654362445468,2.0742304674210605,0.9224558972925045,9.253522466487173,0.4582185219318899,265.4155334691661,0.8707132385153465,2.0,2.0,2628.535889147129,4278.3327459328375,144.27503505603894,0.40344634999612067,12310.001863779515,0.06107325062428997,0.2724108040306816,0.6549604815265458,0.0,0.01155546381848256,0.0,22.11031160963256,VILA FORMOSA
86,0.2559067900827994,0.665758558885366,1.1484844751701517,1.7184916421167877,1.1966235055571062,9.261911577846353,0.41844508478561887,138.86945184123996,0.6496851301034482,2.0,2.0,1755.1018229261065,5281.644220182007,96.81117209397722,0.45983150260051864,7303.887285961486,0.11592607676385208,0.20104050165230514,0.6803213610716661,0.0,0.0008555379218473537,0.001856522590329354,16.90277697336821,VILA GUILHERME
87,0.2225639946454937,0.610556580049685,1.5879704099468295,2.358059110004252,1.0251856778221917,8.841046705879004,0.3975153283270833,141.88943051417868,0.37788730275996585,1.0,2.0,2066.2690152723035,1357.775685751345,164.07398682842873,0.38459121390650947,16309.470672560796,0.09809882562064802,0.11338894190597228,0.7861487904457592,0.0,0.0023634420276203963,0.0,25.277756661774678,VILA JACUI
88,0.22995870384654238,0.6467645340855248,1.363371988764278,2.082687971288711,1.1946576366354513,9.707333446706695,0.351259243459371,133.2387534829754,0.8073508561520925,2.0,2.0,787.3233825886681,9015.304154811962,62.08182195557448,0.5181257357543433,6703.595822111458,0.10839396931733124,0.24697729883846914,0.6446287318441997,0.0,0.0,0.0,15.036785397680935,VILA LEOPOLDINA
89,0.2748479973424071,0.640623344044042,1.2657214053324457,1.91213748387763,0.885015197467693,9.329043793954018,0.4074787468681378,151.38159749789355,0.5352979011773904,2.0,2.0,1664.0713647026357,5186.668629712963,107.50927970292607,0.5567938271589064,9152.733847932881,0.06704316920164813,0.21415758469347337,0.6695358536652685,0.037329736267144066,0.006247569108074236,0.0056860870643918125,20.73851950791249,VILA MARIA
90,0.24553700138038248,0.6805644828141727,1.3019774508119881,1.7968249437470796,0.744665048674424,9.382957258913745,0.4081281261828743,327.25721541824123,1.876072018811188,2.0,4.0,1795.1965500810652,15254.052466236277,118.53206016539917,0.5485790435087755,14859.805332643766,0.11228420560433078,0.3720192854579126,0.5079087881784153,0.0,0.002589382917017054,0.005198337842324237,21.342536041689172,VILA MARIANA
91,0.212586374212535,0.6806360782721789,1.1074237569062388,1.9276187086586252,0.7408370246698119,9.18599857026034,0.43793067648961753,178.87925074790772,0.6164539644339727,2.0,2.0,2571.375995170231,5330.76809269611,123.52733333788856,0.36527890081170467,11702.273042954293,0.07579396088386837,0.3047333532391956,0.6136851831898126,0.0,0.005787502687123358,0.0,22.547662314553772,VILA MATILDE
92,0.22508289998587927,0.6666075866873081,1.307150447398843,2.042212287871573,0.8519638858483329,9.041909795386857,0.5094035269380598,203.06097258228843,0.6237929402233502,2.0,2.0,3365.5030276034313,1868.331121253541,183.32984148851676,0.3496564605995564,14658.472349868853,0.01685607165896609,0.2512924155749641,0.7302824711044109,0.0,0.0015690416616587172,0.0,23.733549622061634,VILA MEDEIROS
93,0.20960141273370225,0.6463061455416975,1.4145665293301912,2.126810887386565,0.7523839761921831,9.2438706302884,0.440617551964653,214.7957425644274,0.7637465614061881,2.0,2.0,2229.6532212450575,3286.14957530361,109.30393234358864,0.39449524999084284,11066.545226980856,0.1013171961460211,0.2506769943869137,0.6459513743549429,0.0,0.0020544351121223837,0.0,19.85565155398819,VILA PRUDENTE
94,0.23533742021724213,0.5698423227750361,1.589181963174513,2.3361363824236756,0.8064538711491203,9.313212406294259,0.2711149573422309,157.9642625325342,0.7134044575093088,2.0,2.0,1760.6596476954571,3331.63110870534,104.59265146050554,0.3779263326882144,12338.749539284618,0.0704753654736145,0.16256489339384803,0.7590906113790185,0.00031283961874151417,0.007556290134777527,0.0,18.825034281562072,VILA SONIA
95,0.2630355788069697,0.578936777236374,1.383597442213447,2.3152502867575957,0.901867207315938,9.20330846209964,0.28493351213898926,74.2639514304703,0.43202116623880277,2.0,2.0,1776.3952879089215,3328.314935563321,96.04646106296568,0.3608758710858557,9097.771804025837,0.06005925723291996,0.08439412251035096,0.8324580468893981,0.014438159127791882,0.005959830431009513,0.0026905838085294963,18.29187722216612,SAO DOMINGOS
96,0.22986232082864105,0.6044738794037248,1.39805390244529,2.3381292816431927,0.9425664443868413,8.889461268593553,0.41861873932020505,174.95747907528,0.3400928183328622,1.0,2.0,2411.43219170914,1033.4920732540097,133.94958364050865,0.3901344094136855,18468.899042722507,0.04144926744491665,0.18335752326464697,0.7693696349036894,0.0,0.0058235743867469944,0.0,21.817949906090607,LAJEADO
