unit_id,window,radius_m,population_weight,weighted_departures,expected_departures_per_resident,population_reached,reach_fraction,support_points,strict_cross_city_accepted
CHI:01,saturday_am,400,55462.221536983525,1837108.8664516646,33.12360766556451,50880.54168901184,0.917390978561569,902,False
CHI:01,saturday_am,800,55462.221536983525,3617614.2050289847,65.22663724561905,55462.221536983525,1.0,902,False
CHI:01,sunday_am,400,55462.221536983525,1491954.5070991484,26.900374088049784,50880.54168901184,0.917390978561569,902,False
CHI:01,sunday_am,800,55462.221536983525,2866441.2940695593,51.68277098597914,55462.221536983525,1.0,902,False
CHI:01,weekday_am,400,55462.221536983525,2430460.945846213,43.82191838863728,53158.003046756625,0.9584542698368043,902,False
CHI:01,weekday_am,800,55462.221536983525,4812895.14081431,86.77790047780465,55462.221536983525,1.0,902,False
CHI:02,saturday_am,400,77116.4204017025,1705823.4137347026,22.12010626075485,73276.93469671291,0.9502118266772555,1715,False
CHI:02,saturday_am,800,77116.4204017025,3859170.545325272,50.04343465662305,77116.42040170252,1.0000000000000002,1715,False
CHI:02,sunday_am,400,77116.4204017025,1419084.2078971346,18.4018423119884,73276.93469671291,0.9502118266772555,1715,False
CHI:02,sunday_am,800,77116.4204017025,3154468.7817101846,40.90528016314076,77116.42040170252,1.0000000000000002,1715,False
CHI:02,weekday_am,400,77116.4204017025,2647409.6130281663,34.330037613749504,75179.5196235382,0.9748834195353608,1715,False
CHI:02,weekday_am,800,77116.4204017025,5759627.0292155035,74.68742712918178,77116.42040170252,1.0000000000000002,1715,False
CHI:03,saturday_am,400,57181.796524658406,3587162.102577507,62.7325883514454,57177.21256776466,0.9999198353816714,702,False
CHI:03,saturday_am,800,57181.796524658406,6759063.229181139,118.2030583153581,57179.05338346043,0.9999520277192271,702,False
CHI:03,sunday_am,400,57181.796524658406,3165257.5064606755,55.354285783863524,57177.21256776466,0.9999198353816714,702,False
CHI:03,sunday_am,800,57181.796524658406,5994036.602089309,104.82420921323295,57179.05338346043,0.9999520277192271,702,False
CHI:03,weekday_am,400,57181.796524658406,5304150.918909382,92.7594311700592,57177.21256776466,0.9999198353816714,702,False
CHI:03,weekday_am,800,57181.796524658406,9962556.348800944,174.22601167322205,57179.05338346043,0.9999520277192271,702,False
CHI:04,saturday_am,400,40488.73556712133,1819405.1408334111,44.936081983030604,40187.63690276439,0.9925633967043059,1125,False
CHI:04,saturday_am,800,40488.73556712133,3803123.8996343743,93.93041907494592,40488.73556712133,1.0,1125,False
CHI:04,sunday_am,400,40488.73556712133,1666877.4799435185,41.16891912270774,40187.63690276439,0.9925633967043059,1125,False
CHI:04,sunday_am,800,40488.73556712133,3455925.6452018013,85.35523761843943,40488.73556712133,1.0,1125,False
CHI:04,weekday_am,400,40488.73556712133,2589931.2140772715,63.96671019236303,40187.63690276439,0.9925633967043059,1125,False
CHI:04,weekday_am,800,40488.73556712133,5502269.120819807,135.8962942099851,40488.73556712133,1.0,1125,False
CHI:05,saturday_am,400,35132.10322817057,1360233.3094219824,38.71767370680169,35132.10322817057,1.0,1047,False
CHI:05,saturday_am,800,35132.10322817057,2900559.395530063,82.56150725426136,35132.10322817057,1.0,1047,False
CHI:05,sunday_am,400,35132.10322817057,1252534.0095574176,35.652121406528174,35132.10322817057,1.0,1047,False
CHI:05,sunday_am,800,35132.10322817057,2655865.063167422,75.59652907537357,35132.10322817057,1.0,1047,False
CHI:05,weekday_am,400,35132.10322817057,2238010.2918976415,63.70271308160964,35132.10322817057,1.0,1047,False
CHI:05,weekday_am,800,35132.10322817057,4976582.904318513,141.65342940037974,35132.10322817057,1.0,1047,False
CHI:06,saturday_am,400,103021.23274674773,6433302.4607901005,62.446374298439885,103021.20989865245,0.9999997782195508,1452,False
CHI:06,saturday_am,800,103021.23274674773,11484256.100093843,111.47465230128873,103021.23274674773,1.0,1452,False
CHI:06,sunday_am,400,103021.23274674773,5514429.775893932,53.527118913921335,103021.20989865245,0.9999997782195508,1452,False
CHI:06,sunday_am,800,103021.23274674773,9863412.707607752,95.7415519561343,103021.23274674773,1.0,1452,False
CHI:06,weekday_am,400,103021.23274674773,11941480.521309264,115.91280945612878,103021.20989865245,0.9999997782195508,1452,False
CHI:06,weekday_am,800,103021.23274674773,22066693.968114838,214.19559230435883,103021.23274674773,1.0,1452,False
CHI:07,saturday_am,400,70489.86532529842,3533466.0402185945,50.1272916881351,70137.96612945515,0.9950078043954358,1090,False
CHI:07,saturday_am,800,70489.86532529842,6761758.5554007795,95.92525853463394,70489.86532529842,1.0,1090,False
CHI:07,sunday_am,400,70489.86532529842,3073190.9503940204,43.597628342908315,70137.96612945515,0.9950078043954358,1090,False
CHI:07,sunday_am,800,70489.86532529842,5929797.883114806,84.122701267052,70489.86532529842,1.0,1090,False
CHI:07,weekday_am,400,70489.86532529842,6847455.28557906,97.14098975759494,70138.75885738007,0.9950190503798234,1090,False
CHI:07,weekday_am,800,70489.86532529842,13063289.33312907,185.32152491488344,70489.86532529842,1.0,1090,False
CHI:08,saturday_am,400,105397.24795217079,8449053.16883263,80.16388789076169,102550.72926826283,0.9729924761868574,802,False
CHI:08,saturday_am,800,105397.24795217079,17644467.63980642,167.40918745633158,105397.24795217077,0.9999999999999999,802,False
CHI:08,sunday_am,400,105397.24795217079,7216338.598659797,68.46799834787495,102550.72926826283,0.9729924761868574,802,False
CHI:08,sunday_am,800,105397.24795217079,15278347.637418125,144.95964490791476,105397.24795217077,0.9999999999999999,802,False
CHI:08,weekday_am,400,105397.24795217079,18600968.116077125,176.48438149464997,103159.55378018314,0.9787689506560635,802,False
CHI:08,weekday_am,800,105397.24795217079,39425327.55659508,374.0641081490692,105397.24795217077,0.9999999999999999,802,False
CHI:09,saturday_am,400,11522.398556166338,48089.58498003387,4.173574169095045,5341.620642009842,0.4635858251189563,655,False
CHI:09,saturday_am,800,11522.398556166338,82911.19805497091,7.195654416119817,7586.017267645507,0.6583713651864409,655,False
CHI:09,sunday_am,400,11522.398556166338,48089.58498003387,4.173574169095045,5341.620642009842,0.4635858251189563,655,False
CHI:09,sunday_am,800,11522.398556166338,82911.19805497091,7.195654416119817,7586.017267645507,0.6583713651864409,655,False
CHI:09,weekday_am,400,11522.398556166338,81677.76028502158,7.088607453290256,5341.620642009842,0.4635858251189563,655,False
CHI:09,weekday_am,800,11522.398556166338,139441.7924170909,12.101802566312646,7586.017267645507,0.6583713651864409,655,False
CHI:10,saturday_am,400,38253.51884120348,219980.8374227649,5.750603972825109,22438.488304389946,0.5865731829151647,2080,False
CHI:10,saturday_am,800,38253.51884120348,470300.0360102721,12.29429475396926,33066.99700102369,0.8644171308341625,2080,False
CHI:10,sunday_am,400,38253.51884120348,208877.25654360474,5.460340979628251,22436.29230726127,0.5865157765066773,2080,False
CHI:10,sunday_am,800,38253.51884120348,439226.4185480858,11.481987327006058,33034.43490665714,0.8635659125579637,2080,False
CHI:10,weekday_am,400,38253.51884120348,457125.48507391254,11.949893733214822,26271.68537947764,0.6867782670800989,2080,False
CHI:10,weekday_am,800,38253.51884120348,945713.950369721,24.72227337556924,35693.11620132884,0.9330675264018644,2080,False
CHI:11,saturday_am,400,26211.186549450453,732371.4313416479,27.941178090505133,23315.685167992644,0.8895318464124046,1170,False
CHI:11,saturday_am,800,26211.186549450453,1659207.1826808192,63.30149074138753,25994.566177843193,0.9917355755261754,1170,False
CHI:11,sunday_am,400,26211.186549450453,623800.3173597825,23.799011013214173,22891.090580164615,0.8733328625538531,1170,False
CHI:11,sunday_am,800,26211.186549450453,1419670.7366617816,54.162780230624335,25498.961062415252,0.9728274229138195,1170,False
CHI:11,weekday_am,400,26211.186549450453,1032613.6482716475,39.39591389056355,23534.637464403157,0.8978852376637863,1170,False
CHI:11,weekday_am,800,26211.186549450453,2401782.2363289976,91.63195385290003,25997.465435959853,0.9918461870054074,1170,False
CHI:12,saturday_am,400,19546.204945207508,153852.88846879857,7.871240933986084,13485.4924375993,0.689928938911785,1182,False
CHI:12,saturday_am,800,19546.204945207508,372649.5065138516,19.06505674930113,19524.24305961671,0.9988764117816036,1182,False
CHI:12,sunday_am,400,19546.204945207508,107834.71774532148,5.5169132856023415,8593.600473734572,0.43965570287554046,1182,False
CHI:12,sunday_am,800,19546.204945207508,281370.8453240262,14.395165000713599,14696.789109432644,0.7518998777834937,1182,False
CHI:12,weekday_am,400,19546.204945207508,292984.8067236629,14.98934486489661,15218.577770480813,0.7785950169427761,1182,False
CHI:12,weekday_am,800,19546.204945207508,658300.4865386931,33.67919697885396,19546.20470646652,0.9999999877858138,1182,False
CHI:13,saturday_am,400,17538.56495931959,503523.9002505991,28.709526772487624,15276.534766890803,0.8710253548294558,728,False
CHI:13,saturday_am,800,17538.56495931959,954012.2448376177,54.39511425538141,17538.4881352652,0.9999956197069392,728,False
CHI:13,sunday_am,400,17538.56495931959,481247.8107901283,27.43940635430405,15276.534766890803,0.8710253548294558,728,False
CHI:13,sunday_am,800,17538.56495931959,890020.6190200673,50.74649043889596,17538.4881352652,0.9999956197069392,728,False
CHI:13,weekday_am,400,17538.56495931959,690134.9739596323,39.34956911015177,15284.016734702833,0.8714519557417529,728,False
CHI:13,weekday_am,800,17538.56495931959,1315297.622753748,74.99459766546231,17538.5257902633,0.9999977666897845,728,False
CHI:14,saturday_am,400,48430.27362838281,1898409.1357588004,39.19881085797186,48351.69686564573,0.9983775280036611,1131,False
CHI:14,saturday_am,800,48430.27362838281,3650403.1860003197,75.37440762797966,48430.27362838281,1.0,1131,False
CHI:14,sunday_am,400,48430.27362838281,1834668.2226610514,37.88267307219662,48351.69686564573,0.9983775280036611,1131,False
CHI:14,sunday_am,800,48430.27362838281,3520886.5659812368,72.70011714156004,48430.27362838281,1.0,1131,False
CHI:14,weekday_am,400,48430.27362838281,2381410.7294308254,49.17194455071564,48396.78277864034,0.9993084728366506,1131,False
CHI:14,weekday_am,800,48430.27362838281,4700655.018503439,97.06026140947912,48430.27362838281,1.0,1131,False
CHI:15,saturday_am,400,63027.32047337841,2102055.690296777,33.35150018291904,62800.73895671905,0.9964050269794499,2058,False
CHI:15,saturday_am,800,63027.32047337841,4431838.470454584,70.31614920590685,63027.320473378415,1.0000000000000002,2058,False
CHI:15,sunday_am,400,63027.32047337841,1937907.6702526808,30.74710547263734,62800.73895671905,0.9964050269794499,2058,False
CHI:15,sunday_am,800,63027.32047337841,4078687.470888083,64.71300763310803,63027.320473378415,1.0000000000000002,2058,False
CHI:15,weekday_am,400,63027.32047337841,3105846.607186181,49.277782775138505,63027.320473378415,1.0000000000000002,2058,False
CHI:15,weekday_am,800,63027.32047337841,6581031.015006519,104.41552910037205,63027.320473378415,1.0000000000000002,2058,False
CHI:16,saturday_am,400,51933.293510717194,1686845.5834734568,32.4810053328382,51931.794722987615,0.999971140137121,1557,False
CHI:16,saturday_am,800,51933.293510717194,3500784.8780087605,67.40925986691606,51933.293510717194,1.0,1557,False
CHI:16,sunday_am,400,51933.293510717194,1538592.7413553959,29.626327108214017,51931.794722987615,0.999971140137121,1557,False
CHI:16,sunday_am,800,51933.293510717194,3198626.2226398876,61.59105279891028,51933.293510717194,1.0,1557,False
CHI:16,weekday_am,400,51933.293510717194,2591713.7568290276,49.90466773100361,51931.794722987615,0.999971140137121,1557,False
CHI:16,weekday_am,800,51933.293510717194,5364439.366488797,103.29480385028471,51933.293510717194,1.0,1557,False
CHI:17,saturday_am,400,43127.03106586219,929982.5388552663,21.5637969011831,43076.888908374654,0.9988373380627348,1804,False
CHI:17,saturday_am,800,43127.03106586219,1868541.2379569074,43.32645192068363,43127.03106586218,0.9999999999999998,1804,False
CHI:17,sunday_am,400,43127.03106586219,845500.0693840889,19.60487537602273,43076.888908374654,0.9988373380627348,1804,False
CHI:17,sunday_am,800,43127.03106586219,1695021.1817985417,39.30298793835265,43127.03106586218,0.9999999999999998,1804,False
CHI:17,weekday_am,400,43127.03106586219,1385406.4942993582,32.12385504078894,43076.888908374654,0.9988373380627348,1804,False
CHI:17,weekday_am,800,43127.03106586219,2799388.67456808,64.91030347748597,43127.03106586218,0.9999999999999998,1804,False
CHI:18,saturday_am,400,14394.445688369975,417405.0757697082,28.99764845456686,14022.669027199941,0.9741722141151701,490,False
CHI:18,saturday_am,800,14394.445688369975,842126.1097679466,58.50354560358961,14394.445688369975,1.0,490,False
CHI:18,sunday_am,400,14394.445688369975,361011.7350095986,25.07993310928804,14022.669027199941,0.9741722141151701,490,False
CHI:18,sunday_am,800,14394.445688369975,734978.4713456128,51.05986623294847,14394.445688369975,1.0,490,False
CHI:18,weekday_am,400,14394.445688369975,506801.6531771345,35.20813959419126,14024.620559447429,0.9743077894815118,490,False
CHI:18,weekday_am,800,14394.445688369975,1079286.247018878,74.97935456388501,14394.445688369975,1.0,490,False
CHI:19,saturday_am,400,78136.42700019584,2870400.172190597,36.735749027574585,77244.26349566439,0.9885819772059808,2012,False
CHI:19,saturday_am,800,78136.42700019584,5803796.995970268,74.27773727042474,78136.42700019584,1.0,2012,False
CHI:19,sunday_am,400,78136.42700019584,2691694.7604611055,34.448654280728235,77244.26349566439,0.9885819772059808,2012,False
CHI:19,sunday_am,800,78136.42700019584,5459691.952352417,69.87383685126443,78136.42700019584,1.0,2012,False
CHI:19,weekday_am,400,78136.42700019584,3828006.794606989,48.99132122585276,78026.86190528503,0.998597771882882,2012,False
CHI:19,weekday_am,800,78136.42700019584,7700136.446406672,98.54733242905223,78136.42700019584,1.0,2012,False
CHI:20,saturday_am,400,24111.856178050926,635694.7239424136,26.3644042685145,24011.159374608094,0.9958237639317666,592,False
CHI:20,saturday_am,800,24111.856178050926,1724438.7175310364,71.51828979059674,24111.856178050926,1.0,592,False
CHI:20,sunday_am,400,24111.856178050926,609438.958983102,25.275489140395404,24011.159374608094,0.9958237639317666,592,False
CHI:20,sunday_am,800,24111.856178050926,1637363.8570423967,67.90700164066558,24111.856178050926,1.0,592,False
CHI:20,weekday_am,400,24111.856178050926,901428.7002353207,37.38528853103782,24011.159374608094,0.9958237639317666,592,False
CHI:20,weekday_am,800,24111.856178050926,2253409.3291200865,93.4564851614937,24111.856178050926,1.0,592,False
CHI:21,saturday_am,400,36256.68496346094,1612129.5034408772,44.46433823350266,36192.68496346093,0.9982348082825414,1007,False
CHI:21,saturday_am,800,36256.68496346094,3322962.3202409577,91.65102445493294,36256.68496346093,0.9999999999999998,1007,False
CHI:21,sunday_am,400,36256.68496346094,1522414.8628457165,41.98990791298179,36192.68496346093,0.9982348082825414,1007,False
CHI:21,sunday_am,800,36256.68496346094,3147726.236021888,86.81781688519315,36256.68496346093,0.9999999999999998,1007,False
CHI:21,weekday_am,400,36256.68496346094,2572021.753442619,70.93924212968373,36192.68496346093,0.9982348082825414,1007,False
CHI:21,weekday_am,800,36256.68496346094,5364568.446902532,147.96080922204777,36256.68496346093,0.9999999999999998,1007,False
CHI:22,saturday_am,400,71683.36269248703,2978657.006117124,41.552975393958604,71680.56925917242,0.9999610309392628,1989,False
CHI:22,saturday_am,800,71683.36269248703,6396056.636291373,89.22651499664829,71683.36269248702,0.9999999999999998,1989,False
CHI:22,sunday_am,400,71683.36269248703,2836827.2111650845,39.5744159399264,71680.56925917242,0.9999610309392628,1989,False
CHI:22,sunday_am,800,71683.36269248703,6135625.800713593,85.59344274953571,71683.36269248702,0.9999999999999998,1989,False
CHI:22,weekday_am,400,71683.36269248703,4562074.499356183,63.64202693624924,71680.56925917242,0.9999610309392628,1989,False
CHI:22,weekday_am,800,71683.36269248703,9623431.246354286,134.24916026383477,71683.36269248702,0.9999999999999998,1989,False
CHI:23,saturday_am,400,54077.221787263225,2429747.286703365,44.931067210920254,53323.52944623688,0.9860626652753847,1468,False
CHI:23,saturday_am,800,54077.221787263225,4720314.195135488,87.28840053405371,54077.22178726323,1.0000000000000002,1468,False
CHI:23,sunday_am,400,54077.221787263225,2189370.2673870777,40.485997524058064,53323.52944623688,0.9860626652753847,1468,False
CHI:23,sunday_am,800,54077.221787263225,4237847.826704315,78.36659663056975,54077.22178726323,1.0000000000000002,1468,False
CHI:23,weekday_am,400,54077.221787263225,3224025.4410299584,59.61891780818724,53323.52944623688,0.9860626652753847,1468,False
CHI:23,weekday_am,800,54077.221787263225,6453580.710898216,119.34009362178854,54077.22178726323,1.0000000000000002,1468,False
CHI:24,saturday_am,400,87901.14009687133,4365054.590111734,49.65868002737202,87887.96782266375,0.9998501467194503,2112,False
CHI:24,saturday_am,800,87901.14009687133,8207104.258722504,93.3674381205736,87901.14009687133,1.0,2112,False
CHI:24,sunday_am,400,87901.14009687133,3951751.102429223,44.95676731922022,87887.96782266375,0.9998501467194503,2112,False
CHI:24,sunday_am,800,87901.14009687133,7417706.701035753,84.3869225457267,87901.14009687133,1.0,2112,False
CHI:24,weekday_am,400,87901.14009687133,7246068.878195658,82.43429914799897,87887.96782266375,0.9998501467194503,2112,False
CHI:24,weekday_am,800,87901.14009687133,14064329.101392914,160.00166875985158,87901.14009687133,1.0,2112,False
CHI:25,saturday_am,400,96558.01191510964,3665846.7728999434,37.96522629445628,93415.98450688389,0.9674596924076263,3046,False
CHI:25,saturday_am,800,96558.01191510964,7143250.749858566,73.9788507259103,96558.01191510966,1.0000000000000002,3046,False
CHI:25,sunday_am,400,96558.01191510964,3559893.4964428497,36.8679245340364,93415.98450688389,0.9674596924076263,3046,False
CHI:25,sunday_am,800,96558.01191510964,6911003.64475398,71.57359091889639,96558.01191510966,1.0000000000000002,3046,False
CHI:25,weekday_am,400,96558.01191510964,5160358.42241978,53.443088979054195,94043.50844466606,0.9739586242449333,3046,False
CHI:25,weekday_am,800,96558.01191510964,10200049.667070188,105.63649214358004,96558.01191510966,1.0000000000000002,3046,False
CHI:26,saturday_am,400,17441.598690533137,562529.5152053374,32.252176258972426,15393.16799955251,0.8825548777192962,593,False
CHI:26,saturday_am,800,17441.598690533137,1131937.3826751234,64.89871729989468,17441.598690533134,0.9999999999999998,593,False
CHI:26,sunday_am,400,17441.598690533137,574071.6967832396,32.91393793476233,15393.16799955251,0.8825548777192962,593,False
CHI:26,sunday_am,800,17441.598690533137,1153909.106829948,66.15844839133129,17441.598690533134,0.9999999999999998,593,False
CHI:26,weekday_am,400,17441.598690533137,819313.2452023973,46.974664406600525,16519.967911700864,0.9471590422882215,593,False
CHI:26,weekday_am,800,17441.598690533137,1611007.6327029916,92.36582387240719,17441.598690533134,0.9999999999999998,593,False
CHI:27,saturday_am,400,20001.533442240558,761411.1096313344,38.06763675545677,19688.88194737974,0.9843686237475904,724,False
CHI:27,saturday_am,800,20001.533442240558,1647746.1614001445,82.38099174537915,20001.533442240558,1.0,724,False
CHI:27,sunday_am,400,20001.533442240558,748487.5419790475,37.421507912905426,19688.88194737974,0.9843686237475904,724,False
CHI:27,sunday_am,800,20001.533442240558,1629810.3908333075,81.48427197043635,20001.533442240558,1.0,724,False
CHI:27,weekday_am,400,20001.533442240558,1204489.9827437322,60.2198819516513,19968.99864951105,0.998373385079526,724,False
CHI:27,weekday_am,800,20001.533442240558,2540482.3678623457,127.01437993234995,20001.533442240558,1.0,724,False
CHI:28,saturday_am,400,67783.01048215663,3572441.7240851554,52.7040876271728,67145.86144821034,0.9906001661859793,1201,False
CHI:28,saturday_am,800,67783.01048215663,7156212.901595514,105.57531822047552,67783.01048215663,1.0,1201,False
CHI:28,sunday_am,400,67783.01048215663,3471863.793393571,51.22026550159664,67145.86144821034,0.9906001661859793,1201,False
CHI:28,sunday_am,800,67783.01048215663,6901693.536972697,101.82040437388828,67783.01048215663,1.0,1201,False
CHI:28,weekday_am,400,67783.01048215663,7163134.801998498,105.67743673592277,67145.86144821034,0.9906001661859793,1201,False
CHI:28,weekday_am,800,67783.01048215663,15477309.78331645,228.33612247704363,67783.01048215663,1.0,1201,False
CHI:29,saturday_am,400,34778.06522215156,1379930.5823767346,39.67818720110401,34763.384833724944,0.9995778836938499,1186,False
CHI:29,saturday_am,800,34778.06522215156,2690336.4845323935,77.35727871425145,34778.06522215156,1.0,1186,False
CHI:29,sunday_am,400,34778.06522215156,1275811.0815236473,36.68436048337247,34763.384833724944,0.9995778836938499,1186,False
CHI:29,sunday_am,800,34778.06522215156,2493780.215513533,71.705547723372,34778.06522215156,1.0,1186,False
CHI:29,weekday_am,400,34778.06522215156,1828247.0422716767,52.568969279728414,34763.53136837619,0.999582097115451,1186,False
CHI:29,weekday_am,800,34778.06522215156,3664471.6232431876,105.36732276035691,34778.06522215156,1.0,1186,False
CHI:30,saturday_am,400,71410.30039457153,3096007.488280634,43.3551948552787,71336.97832374457,0.9989732283659104,1369,False
CHI:30,saturday_am,800,71410.30039457153,6019975.695657731,84.30122352650623,71406.07193226373,0.9999407863811742,1369,False
CHI:30,sunday_am,400,71410.30039457153,3026382.9928085357,42.38020252101607,71336.97832374457,0.9989732283659104,1369,False
CHI:30,sunday_am,800,71410.30039457153,5834155.045738493,81.69906881083494,71406.07193226373,0.9999407863811742,1369,False
CHI:30,weekday_am,400,71410.30039457153,3593580.7475799406,50.3230028122542,71337.2911119519,0.9989776085212325,1369,False
CHI:30,weekday_am,800,71410.30039457153,7344019.150968111,102.84257467605316,71406.07193226373,0.9999407863811742,1369,False
CHI:31,saturday_am,400,33726.46074317592,1487474.972733513,44.1040933426281,33502.43228037866,0.9933574867370989,794,False
CHI:31,saturday_am,800,33726.46074317592,2765899.513365672,82.00977666846686,33726.46074317592,1.0,794,False
CHI:31,sunday_am,400,33726.46074317592,1413739.724795544,41.917820418841146,33502.43228037866,0.9933574867370989,794,False
CHI:31,sunday_am,800,33726.46074317592,2592703.131516609,76.87445033915117,33726.46074317592,1.0,794,False
CHI:31,weekday_am,400,33726.46074317592,2145658.9232819583,63.61945119652386,33502.43228037866,0.9933574867370989,794,False
CHI:31,weekday_am,800,33726.46074317592,4056064.074731419,120.26355524281055,33726.46074317592,1.0,794,False
CHI:32,saturday_am,400,42383.69480735577,6012242.017333498,141.85271115839723,42377.35168777712,0.999850340570649,303,False
CHI:32,saturday_am,800,42383.69480735577,12010345.49180065,283.37183783505895,42383.69480735577,1.0,303,False
CHI:32,sunday_am,400,42383.69480735577,5408668.949820235,127.61202095296208,42377.35168777712,0.999850340570649,303,False
CHI:32,sunday_am,800,42383.69480735577,10838241.49488907,255.7172408906661,42383.69480735577,1.0,303,False
CHI:32,weekday_am,400,42383.69480735577,11425856.35904321,269.5814135831365,42383.69480735577,1.0,303,False
CHI:32,weekday_am,800,42383.69480735577,25122386.60402501,592.7370588669153,42383.69480735577,1.0,303,False
CHI:33,saturday_am,400,28798.43326013373,2821820.7616850035,97.98521802195776,28556.192357967146,0.9915883999668161,281,False
CHI:33,saturday_am,800,28798.43326013373,4239635.533267446,147.21757586501977,28794.537619824936,0.9998647273525749,281,False
CHI:33,sunday_am,400,28798.43326013373,2581754.6023252495,89.64913399991194,28556.192357967146,0.9915883999668161,281,False
CHI:33,sunday_am,800,28798.43326013373,3850243.266281518,133.69627547105105,28794.537619824936,0.9998647273525749,281,False
CHI:33,weekday_am,400,28798.43326013373,4467808.872132814,155.14069226528702,28560.773084432432,0.9917474616221468,281,False
CHI:33,weekday_am,800,28798.43326013373,6935353.721597639,240.82399410242894,28794.537619824936,0.9998647273525749,281,False
CHI:34,saturday_am,400,13881.200708026794,256355.4630284183,18.467816179632138,9248.083300256525,0.6662307890202054,328,False
CHI:34,saturday_am,800,13881.200708026794,815316.1837860893,58.73527808834529,13881.200708026794,1.0,328,False
CHI:34,sunday_am,400,13881.200708026794,227897.59122584973,16.41771457811053,9248.083300256525,0.6662307890202054,328,False
CHI:34,sunday_am,800,13881.200708026794,747205.2246392862,53.82857292793233,13881.200708026794,1.0,328,False
CHI:34,weekday_am,400,13881.200708026794,489697.6649146117,35.27775984331416,13881.200708026794,1.0,328,False
CHI:34,weekday_am,800,13881.200708026794,1302670.6648104067,93.84423525099946,13881.200708026794,1.0,328,False
CHI:35,saturday_am,400,20291.337787900284,920865.4271134883,45.38219395581695,20290.925453982225,0.9999796793132928,339,False
CHI:35,saturday_am,800,20291.337787900284,1559746.9431127394,76.86762496471849,20291.337787900284,1.0,339,False
CHI:35,sunday_am,400,20291.337787900284,862815.6427868145,42.521377930109225,20290.925453982225,0.9999796793132928,339,False
CHI:35,sunday_am,800,20291.337787900284,1456680.0859193846,71.78827247102467,20291.337787900284,1.0,339,False
CHI:35,weekday_am,400,20291.337787900284,1559497.8268527808,76.85534798906697,20291.304437017396,0.9999983563980238,339,False
CHI:35,weekday_am,800,20291.337787900284,2802898.1524722595,138.13274323113512,20291.337787900284,1.0,339,False
CHI:36,saturday_am,400,6796.677327622323,206056.2702911034,30.317206534680075,6796.677327622323,1.0,192,False
CHI:36,saturday_am,800,6796.677327622323,378252.97484054347,55.652630926480576,6796.677327622323,1.0,192,False
CHI:36,sunday_am,400,6796.677327622323,206110.10844558603,30.32512778088428,6796.677327622323,1.0,192,False
CHI:36,sunday_am,800,6796.677327622323,370754.0646574675,54.54931090382779,6796.677327622323,1.0,192,False
CHI:36,weekday_am,400,6796.677327622323,299422.528293077,44.05425090230432,6796.677327622323,1.0,192,False
CHI:36,weekday_am,800,6796.677327622323,574322.2902916116,84.50044964728764,6796.677327622323,1.0,192,False
CHI:37,saturday_am,400,2538.4532086130685,62800.91082741796,24.73983393285804,2538.4532086130685,1.0,207,False
CHI:37,saturday_am,800,2538.4532086130685,176288.50543110556,69.44721487595356,2538.4532086130685,1.0,207,False
CHI:37,sunday_am,400,2538.4532086130685,58478.5611518433,23.037084533771715,2538.4532086130685,1.0,207,False
CHI:37,sunday_am,800,2538.4532086130685,163435.19803798484,64.38377413593561,2538.4532086130685,1.0,207,False
CHI:37,weekday_am,400,2538.4532086130685,104842.84948521067,41.30186411531041,2538.4532086130685,1.0,207,False
CHI:37,weekday_am,800,2538.4532086130685,248895.53846152726,98.0500793227211,2538.4532086130685,1.0,207,False
CHI:38,saturday_am,400,24590.143148545125,874272.0130557925,35.55375858426098,24590.14314854513,1.0000000000000002,759,False
CHI:38,saturday_am,800,24590.143148545125,1811984.6887802444,73.68743963116988,24590.14314854513,1.0000000000000002,759,False
CHI:38,sunday_am,400,24590.143148545125,821607.539332628,33.41206817583079,24590.14314854513,1.0000000000000002,759,False
CHI:38,sunday_am,800,24590.143148545125,1692641.1772321989,68.8341327257521,24590.14314854513,1.0000000000000002,759,False
CHI:38,weekday_am,400,24590.143148545125,1225607.8802262258,49.8414292597861,24590.14314854513,1.0000000000000002,759,False
CHI:38,weekday_am,800,24590.143148545125,2638639.1085857274,107.30474778638458,24590.14314854513,1.0000000000000002,759,False
CHI:39,saturday_am,400,19117.61966341557,820815.8434487882,42.93504410591148,19107.408929611738,0.9994658993125921,307,False
CHI:39,saturday_am,800,19117.61966341557,1442167.1644246047,75.43654439283608,19117.61966341557,1.0,307,False
CHI:39,sunday_am,400,19117.61966341557,761808.180631085,39.84848501243693,19107.408929611738,0.9994658993125921,307,False
CHI:39,sunday_am,800,19117.61966341557,1326581.6348874308,69.39052341469286,19117.61966341557,1.0,307,False
CHI:39,weekday_am,400,19117.61966341557,1217587.7895177328,63.68929871786127,19107.408929611738,0.9994658993125921,307,False
CHI:39,weekday_am,800,19117.61966341557,2185204.568755921,114.30317200721579,19117.61966341557,1.0,307,False
CHI:40,saturday_am,400,12709.007950723826,461277.0544888376,36.295284122673486,12709.007950723826,1.0,382,False
CHI:40,saturday_am,800,12709.007950723826,926973.853607259,72.93833296834663,12709.007950723826,1.0,382,False
CHI:40,sunday_am,400,12709.007950723826,355361.2007192998,27.96136426203594,12709.007950723826,1.0,382,False
CHI:40,sunday_am,800,12709.007950723826,744710.8868317235,58.59709032515865,12709.007950723826,1.0,382,False
CHI:40,weekday_am,400,12709.007950723826,580891.2847273188,45.70705179976183,12709.007950723826,1.0,382,False
CHI:40,weekday_am,800,12709.007950723826,1239293.9797212754,97.51303835250908,12709.007950723826,1.0,382,False
CHI:41,saturday_am,400,29456.711227003998,1573941.8852609273,53.43236972829607,29456.711227003998,1.0,422,False
CHI:41,saturday_am,800,29456.711227003998,2693226.0047262604,91.4299625634136,29456.711227003998,1.0,422,False
CHI:41,sunday_am,400,29456.711227003998,1282201.2552303763,43.528323489654795,29456.711227003998,1.0,422,False
CHI:41,sunday_am,800,29456.711227003998,2193796.186143995,74.47525860024948,29456.711227003998,1.0,422,False
CHI:41,weekday_am,400,29456.711227003998,2290589.2484158464,77.76120120008451,29456.711227003998,1.0,422,False
CHI:41,weekday_am,800,29456.711227003998,4095530.098183872,139.0355517498965,29456.711227003998,1.0,422,False
CHI:42,saturday_am,400,24424.129770466963,1189292.1806271232,48.693328761509655,24406.393177982958,0.9992738086207906,587,False
CHI:42,saturday_am,800,24424.129770466963,2258094.5712138023,92.45342996597704,24424.12977046696,0.9999999999999999,587,False
CHI:42,sunday_am,400,24424.129770466963,904922.4478681089,37.050345554678394,24406.393177982958,0.9992738086207906,587,False
CHI:42,sunday_am,800,24424.129770466963,1775104.7612889651,72.67832172409175,24424.12977046696,0.9999999999999999,587,False
CHI:42,weekday_am,400,24424.129770466963,1677656.6921422733,68.68849403882767,24406.393177982958,0.9992738086207906,587,False
CHI:42,weekday_am,800,24424.129770466963,3341470.7309989273,136.81022670618745,24424.12977046696,0.9999999999999999,587,False
CHI:43,saturday_am,400,53730.69823315294,2421089.6571660563,45.05970956603341,53398.35595819523,0.993814666738266,1266,False
CHI:43,saturday_am,800,53730.69823315294,4709119.883704958,87.64300555467813,53729.31298214958,0.9999742186301516,1266,False
CHI:43,sunday_am,400,53730.69823315294,2029760.301966372,37.77654802025201,53398.35595819523,0.993814666738266,1266,False
CHI:43,sunday_am,800,53730.69823315294,3990526.0308830338,74.26901495988372,53729.31298214958,0.9999742186301516,1266,False
CHI:43,weekday_am,400,53730.69823315294,3379014.0056724325,62.887960082147444,53398.35595819523,0.993814666738266,1266,False
CHI:43,weekday_am,800,53730.69823315294,6501272.192777164,120.99735172929032,53729.31298214958,0.9999742186301516,1266,False
CHI:44,saturday_am,400,31765.92712292217,1097420.6368928126,34.5470992439858,30904.29880555875,0.9728757069161166,1217,False
CHI:44,saturday_am,800,31765.92712292217,2100383.323938926,66.12063661202879,31765.92712292217,1.0,1217,False
CHI:44,sunday_am,400,31765.92712292217,975595.0850673033,30.711997836301702,30904.29880555875,0.9728757069161166,1217,False
CHI:44,sunday_am,800,31765.92712292217,1860143.209273968,58.55781265492156,31765.92712292217,1.0,1217,False
CHI:44,weekday_am,400,31765.92712292217,1610320.9223065032,50.69333931527224,31301.67267892348,0.985385144208063,1217,False
CHI:44,weekday_am,800,31765.92712292217,3151022.6928026965,99.19504885248354,31765.92712292217,1.0,1217,False
CHI:45,saturday_am,400,9407.324205063353,242603.9150834893,25.7888332319738,7646.340404578909,0.8128071530120521,478,False
CHI:45,saturday_am,800,9407.324205063353,578371.0427874316,61.48093019650923,9407.324205063353,1.0,478,False
CHI:45,sunday_am,400,9407.324205063353,206722.10739717554,21.97459159384668,7646.316976573616,0.8128046626115106,478,False
CHI:45,sunday_am,800,9407.324205063353,499599.5625191261,53.10750981136847,9407.324205063353,1.0,478,False
CHI:45,weekday_am,400,9407.324205063353,324866.3504113082,34.53334267319645,7646.340404578909,0.8128071530120521,478,False
CHI:45,weekday_am,800,9407.324205063353,773808.6403424087,82.25597667038176,9407.324205063353,1.0,478,False
CHI:46,saturday_am,400,27299.43409662907,880274.2053320311,32.245144797368795,23217.23803288732,0.8504659089528226,1091,False
CHI:46,saturday_am,800,27299.43409662907,1624207.6309446506,59.4960183128927,27299.43409662907,1.0,1091,False
CHI:46,sunday_am,400,27299.43409662907,770065.5697504071,28.208114755224713,23217.23803288732,0.8504659089528226,1091,False
CHI:46,sunday_am,800,27299.43409662907,1418644.3222577053,51.96607069715336,27299.43409662907,1.0,1091,False
CHI:46,weekday_am,400,27299.43409662907,1327831.830434246,48.6395368392712,23217.23803288732,0.8504659089528226,1091,False
CHI:46,weekday_am,800,27299.43409662907,2389785.0769445165,87.5397295228038,27299.43409662907,1.0,1091,False
CHI:47,saturday_am,400,2527.578140017849,59221.063071384764,23.42996330509749,1999.1773561439313,0.7909458166661522,171,False
CHI:47,saturday_am,800,2527.578140017849,143280.02310850637,56.686683920875566,2527.578140017849,1.0,171,False
CHI:47,sunday_am,400,2527.578140017849,56860.387246743005,22.495995809783935,1999.1773561439313,0.7909458166661522,171,False
CHI:47,sunday_am,800,2527.578140017849,134983.5713956019,53.40431192154902,2527.578140017849,1.0,171,False
CHI:47,weekday_am,400,2527.578140017849,72230.72877001291,28.57705074530469,1999.1773561439313,0.7909458166661522,171,False
CHI:47,weekday_am,800,2527.578140017849,205597.26215291515,81.34160479464477,2527.578140017849,1.0,171,False
CHI:48,saturday_am,400,13086.262815045815,426175.17984914774,32.56660712630321,12053.858210792658,0.9211077586592439,794,False
CHI:48,saturday_am,800,13086.262815045815,865581.2846090927,66.14426875287101,13086.262815045815,1.0,794,False
CHI:48,sunday_am,400,13086.262815045815,399235.72938512824,30.508001789946515,12053.858210792658,0.9211077586592439,794,False
CHI:48,sunday_am,800,13086.262815045815,805227.4350125606,61.53226833307653,13086.262815045815,1.0,794,False
CHI:48,weekday_am,400,13086.262815045815,525873.5413419034,40.185158190257724,12053.862381981013,0.921108077404818,794,False
CHI:48,weekday_am,800,13086.262815045815,1142758.9797588286,87.32508248611296,13086.262815045815,1.0,794,False
CHI:49,saturday_am,400,38824.46132996851,1440414.4432811416,37.100693581788065,33693.5778113357,0.8678440513307962,2114,False
CHI:49,saturday_am,800,38824.46132996851,3177696.7574696667,81.84780029431626,38824.461329968515,1.0000000000000002,2114,False
CHI:49,sunday_am,400,38824.46132996851,1339754.5694764035,34.508001491375495,33693.5778113357,0.8678440513307962,2114,False
CHI:49,sunday_am,800,38824.46132996851,2947185.632413636,75.91053504556187,38824.461329968515,1.0000000000000002,2114,False
CHI:49,weekday_am,400,38824.46132996851,2032060.3645665855,52.33969242473541,33693.5778113357,0.8678440513307962,2114,False
CHI:49,weekday_am,800,38824.46132996851,4559500.842418325,117.43886936813358,38824.461329968515,1.0000000000000002,2114,False
CHI:50,saturday_am,400,6820.7899187765615,194754.60453666883,28.553086498169375,5188.495746523704,0.760688396550756,372,False
CHI:50,saturday_am,800,6820.7899187765615,404351.92404317646,59.2822721207201,6820.7899187765615,1.0,372,False
CHI:50,sunday_am,400,6820.7899187765615,184741.8692181312,27.085113515894385,5130.099072315045,0.752126825984288,372,False
CHI:50,sunday_am,800,6820.7899187765615,378452.75925014436,55.48518041998676,6820.7899187765615,1.0,372,False
CHI:50,weekday_am,400,6820.7899187765615,230008.7789811602,33.72172163637268,5248.472022600974,0.7694815534712125,372,False
CHI:50,weekday_am,800,6820.7899187765615,518516.8487696273,76.0200585187695,6820.7899187765615,1.0,372,False
CHI:51,saturday_am,400,14108.127491839303,322678.1342319901,22.871790350536585,11034.67926583352,0.7821505208410127,869,False
CHI:51,saturday_am,800,14108.127491839303,663211.6095651546,47.009187431059324,14090.141532336294,0.9987251348902672,869,False
CHI:51,sunday_am,400,14108.127491839303,293462.970544805,20.80098657419672,11034.679107299966,0.7821505096039754,869,False
CHI:51,sunday_am,800,14108.127491839303,611377.4094935707,43.33512082643253,14090.141532336294,0.9987251348902672,869,False
CHI:51,weekday_am,400,14108.127491839303,530731.8764217185,37.61887442034492,12952.402552725507,0.9180809118869735,869,False
CHI:51,weekday_am,800,14108.127491839303,1032668.1111594436,73.19668125743686,14090.215131219118,0.9987303516621504,869,False
CHI:52,saturday_am,400,21717.522627206054,185827.97279052105,8.556591650915559,15494.662461894179,0.7134636269462729,771,False
CHI:52,saturday_am,800,21717.522627206054,258343.56417157827,11.895627719892193,21191.541003015445,0.9757807723643535,771,False
CHI:52,sunday_am,400,21717.522627206054,154906.29035618092,7.132779047372841,15494.662461894179,0.7134636269462729,771,False
CHI:52,sunday_am,800,21717.522627206054,215685.05531558674,9.931383934436102,21191.541003015445,0.9757807723643535,771,False
CHI:52,weekday_am,400,21717.522627206054,458124.22491588176,21.09468159788993,19924.155442420073,0.9174230313664143,771,False
CHI:52,weekday_am,800,21717.522627206054,681833.819254318,31.395561591365336,21717.522627206054,1.0,771,False
CHI:53,saturday_am,400,26092.446165274603,460037.94592852914,17.631077707876056,19731.73165971288,0.7562239099672095,1592,False
CHI:53,saturday_am,800,26092.446165274603,910212.6551769013,34.88414422363615,26049.354371752834,0.9983484954515641,1592,False
CHI:53,sunday_am,400,26092.446165274603,414746.11669055995,15.895256200337744,19731.73165971288,0.7562239099672095,1592,False
CHI:53,sunday_am,800,26092.446165274603,816325.2379068345,31.28588376636182,26049.354371752834,0.9983484954515641,1592,False
CHI:53,weekday_am,400,26092.446165274603,598295.7534129999,22.929845274884496,19731.73165971288,0.7562239099672095,1592,False
CHI:53,weekday_am,800,26092.446165274603,1217806.646875191,46.672766484267825,26049.354371752834,0.9983484954515641,1592,False
CHI:54,saturday_am,400,7175.1201831808685,133126.78727085606,18.553945282048,5836.092904292246,0.8133791149551163,295,False
CHI:54,saturday_am,800,7175.1201831808685,165439.9654613174,23.05744868903014,6901.05922293406,0.9618039902816914,295,False
CHI:54,sunday_am,400,7175.1201831808685,133126.66756851083,18.553928599073753,5836.092904292246,0.8133791149551163,295,False
CHI:54,sunday_am,800,7175.1201831808685,165437.1341752951,23.05705409131609,6901.05922293406,0.9618039902816914,295,False
CHI:54,weekday_am,400,7175.1201831808685,136566.9387395551,19.033400870368748,5836.529728451595,0.8134399953512903,295,False
CHI:54,weekday_am,800,7175.1201831808685,185000.39922672685,25.78359588462149,6901.850456740001,0.9619142649231944,295,False
CHI:55,saturday_am,400,10017.338298455144,69669.29770400564,6.9548712071299335,7757.979995662965,0.7744552259814752,659,False
CHI:55,saturday_am,800,10017.338298455144,96299.73777170444,9.613305940416888,9504.165500107149,0.9487715415953222,659,False
CHI:55,sunday_am,400,10017.338298455144,58066.90974491837,5.7966405860400405,7757.979995662965,0.7744552259814752,659,False
CHI:55,sunday_am,800,10017.338298455144,80249.78147642038,8.011088283680742,9504.165500107149,0.9487715415953222,659,False
CHI:55,weekday_am,400,10017.338298455144,77375.76321118629,7.724183900539631,7767.06069418076,0.7753617241197277,659,False
CHI:55,weekday_am,800,10017.338298455144,110084.4621410089,10.989392477439434,9512.753060042143,0.9496288112291448,659,False
CHI:56,saturday_am,400,35474.402486423496,612935.8196510288,17.27825633950021,25217.874620407292,0.710875246737658,1696,False
CHI:56,saturday_am,800,35474.402486423496,1098213.0736491445,30.95790194265977,35470.44502098194,0.9998884416603473,1696,False
CHI:56,sunday_am,400,35474.402486423496,480651.8390998929,13.549258209038037,22108.365708754725,0.6232202421792975,1696,False
CHI:56,sunday_am,800,35474.402486423496,841481.1716583499,23.720799017838157,34169.442505123334,0.9632140391427428,1696,False
CHI:56,weekday_am,400,35474.402486423496,970998.93372469,27.371819274371248,26847.210424977693,0.7568051480289897,1696,False
CHI:56,weekday_am,800,35474.402486423496,1770548.8550939811,49.91060401289614,35474.33321819107,0.9999980473742311,1696,False
CHI:57,saturday_am,400,14203.192754916412,525811.4112311343,37.02064882905469,14151.133027939803,0.9963346461690039,531,False
CHI:57,saturday_am,800,14203.192754916412,1110558.6087287131,78.19077216594805,14203.192754916412,1.0,531,False
CHI:57,sunday_am,400,14203.192754916412,501677.9616865172,35.32149217033348,14151.133027939803,0.9963346461690039,531,False
CHI:57,sunday_am,800,14203.192754916412,1006435.4289449037,70.85980218050112,14203.192754916412,1.0,531,False
CHI:57,weekday_am,400,14203.192754916412,580537.979658762,40.87376617893253,14151.133027939803,0.9963346461690039,531,False
CHI:57,weekday_am,800,14203.192754916412,1205104.0878862082,84.8474078104068,14203.192754916412,1.0,531,False
CHI:58,saturday_am,400,45060.66500040764,1564194.9777352326,34.71309128973312,44723.46022882701,0.9925166490202136,1044,False
CHI:58,saturday_am,800,45060.66500040764,3203289.147482552,71.08836825762722,45060.66500040764,1.0,1044,False
CHI:58,sunday_am,400,45060.66500040764,1475436.716865804,32.7433409349919,44723.46022882701,0.9925166490202136,1044,False
CHI:58,sunday_am,800,45060.66500040764,3016678.0777604664,66.94703856974095,45060.66500040764,1.0,1044,False
CHI:58,weekday_am,400,45060.66500040764,2196236.182835617,48.73954218864167,44723.46022882701,0.9925166490202136,1044,False
CHI:58,weekday_am,800,45060.66500040764,4660296.815055096,103.42272611851016,45060.66500040764,1.0,1044,False
CHI:59,saturday_am,400,15945.307517501104,809316.3609846206,50.755770002951564,15942.675229339606,0.9998349176923299,442,False
CHI:59,saturday_am,800,15945.307517501104,1468155.3123360446,92.07444326330115,15945.307517501104,1.0,442,False
CHI:59,sunday_am,400,15945.307517501104,757729.9124140292,47.52055810666348,15942.675229339606,0.9998349176923299,442,False
CHI:59,sunday_am,800,15945.307517501104,1356019.0586650325,85.04188816532422,15945.307517501104,1.0,442,False
CHI:59,weekday_am,400,15945.307517501104,1061153.704311868,66.54959166809275,15942.675229339606,0.9998349176923299,442,False
CHI:59,weekday_am,800,15945.307517501104,2086848.219153069,130.87538241972476,15945.307517501104,1.0,442,False
CHI:60,saturday_am,400,33703.961342928334,874472.0874028341,25.945676785744155,29992.936006266966,0.8898934965269296,862,False
CHI:60,saturday_am,800,33703.961342928334,1851491.348114545,54.93393875206955,33703.961342928334,1.0,862,False
CHI:60,sunday_am,400,33703.961342928334,797118.8679766527,23.65059880843656,29992.936006266966,0.8898934965269296,862,False
CHI:60,sunday_am,800,33703.961342928334,1653788.804952513,49.06808395979561,33703.961342928334,1.0,862,False
CHI:60,weekday_am,400,33703.961342928334,1447969.4068156062,42.96140124547748,33694.56155357715,0.9997211072830418,862,False
CHI:60,weekday_am,800,33703.961342928334,2993865.7027270636,88.82830336367056,33703.961342928334,1.0,862,False
CHI:61,saturday_am,400,43590.65953480433,1424401.3894456513,32.67675700819252,41483.55913795206,0.9516616536813378,1328,False
CHI:61,saturday_am,800,43590.65953480433,2935195.1017349786,67.33541389506655,43590.65953480433,1.0,1328,False
CHI:61,sunday_am,400,43590.65953480433,1338673.8237800314,30.710107120796987,41483.55913795206,0.9516616536813378,1328,False
CHI:61,sunday_am,800,43590.65953480433,2753394.470973338,63.16478117920951,43590.65953480433,1.0,1328,False
CHI:61,weekday_am,400,43590.65953480433,1947331.0343495668,44.67312619564172,41483.55913795206,0.9516616536813378,1328,False
CHI:61,weekday_am,800,43590.65953480433,4214749.604663507,96.68928274182917,43590.65953480433,1.0,1328,False
CHI:62,saturday_am,400,18276.39607348423,689544.5376880874,37.72869305937689,17081.456615654875,0.9346184306235846,600,False
CHI:62,saturday_am,800,18276.39607348423,1618348.1786449647,88.5485394460726,18276.396073484233,1.0000000000000002,600,False
CHI:62,sunday_am,400,18276.39607348423,602290.47548668,32.954553680333916,14655.176476507506,0.8018635850078527,600,False
CHI:62,sunday_am,800,18276.39607348423,1364412.0094231993,74.6543248426705,18276.396073484233,1.0000000000000002,600,False
CHI:62,weekday_am,400,18276.39607348423,832360.6934995275,45.54293363707156,17081.456615654875,0.9346184306235846,600,False
CHI:62,weekday_am,800,18276.39607348423,1958307.5899495746,107.14954863506857,18276.396073484233,1.0000000000000002,600,False
CHI:63,saturday_am,400,39636.018608081955,1452515.4474096214,36.64635093075285,38722.30073947318,0.9769472842960453,1019,False
CHI:63,saturday_am,800,39636.018608081955,2941971.431462058,74.22469599058512,39636.018608081955,1.0,1019,False
CHI:63,sunday_am,400,39636.018608081955,1254086.171864619,31.640064161462107,37009.32953497988,0.9337297446780771,1019,False
CHI:63,sunday_am,800,39636.018608081955,2566920.6420738534,64.76232306416486,39636.018608081955,1.0,1019,False
CHI:63,weekday_am,400,39636.018608081955,2116143.7313699625,53.38941209747216,38722.30073947318,0.9769472842960453,1019,False
CHI:63,weekday_am,800,39636.018608081955,4262433.55763653,107.53939742997804,39636.018608081955,1.0,1019,False
CHI:64,saturday_am,400,24483.09022238064,328618.94616534445,13.422282202960849,21360.933837015382,0.872477029778242,1003,False
CHI:64,saturday_am,800,24483.09022238064,563269.9353728989,23.006488570548132,24482.997531736804,0.9999962140954024,1003,False
CHI:64,sunday_am,400,24483.09022238064,276236.71510338015,11.282755264728179,19737.402063877216,0.8061646583254729,1003,False
CHI:64,sunday_am,800,24483.09022238064,428568.61212654103,17.50467805468344,24482.509074237525,0.9999762632846656,1003,False
CHI:64,weekday_am,400,24483.09022238064,595339.7652923381,24.3163652906904,22943.1750362248,0.9371029076734699,1003,False
CHI:64,weekday_am,800,24483.09022238064,1002626.6646341907,40.95180206123094,24483.08982881288,0.9999999839249148,1003,False
CHI:65,saturday_am,400,33632.12214064254,1046547.7485436301,31.117505584904368,27766.27531506521,0.8255879661400022,1140,False
CHI:65,saturday_am,800,33632.12214064254,2311636.1083232085,68.7329838615722,33535.19329814633,0.9971179682896348,1140,False
CHI:65,sunday_am,400,33632.12214064254,927969.1997230232,27.59175278450908,24399.035146443974,0.7254682010374571,1140,False
CHI:65,sunday_am,800,33632.12214064254,2046965.5774141208,60.86340816836168,33535.19329814633,0.9971179682896348,1140,False
CHI:65,weekday_am,400,33632.12214064254,1206761.577423471,35.881220113825854,27770.03441516122,0.825699737264057,1140,False
CHI:65,weekday_am,800,33632.12214064254,2722523.7507758136,80.95010298163123,33535.19329814633,0.9971179682896348,1140,False
CHI:66,saturday_am,400,55927.27893637915,1732523.8012091827,30.97815295430409,52872.25252746919,0.9453750215098923,1567,False
CHI:66,saturday_am,800,55927.27893637915,3372980.154612574,60.31010660199567,55927.27893637916,1.0000000000000002,1567,False
CHI:66,sunday_am,400,55927.27893637915,1536185.2216775957,27.46754805334092,51397.93453094528,0.9190136818459147,1567,False
CHI:66,sunday_am,800,55927.27893637915,2926875.795487132,52.33359911567734,55927.27893637916,1.0000000000000002,1567,False
CHI:66,weekday_am,400,55927.27893637915,2531281.7088349233,45.26023359216918,52872.25252746919,0.9453750215098923,1567,False
CHI:66,weekday_am,800,55927.27893637915,5043410.341466152,90.17800324602513,55927.27893637916,1.0000000000000002,1567,False
CHI:67,saturday_am,400,29642.70955110605,960889.5430926532,32.41571224911185,28455.70955110604,0.9599564271291212,1547,False
CHI:67,saturday_am,800,29642.70955110605,2084613.8838788792,70.32467393997376,29642.70955110605,1.0,1547,False
CHI:67,sunday_am,400,29642.70955110605,816173.0407250448,27.533685451996448,26643.97468486379,0.898837356245311,1547,False
CHI:67,sunday_am,800,29642.70955110605,1746455.7713151795,58.91687358418335,29642.70955110605,1.0,1547,False
CHI:67,weekday_am,400,29642.70955110605,1401329.219370337,47.27399217518729,29642.70955110605,1.0,1547,False
CHI:67,weekday_am,800,29642.70955110605,3145587.383788362,106.11672925395553,29642.70955110605,1.0,1547,False
CHI:68,saturday_am,400,24352.266822191403,697886.7064804517,28.657977163936582,22893.311640473934,0.9400895533721743,1316,False
CHI:68,saturday_am,800,24352.266822191403,1439712.1771769219,59.1202530626414,24352.2668221914,0.9999999999999999,1316,False
CHI:68,sunday_am,400,24352.266822191403,556608.5640101447,22.85654013543109,22129.204270812428,0.9087122949329229,1316,False
CHI:68,sunday_am,800,24352.266822191403,1165505.7354898406,47.86025645989368,24352.2668221914,0.9999999999999999,1316,False
CHI:68,weekday_am,400,24352.266822191403,932064.4568207395,38.27423802581617,23406.077798746708,0.9611457516315293,1316,False
CHI:68,weekday_am,800,24352.266822191403,1955658.7955221965,80.30705354049711,24352.2668221914,0.9999999999999999,1316,False
CHI:69,saturday_am,400,31471.67674225018,1275424.261231869,40.52609817002963,31199.288263028524,0.9913449645072142,1274,False
CHI:69,saturday_am,800,31471.67674225018,2633417.495763979,83.67579259698806,31471.67674225018,1.0,1274,False
CHI:69,sunday_am,400,31471.67674225018,987827.8468362222,31.387836591181063,31199.26692432948,0.9913442864785468,1274,False
CHI:69,sunday_am,800,31471.67674225018,2030817.9548765402,64.52843207270881,31471.67674225018,1.0,1274,False
CHI:69,weekday_am,400,31471.67674225018,1883290.7183164118,59.840812859777714,31471.666211730007,0.9999996653969135,1274,False
CHI:69,weekday_am,800,31471.67674225018,3853613.6786011816,122.44704056164164,31471.67674225018,1.0,1274,False
CHI:70,saturday_am,400,41145.42167401842,902471.7092319279,21.933709086321024,29530.99262808887,0.7177224446027839,1774,False
CHI:70,saturday_am,800,41145.42167401842,1889234.2777079337,45.91602664023503,41130.42167401842,0.9996354393905879,1774,False
CHI:70,sunday_am,400,41145.42167401842,731269.0123715292,17.772791786292338,29530.99262808887,0.7177224446027839,1774,False
CHI:70,sunday_am,800,41145.42167401842,1584896.1625959366,38.5193807260634,41130.42167401842,0.9996354393905879,1774,False
CHI:70,weekday_am,400,41145.42167401842,985682.7986862198,23.956074785074726,29530.99262808887,0.7177224446027839,1774,False
CHI:70,weekday_am,800,41145.42167401842,2154993.98143538,52.37506127677303,41130.42167401842,0.9996354393905879,1774,False
CHI:71,saturday_am,400,44867.72437074924,1593587.7432897945,35.51746306814498,41716.36398533306,0.929763311386689,1549,False
CHI:71,saturday_am,800,44867.72437074924,3233422.380833308,72.06566471067305,44867.724370749245,1.0000000000000002,1549,False
CHI:71,sunday_am,400,44867.72437074924,1356783.5304473594,30.23963326590933,41716.36398533306,0.929763311386689,1549,False
CHI:71,sunday_am,800,44867.72437074924,2774863.6845790124,61.84542950406547,44867.724370749245,1.0000000000000002,1549,False
CHI:71,weekday_am,400,44867.72437074924,2354401.7719211467,52.474285356358735,43960.81224214507,0.9797869818154759,1549,False
CHI:71,weekday_am,800,44867.72437074924,4920928.352473661,109.67635246689217,44867.724370749245,1.0000000000000002,1549,False
CHI:72,saturday_am,400,19908.101321564864,205570.35501802815,10.32596487719048,10683.643748202976,0.5366480497379342,1100,False
CHI:72,saturday_am,800,19908.101321564864,443650.428890175,22.284919175572195,19898.60509654892,0.9995229969517154,1100,False
CHI:72,sunday_am,400,19908.101321564864,201541.7374810608,10.123604166246967,10683.643748202976,0.5366480497379342,1100,False
CHI:72,sunday_am,800,19908.101321564864,431262.0470178597,21.662640753727118,19898.60509654892,0.9995229969517154,1100,False
CHI:72,weekday_am,400,19908.101321564864,301490.91822604014,15.144132198054416,11644.424233384683,0.584908829089151,1100,False
CHI:72,weekday_am,800,19908.101321564864,676036.438302914,33.95785601968067,19898.60509654892,0.9995229969517154,1100,False
CHI:73,saturday_am,400,25183.5219315403,518444.99883942766,20.58667569408224,19789.47130303162,0.7858103150475917,1373,False
CHI:73,saturday_am,800,25183.5219315403,1129607.6133929018,44.855029271269665,25183.5219315403,1.0,1373,False
CHI:73,sunday_am,400,25183.5219315403,479592.146215949,19.043887011502513,19789.47130303162,0.7858103150475917,1373,False
CHI:73,sunday_am,800,25183.5219315403,1026308.799352201,40.753187824250794,25183.5219315403,1.0,1373,False
CHI:73,weekday_am,400,25183.5219315403,843401.430683032,33.49020970838637,20074.805429893593,0.7971405065767049,1373,False
CHI:73,weekday_am,800,25183.5219315403,1825719.207032508,72.49657978719586,25183.5219315403,1.0,1373,False
CHI:74,saturday_am,400,18627.789517965437,217889.1056955759,11.696992038987467,15001.675545856768,0.805338471931332,867,False
CHI:74,saturday_am,800,18627.789517965437,406606.61104387173,21.827958204687835,18285.726222158104,0.9816369357471303,867,False
CHI:74,sunday_am,400,18627.789517965437,187907.47131208895,10.087480918273364,15001.675545856768,0.805338471931332,867,False
CHI:74,sunday_am,800,18627.789517965437,352793.4229243465,18.939092187191477,18285.726222158104,0.9816369357471303,867,False
CHI:74,weekday_am,400,18627.789517965437,348995.5871806554,18.73521207892483,15035.88212396812,0.8071747916985466,867,False
CHI:74,weekday_am,800,18627.789517965437,661288.7622068458,35.50011994547558,18347.898201585813,0.9849745287217421,867,False
CHI:75,saturday_am,400,21176.32059426802,214544.3630732625,10.131333350295758,14468.425028807138,0.6832360213097375,1268,False
CHI:75,saturday_am,800,21176.32059426802,481818.0756817138,22.752681398870195,21142.42965904704,0.9983995833898475,1268,False
CHI:75,sunday_am,400,21176.32059426802,183289.82784922235,8.655414288487632,14468.425028807138,0.6832360213097375,1268,False
CHI:75,sunday_am,800,21176.32059426802,411491.3764178681,19.43167485522721,21142.42965904704,0.9983995833898475,1268,False
CHI:75,weekday_am,400,21176.32059426802,330103.9123893117,15.588350720316532,14468.425028807138,0.6832360213097375,1268,False
CHI:75,weekday_am,800,21176.32059426802,745324.9345729616,35.1961489841963,21142.42965904704,0.9983995833898475,1268,False
CHI:76,saturday_am,400,13425.671333540646,121020.58842548169,9.014118208237553,11065.893390797592,0.8242338960847533,340,False
CHI:76,saturday_am,800,13425.671333540646,152782.25314136897,11.379859475606343,13401.119412453321,0.9981712705102509,340,False
CHI:76,sunday_am,400,13425.671333540646,88527.67228894221,6.593910284976082,11065.893390797592,0.8242338960847533,340,False
CHI:76,sunday_am,800,13425.671333540646,109512.78718212362,8.156969172076602,13401.119412453321,0.9981712705102509,340,False
CHI:76,weekday_am,400,13425.671333540646,132876.6228566745,9.897205104724698,11065.893390797592,0.8242338960847533,340,False
CHI:76,weekday_am,800,13425.671333540646,163480.9263198854,12.176741278588402,13401.119412453321,0.9981712705102509,340,False
CHI:77,saturday_am,400,56066.07774026566,3375045.9119503875,60.19764620571076,56066.07774026567,1.0000000000000002,883,False
CHI:77,saturday_am,800,56066.07774026566,5279790.120831508,94.17084864204183,56066.07774026567,1.0000000000000002,883,False
CHI:77,sunday_am,400,56066.07774026566,2884067.3443837,51.44050485829534,56066.07774026567,1.0000000000000002,883,False
CHI:77,sunday_am,800,56066.07774026566,4555618.659161722,81.25445621978935,56066.07774026567,1.0000000000000002,883,False
CHI:77,weekday_am,400,56066.07774026566,4120580.5836729887,73.49507491432134,56066.07774026567,1.0000000000000002,883,False
CHI:77,weekday_am,800,56066.07774026566,6705663.694338908,119.60286798380797,56066.07774026567,1.0000000000000002,883,False
