unit_id,district_id,district_name,gross_area_m2,water_area_m2,land_area_m2,b3_unavailable,block_compactness_iqr_experimental,block_compactness_median_experimental,block_elongation_iqr_experimental,block_elongation_median_experimental,block_log_area_iqr_experimental,block_log_area_median_experimental,building_coverage_municipal_gross,building_coverage_municipal_land,building_stories_coverage,building_stories_median_municipal,building_stories_p90_municipal,footprint_overlap_excess_fraction,land_use_entropy_cmap_area8,land_use_share_agriculture,land_use_share_commercial,land_use_share_industrial,land_use_share_institutional,land_use_share_open_space,land_use_share_residential,land_use_share_transport_utilities,land_use_share_vacant_construction,lui_ambiguous_gross,lui_classified_land,lui_coverage_gross,lui_overlap_gross,lui_secondary_use_area_fraction,m2_unavailable,m7_unavailable,population_density_acs_label2023,road_share_code_1,road_share_code_2,road_share_code_3,road_share_code_4,road_share_code_7,road_share_code_9,road_share_code_99,street_density_municipal_km_km2,u2_unavailable,u4_unavailable
CHI:01,01,ROGERS PARK,4758656.228015077,0.0,4758656.228015079,,0.10133207459008575,0.7341877937479021,0.6972247631833437,1.5851560778076037,0.4145013932564723,9.938330498496036,0.2983854617498203,0.2983854617498209,0.5602172691515265,2.0,3.0,7.855723491118054e-12,0.5994296493204544,0.0,0.09849481023893242,0.060649097310410266,0.0979788450386402,0.0601200611885993,0.6327268941084289,0.046741683460349334,0.0032886086546397102,9.189644035587267e-06,0.6989649128313821,0.998935101579371,1.0733174358291518e-05,0.0017508312478524911,,,11173.112209069526,0.0,0.062047238620365576,0.18277407867935466,0.7551786827002797,0.0,0.0,0.0,12.57694314994901,,
CHI:02,02,WEST RIDGE,9137658.14084154,0.0,9137658.140841523,,0.007823749681558523,0.6999881385786493,0.08242509748851723,1.9881044786247242,0.038535545803929594,9.914305716264018,0.24933729341026395,0.24933729341026448,0.5410527641354993,2.0,3.0,0.0003398462943667485,0.5237582226902968,0.0,0.09948594206249897,0.002032455176062189,0.1019582876343645,0.11569812615286312,0.6607933793583011,0.013690171080367962,0.006341638535542128,5.2007163088345655e-09,0.7195851519724427,0.9999999900797868,1.207962151620327e-08,0.0024528896151045014,,,8669.617398567307,0.0,0.11240809690996324,0.10430431798059946,0.7832875851094374,0.0,0.0,0.0,13.100825940063528,,
CHI:03,03,UPTOWN,6043042.934366598,0.0,6043042.934366607,,0.20624653410670724,0.6995809127918955,1.430421496387548,1.8232313497878718,0.6242629755529006,10.113794677304583,0.2192923860184183,0.21929238601841797,0.5488688776630792,2.0,3.0,0.0011266007590684365,0.5817337140126316,0.0,0.10780052507920732,0.008680692578901077,0.28273717879001625,0.02972687774655364,0.5368805336814169,0.0271437091116278,0.007030483012277152,5.000168449449525e-07,0.5608811487896196,0.9928257129241307,5.087979288005161e-07,0.0038217738816537375,,,8716.469595217435,0.0756252151734285,0.1013428452323545,0.1586659517482063,0.6179547937517891,0.0,0.046411194094221585,0.0,10.91164909525991,,
CHI:04,04,LINCOLN SQUARE,6623966.103541163,25726.06601305923,6598240.037528106,,0.057083802105178716,0.6999734555810482,0.6434295986791576,1.9614237864500201,0.370298287876091,9.923366659267025,0.22812783145766227,0.229012722238174,0.5260273972602739,2.0,3.0,7.552686612537399e-07,0.6367925296330533,0.0,0.07520619510651483,0.031863449904792535,0.31558415019683445,0.06785782192729928,0.47705652277075683,0.0298722300364184,0.0025596300573835404,1.0530761098804888e-09,0.7462456838519694,0.9999999986520812,5.181695623012581e-07,0.002283852681195021,,,6367.786208545154,0.0,0.06351665726171703,0.13606691850696925,0.8004164242313135,0.0,0.0,0.0,11.241984678390375,,
CHI:05,05,NORTH CENTER,5296593.106232864,58642.73924493557,5237950.366987928,,0.005835274545513136,0.6973922809981465,0.060522370821039395,2.0020252696784686,0.07003854252455533,9.920132083600539,0.3002630241444954,0.3036204041046794,0.47104125736738706,2.0,3.0,6.065669591192122e-07,0.62914414657023,0.0,0.12670487996282725,0.08272628884426628,0.08480242350320706,0.04813127563290695,0.6047562760161868,0.042996144306325375,0.009882711734280292,3.890387399122191e-06,0.7037913952964343,0.9999999674915362,3.891590729060499e-06,0.0002669330874788381,,,6755.663363661609,0.0,0.10491190609886664,0.1232686388140666,0.7718194550870666,0.0,0.0,0.0,13.543280911303558,,
CHI:06,06,LAKE VIEW,8096437.499658218,574.4910153837258,8095863.008642855,,0.05085414162044288,0.6979654332928159,0.32999553291917394,1.991795645077717,0.2360675368692995,9.922561492541686,0.328630581301311,0.3286539012754916,0.4985137143629239,2.0,3.0,2.9982330774904054e-05,0.5093244914549311,0.0,0.16822410504064408,0.007104812655840426,0.0737634283591771,0.04598099406257164,0.6741966621620806,0.022929411594952747,0.007800586124733247,3.5473299471303684e-07,0.6440797238031156,0.9940523046055386,4.0509365021922773e-07,0.008310697050413807,,,11196.529338221506,0.049332804638677105,0.08610970610478587,0.2101161858418734,0.6435376164121223,0.0,0.010903687002541487,0.0,13.718296657561133,,
CHI:07,07,LINCOLN PARK,8198678.660118646,3903.016043635414,8194775.644075,,0.1575659960266378,0.6834193118436123,0.5575881005479952,2.0033628022978016,0.3469511888652459,9.919138026857164,0.2913457224315989,0.2914844848673613,0.49245459971012023,2.0,3.0,7.144866096597278e-06,0.6760150795376085,0.0,0.22359967191647756,0.010147073911717253,0.0660219171759513,0.14635416053171865,0.492173294393648,0.030162287590718873,0.031541594479768474,1.663018335360233e-06,0.7020311680273519,0.9981498070514739,1.6995679581956936e-06,0.001803541155082126,,,7570.366222781296,0.04760530936248463,0.0830332364099938,0.17507503227110602,0.6766644537470818,0.0,0.017621968209333542,0.0,12.410035386925696,,
CHI:08,08,NEAR NORTH SIDE,7118003.341570558,4955.315523597593,7113048.026046962,,0.16377884756737593,0.7422351668777524,1.0125608220932043,1.4622448744659353,0.7258373612717506,9.368020003453543,0.3330424423197149,0.3332579226151222,0.5381448957189902,3.0,19.0,0.003090451609507896,0.7815874659844172,0.0,0.2740165152611632,0.07237273150114949,0.1042111207564676,0.04662244482009403,0.3835591787451413,0.07004596592202747,0.049172042993956805,3.28286745970706e-05,0.606340789257006,0.9970089398230484,3.5808198599844815e-05,0.033110729660426455,,,12873.694434060368,0.08181587100418852,0.05831166048290148,0.11713762946087168,0.694847045935901,0.01982964828291791,0.028058144833219393,0.0,14.359582837851018,,
CHI:09,09,EDISON PARK,2937112.005044956,0.0,2937112.005044952,,0.051368707069573416,0.6979140486226293,0.24000115820906998,2.00761817392646,0.27624339659404207,9.922027951446577,0.23324217065171315,0.23324217065171354,0.5195038110895233,1.0,2.0,5.0281126578455395e-06,0.345038875551946,0.0,0.05996014255489608,0.017759080438061882,0.020288018455093506,0.039971841459573554,0.8289967785080256,0.03280783764517296,0.0002163009391763495,7.400091993472355e-09,0.6969432414778767,0.9999999954647701,7.655060718468482e-09,0.0,,,3880.682786499842,0.0,0.08902419361100113,0.09231930482407773,0.8186565015649212,0.0,0.0,0.0,14.836878285055777,,
CHI:10,10,NORWOOD PARK,11322618.219300324,0.0,11322618.219300326,,0.12190408754102611,0.6927196381223416,0.6857896161356416,2.0116273446055475,0.548707372822312,9.908284243193448,0.20784637866671143,0.20784637866671143,0.5202723479024819,1.0,2.0,1.1780903863646973e-08,0.46744562388702915,0.0,0.05714971549255517,0.007144295035360051,0.10069766116827153,0.056103662977808354,0.7334526568066599,0.04187733153006818,0.0035746769892768078,1.1646309104504723e-08,0.7084352975935002,0.999999943002048,2.420234936037223e-08,0.010079679853798306,,,3539.2874001254063,0.049380338616938836,0.07414669891939178,0.12540620689897708,0.7172435978115882,0.0,0.03382315775310414,0.0,14.574803298994977,,
CHI:11,11,JEFFERSON PARK,6022237.97074972,0.0,6022237.970749725,,0.11217309027903055,0.6908940175695244,0.7294272855990145,2.018498598661565,0.4051646227301635,9.911281478090235,0.2403130572687329,0.24031305726873278,0.5146948003014318,1.0,2.0,3.2176207430397353e-16,0.573426385774678,0.0,0.06335077969588168,0.05017551329263103,0.023391537728035375,0.1265448420258256,0.6456280116060262,0.08652310428982375,0.004386211361776404,2.6033212590613567e-09,0.7082965619639294,0.9999999907068148,1.038838021564061e-08,0.002199806861449023,,,4481.888648554988,0.07232007279317972,0.056766099976526416,0.15875470539639783,0.682823923882778,0.0,0.029335197951118032,0.0,14.44717111832642,,
CHI:12,12,FOREST GLEN,8274696.336238334,0.0,8274696.336238333,,0.08330231456314219,0.6937690217707696,0.46933395034307424,1.9828349700269863,0.34313434773936,9.910850134271083,0.1439267903620229,0.14392679036202288,0.6016629604563473,1.0,2.0,8.583256714493699e-08,0.5263790152503949,0.0,0.03416274428495948,0.006948064611801699,0.02987281377861211,0.31180709043058785,0.5677661212809554,0.04803736545011272,0.0014058001629707,3.8862977839892146e-08,0.738957872600429,0.9999999492435488,5.258070313757765e-08,0.0021629787287275838,,,2388.3655903419212,0.03429528927130992,0.10827325885208139,0.09557156303968908,0.7387062279940849,0.0,0.02315366084283481,0.0,12.158543114987971,,
CHI:13,13,NORTH PARK,6525331.184540938,0.0,6525331.18454093,,0.014178136758528415,0.6986438379168105,0.19313453343915632,1.9731308242732601,0.03930828425579058,9.923796024961458,0.16063847330221562,0.16063847330221578,0.5554040231844528,2.0,2.0,6.339593588442629e-06,0.7258174689494794,0.00020820368001279272,0.052529383518624254,0.05097133476687978,0.2921353433698793,0.18634654779922277,0.36934827287989674,0.04442191290849076,0.004039001076993536,2.5355539724363446e-08,0.8361220933673165,0.9999999577355868,2.6537507527619295e-08,0.0870361110068786,,,2951.4210781555735,0.032386478760420286,0.1261881019441105,0.20565534706553723,0.6241167335832521,0.0,0.011653338646679813,0.0,7.87447642132458,,
CHI:14,14,ALBANY PARK,4970648.800632658,25257.995057998567,4945390.805574665,,0.00916302338869146,0.6988369975237567,0.10703717266836121,1.9897615074436699,0.038952588373717845,9.927409461503636,0.308664485841777,0.31022845823428746,0.5133680703852396,2.0,3.0,0.0006875634755137131,0.4746670742895898,0.0,0.14022495222025716,0.013049470683294,0.06637782807531663,0.03390413449307224,0.7156896001060117,0.025734556025286237,0.005019458396762076,3.4516606748387406e-09,0.685035364491731,0.9999999840183033,1.2885253246972674e-08,0.0010797804655536404,,,9622.48630277646,0.02250401353068774,0.09182236048697551,0.08461525864720491,0.7980628486307314,0.0,0.0029955187044006706,0.0,14.524904518340769,,
CHI:15,15,PORTAGE PARK,10230362.674821753,0.0,10230362.674821762,,0.005389085175239172,0.6975276043225459,0.03586442783685495,2.0081164245775,0.03774502347896913,9.933716908060987,0.28767932720056194,0.28767932720056166,0.5081973321409942,1.0,2.0,2.99911796574388e-05,0.4374639836960032,0.0,0.10387479410051911,0.009492660300794362,0.05147301359123272,0.03953692557353013,0.7583545655259047,0.03063841747074736,0.006629623437271584,3.221709630979433e-09,0.7004789151387371,0.9999999828106452,3.502031633638298e-09,0.004856821093400633,,,6275.535094958752,0.0125177039869656,0.10489495196864078,0.10082140381385439,0.7785040399161202,0.0,0.003261900314418914,0.0,14.131933727878913,,
CHI:16,16,IRVING PARK,8319173.245334982,33006.998919039426,8286166.24641593,,0.07941189734317167,0.69824862341599,0.2208268148770225,1.9968394673656933,0.25023174685311744,9.927680369080823,0.26249902031752476,0.2635446552495562,0.5034806822137139,2.0,2.0,5.2000230867402015e-05,0.5750621372026966,0.0,0.10655220968281669,0.041484140448271506,0.05053744620098797,0.06645473388515066,0.6589642263055194,0.06896274348579864,0.0070444999914551385,9.144318411189952e-09,0.6873588868463906,0.9999999817549964,1.3778787052486703e-08,0.002896861458156024,,,6435.134648748903,0.06273458261249869,0.07368698989350919,0.11489263202909561,0.6758676737999357,0.0,0.07281812166496078,0.0,15.328458486778704,,
CHI:17,17,DUNNING,9617716.436107114,0.0,9617716.436107133,,0.009758863690704,0.6979041057619104,0.10063687664813936,1.998638993135439,0.04167826424137466,9.92992650687489,0.23646523154189472,0.23646523154189428,0.5010095689579492,1.0,2.0,1.7158264038694254e-05,0.5126170715873289,0.0,0.05011098099628381,0.015849677113702273,0.20426590056151328,0.049896126587475276,0.6573995967915959,0.00910847586397407,0.013369242085455296,3.2639009504742485e-09,0.7368192962080734,0.9999999937882343,1.2077904683502098e-08,0.005403682439664967,,,4423.919158217749,0.0,0.09256193650597541,0.11101745737909319,0.7964206061149315,0.0,0.0,0.0,12.449717081463639,,
CHI:18,18,MONTCLARE,2560171.673085884,0.0,2560171.6730858805,,0.054341680244254564,0.7001919343796982,0.48385682865133894,1.9851744193858212,0.01130627186064359,9.928149803929458,0.2570184723627654,0.2570184723627658,0.5,1.0,2.0,1.7698055690581147e-05,0.5084961295399274,0.0,0.12978896091350364,0.03579666797270401,0.0646230174031889,0.023031298364856873,0.7034602545707239,0.030896363867124146,0.012403436907898593,7.571424583947806e-10,0.717089038694411,0.9999999998542596,7.571423098890114e-10,0.0008895455226170896,,,5372.686583716673,0.0,0.022696198928089793,0.14269086767337225,0.834612933398538,0.0,0.0,0.0,12.63279663930372,,
CHI:19,19,BELMONT CRAGIN,10128559.056784386,0.0,10128559.056784412,,0.0033524323536900935,0.6970090174213056,0.028098473373817434,2.014232869375626,0.011101571142548394,9.92832559246616,0.30206587255593714,0.30206587255593637,0.5083680300432688,1.0,2.0,3.9876310796350453e-07,0.5843049441406991,0.0,0.16115699639359465,0.06082569758267735,0.08451901881811207,0.036607368258919123,0.6245596257535831,0.026191816501826466,0.006139476691287215,4.75978603026443e-09,0.7088592160089191,0.9999999165192911,2.5185896096909388e-08,0.004881140024511871,,,7304.889035567287,0.0,0.09215488490117534,0.10373293926528555,0.804112175833539,0.0,0.0,0.0,12.901866928744925,,
CHI:20,20,HERMOSA,3026664.271465896,0.0,3026664.2714658966,,0.0047836394632619905,0.6981515394224762,0.03183006331688287,1.9984769939001057,0.016831071828518063,9.9339090141346,0.3194568041413686,0.31945680414136857,0.507420091324201,2.0,2.0,1.9403494869347236e-10,0.6006860451416307,0.0,0.07591169809983325,0.20862298249311578,0.0360655521227253,0.029114947038877768,0.5879132082889493,0.05700894947843456,0.005362662478064219,5.647581558263502e-10,0.7125396684645704,0.999999999534658,6.124428253189491e-10,0.0,,,7665.204303866714,0.0,0.05878541994802109,0.12889709244244238,0.8123174876095363,0.0,0.0,0.0,13.203248343154227,,
CHI:21,21,AVONDALE,5132936.209682022,18116.983732604465,5114819.225949423,,0.15896356857744465,0.690559069641222,0.3625506056315273,2.0060454517432547,0.3918691025286556,9.923584311351444,0.30471240230912605,0.3057917111550278,0.49869592589261624,2.0,2.0,4.716730048739269e-07,0.6601594542442335,0.0,0.16876648725579288,0.11045248899682415,0.03380593108694127,0.0096967861104108,0.5312809275572972,0.12888987924696985,0.01710749974576413,4.971280722826853e-08,0.7190637349250439,0.9999999306749133,5.5730269964483654e-08,0.002510208209236831,,,7081.716685166409,0.07247116533263512,0.07405338070532609,0.16547824697426197,0.6151312985402695,0.0,0.07286590844750719,0.0,14.978330334359189,,
CHI:22,22,LOGAN SQUARE,9288854.881953834,3853.062948274286,9285001.819005582,,0.16562446838996125,0.6969066094802424,0.7982066874626803,2.0035024282932117,0.4801975360202242,9.767015424005066,0.2958924653245408,0.2960152539159738,0.5008688541347235,2.0,3.0,7.426992656629865e-06,0.6096913354167661,0.0,0.1772169769258647,0.05800709854603367,0.04345634558703521,0.027245304844330423,0.6055327266626783,0.07164760678404018,0.016893940650017477,8.14927657129274e-09,0.6739232376484632,0.9999999856767647,1.4927512137914592e-08,0.005309698534427831,,,7681.67884058829,0.06549385965101766,0.06431418196017287,0.16978306954489392,0.6723531830772759,0.0,0.028055705766639624,0.0,15.583456479088943,,
CHI:23,23,HUMBOLDT PARK,9328244.684562545,0.0,9328244.684562542,,0.010334184101944532,0.6972836848478118,0.05417528589704479,2.0088511150385475,0.06720355304161885,9.927796016554211,0.2646339208917719,0.264633920891772,0.5317486160859655,2.0,2.0,0.00010817011264637408,0.772170565523314,0.0,0.10256788054338088,0.19582035076622586,0.08859568779901898,0.009551565720948592,0.4201922662754586,0.1195945707326592,0.06367767816230795,2.9721329321588924e-08,0.7297354140962393,0.9999999073160724,3.372423354184999e-08,0.013783675725700878,,,5897.679773671157,0.0,0.11005442309088043,0.18633965462030683,0.7036059222888128,0.0,0.0,0.0,12.295102481845802,,
CHI:24,24,WEST TOWN,11842194.028135978,4012.813819273861,11838181.21431671,,0.11999841609778794,0.6961768058755985,0.8330194259979082,2.0007748692986844,0.518896130616886,9.87992882908793,0.28161314569502954,0.28170860471042,0.4974658493025052,2.0,3.0,1.941154005092038e-05,0.7641782060622734,0.0,0.14502936781635697,0.09222225282938916,0.0639479635257316,0.12266866164106471,0.4700162382445453,0.07621830595995516,0.029897209982957154,2.2622326273784567e-08,0.6930477564679788,0.9999999643307103,1.3650351354403642e-07,0.0016020650338986425,,,7300.420833723508,0.05181154562618233,0.08154682531908466,0.12357455216588907,0.6975938508837586,0.0,0.04547322600508516,0.0,15.336428506263767,,
CHI:25,25,AUSTIN,18498319.92524273,0.0,18498319.925242703,,0.053549535096588774,0.6990107747427735,0.43104192797318763,1.9855789559238632,0.2727424526117215,9.93882002627229,0.24910939505150087,0.2491093950515012,0.5429684941376826,2.0,2.0,1.96331906678462e-06,0.7348583594325008,0.0,0.07532176746225175,0.14147296157265937,0.06632142480012983,0.06007750884121599,0.5196003657292217,0.07064250062633282,0.0665634709681884,3.2436670798198764e-07,0.7300527840230219,0.9999999871355161,3.256288492773588e-07,0.00025057514241271433,,,5420.924732908369,0.024969160895489322,0.10478361056307635,0.09139878315462586,0.7652947834660884,0.0,0.013553661920719998,0.0,12.359798686206883,,
CHI:26,26,WEST GARFIELD PARK,3350730.606758987,0.0,3350730.6067589857,,0.05010510782273059,0.6954679091184941,0.4865750756219287,2.0181309680319903,0.24064963134453343,9.92767624459546,0.22562109000984756,0.22562109000984767,0.5888223552894212,2.0,2.0,2.643551216591817e-07,0.7637722459205798,0.0,0.07866818840823525,0.0727689740805637,0.07547565933695242,0.011975902451901657,0.4161949747410995,0.1121213300104065,0.23279497097084106,2.3989696339153948e-08,0.6718575009241978,0.9999999585901084,7.712385204260757e-08,0.0,,,4878.040618075767,0.0636726572136061,0.07176187850146448,0.14554784271872676,0.693957275404793,0.0,0.025060346161409647,0.0,15.751180823142112,,
CHI:27,27,EAST GARFIELD PARK,5002269.903132768,0.0,5002269.90313277,,0.1318876622697407,0.6958787663952793,0.8339364918233172,2.011928438238897,0.5219667302253548,9.925057628600557,0.17456145596148612,0.17456145596148592,0.493801652892562,2.0,3.0,0.0002817353254116052,0.8659233073504514,0.0,0.05281910502447543,0.07924466860898254,0.10174784550237909,0.20001713549481293,0.292785682321399,0.09379341886683662,0.17959214418111433,4.4539206781082195e-07,0.7364907814797662,0.9999999721913635,4.4562251730374206e-07,0.004813991927110453,,,3969.198060977362,0.06576909754848043,0.061796179901619286,0.2035585182351466,0.6389793879798599,0.0,0.029896816334893904,0.0,14.728226991562675,,
CHI:28,28,NEAR WEST SIDE,14713428.325045448,855.8843906100176,14712572.440654857,,0.3747359126260683,0.6913252844323954,2.5903346450853495,1.9929849144368283,1.55507003938445,9.522161336431235,0.2374950745011185,0.23750889046212242,0.40817855002995806,2.0,4.0,8.06276955852704e-05,0.863274267389229,0.0004178131863934517,0.17556563909797873,0.09680679198932439,0.20817146683708243,0.021878035411841468,0.2104337679714046,0.21256950312285922,0.07415698238311576,2.4925446144237974e-06,0.72625411117559,0.9999999517651129,3.129941796799914e-06,0.004837647044294464,,,4442.880242174835,0.07341142357121433,0.0883806608822619,0.1175391036913029,0.6429396209108521,0.0,0.0777291909443688,0.0,14.47369544905029,,
CHI:29,29,NORTH LAWNDALE,8307642.494482472,0.0,8307642.49448247,,0.1978361334398756,0.6964943552335234,1.589960388965367,2.0082539444802823,0.7421641789869824,9.92935221208875,0.20584479923868373,0.20584479923868387,0.5775502916319486,2.0,3.0,2.3284145710517453e-06,0.8673976389154104,0.0,0.05936711825870335,0.14436440305481768,0.09336407796366304,0.11464255702719352,0.3054254070419778,0.07898006404113671,0.20385637261250786,1.708074959024188e-08,0.7297063975730702,0.999999942278636,2.1383638869483402e-08,0.0003176681881167951,,,3653.8645012902634,0.0,0.09346404973887737,0.19738163449203136,0.709154315769091,0.0,0.0,0.0,13.14929964615449,,
CHI:30,30,SOUTH LAWNDALE,11882815.954581944,359440.2238913664,11523375.730690576,,0.00494572480351263,0.6977065394846298,0.03806537232776641,1.9989610772239015,0.016239314633605062,9.930225397769002,0.2120220250716376,0.21863547289653837,0.532349672799111,2.0,2.0,9.543627959543818e-07,0.8405473423619724,0.0,0.0649940691867821,0.21604507015430324,0.14166096253832633,0.021214777247614232,0.29857861972792477,0.1610160552026782,0.09649044594237105,1.3891234630151605e-06,0.7900824670097363,0.9999999649625216,1.4040539868094014e-06,0.0016043701445185598,,,5853.326371951455,0.039903677495211655,0.11100739868690117,0.08987328577499872,0.7373327853821381,0.0,0.021882852660750338,0.0,8.984723788092403,,
CHI:31,31,LOWER WEST SIDE,7570662.2062242115,164483.9517470051,7406178.254477227,,0.18427542627902394,0.6958851557201036,0.7353843065539549,2.000323741283703,0.9935529530036291,9.891781018047615,0.238203175260213,0.24331417766430452,0.5426463231615808,2.0,3.0,5.71676868091769e-06,0.7891724552824467,0.0,0.09735396122087146,0.36958688274196094,0.06452986969166273,0.025104244193105654,0.21669414259468273,0.18437807408483908,0.04235282547287754,7.883794425664815e-07,0.7561882341515765,0.9999998852024862,8.250651156367459e-07,0.0015798422785420348,,,4514.400335006549,0.05291616389314439,0.13589322036839196,0.11508168893731358,0.6352881428334543,0.0,0.06082078396769575,0.0,11.003834732896733,,
CHI:32,32,LOOP,4301423.448060153,9442.847665941237,4291980.600394213,,0.6106437394835272,0.4895712046229876,10.237226430808924,2.7688989891277105,3.901471464259642,7.600887880162265,0.263516472085083,0.26409623842958535,0.7678062678062678,12.0,40.0,0.0010180756411892684,0.7163251053439088,0.0,0.29930934700521117,0.0005397724379140801,0.05260046444611579,0.3682700711197245,0.15998063149222297,0.09874854910339692,0.020551164395414503,1.8830412520401262e-05,0.6697429311254031,0.9954218414322318,7.341283210934701e-05,0.03619523141013626,,,8900.309505046576,0.07840501049399669,0.05719010132855954,0.1389788969409348,0.5184552745533774,0.17564046746755807,0.031330249215573557,0.0,16.183073082897625,,
CHI:33,33,NEAR SOUTH SIDE,4620205.2120612515,43.22829775302565,4620161.983763496,,0.5115159892960582,0.6598589664079826,4.527681915400217,2.0682933719520817,1.5418821419269744,9.637542645914957,0.24345646595643142,0.24345874384379632,0.20904729266620972,3.0,14.0,0.00022826003707547362,0.8014443806779852,0.0,0.36451647725948744,0.01767716816212944,0.056348411686812414,0.18684642417543088,0.19436203854257003,0.08497736188330073,0.09527211829026903,7.769351459708072e-06,0.7708978178758971,0.9984922465317648,8.670229142904289e-06,0.012752418177582167,,,5693.902931264699,0.17598111919974416,0.07251334425362907,0.16651068471058583,0.482784779169068,0.0,0.10221007266697306,0.0,11.276512225770093,,
CHI:34,34,ARMOUR SQUARE,2577601.841831905,3886.8148065049754,2573715.0270253974,,0.4797994766407334,0.4742980444645795,6.796136139393182,3.2129078375557967,1.6426010307752161,9.07837550810201,0.17539225147966062,0.1756571282017675,0.42064463484292125,2.0,3.0,5.487869879064336e-06,0.7172184085639498,0.0,0.22827048615514237,0.03188787221695299,0.026293546101132007,0.03341399824569574,0.3010975314549213,0.34858537910592297,0.030451186720232584,1.1803900748653133e-07,0.7073055405595424,0.9999999019136798,1.356802122408745e-07,0.003696259252781722,,,5101.253338124166,0.25209138214033244,0.033467727495601785,0.07118110754912076,0.4376213791082713,0.0,0.20563840370667372,0.0,21.010818452675544,,
CHI:35,35,DOUGLAS,4270688.521222364,0.0,4270688.521222366,,0.36248766803141935,0.6353148463656837,2.915955415744698,2.095592143367817,1.6499714235487257,9.889917916279932,0.12983654844658768,0.12983654844658765,0.37907761529808776,2.0,3.0,9.789610034011303e-06,0.7947030974647532,0.0,0.0923716384800483,0.00129011273638092,0.2536595360168846,0.1009373641757527,0.32643820792471473,0.07490586467125124,0.15039727599496744,1.4674566436641017e-08,0.6974867222887967,0.99338318892017,1.666514276223568e-08,0.00292509565162108,,,4362.06010047953,0.06258802910763095,0.14167293643959056,0.17812291192644755,0.5879208270550368,0.0,0.02969529547129416,0.0,12.196122281012856,,
CHI:36,36,OAKLAND,1570141.2414192385,0.0,1570141.241419239,,0.21220244252153075,0.701471932225397,1.6954730981376105,1.7342089601203148,0.9901177751406127,9.585874413500868,0.08673071892137142,0.08673071892137019,0.39580209895052476,2.0,3.0,0.00015087184210269445,0.7006242009064114,0.0,0.026414175515470418,0.0,0.0684717275712308,0.08271107572987305,0.46531252670207984,0.18136230818955892,0.17572818629178694,8.627678022362716e-08,0.4942167829213114,0.941334412114822,1.0813983715256638e-07,0.0007738393443294799,,,2785.0997634119076,0.19264239186341922,0.10529488642436274,0.1017147165944366,0.5410947310005154,0.0,0.059253274117265824,0.0,12.197560431838134,,
CHI:37,37,FULLER PARK,1848913.626373443,0.0,1848913.626373443,,0.5639356844701859,0.3568836940189054,10.4446868720401,5.066168898254475,0.9014433334914074,9.386777018413227,0.1230010856963332,0.12300108569633318,0.5258092738407699,2.0,2.0,0.0014944032262986968,0.7593418291958139,0.0,0.05467067540287291,0.06327355885856138,0.053572353689681405,0.03718064213913186,0.15214079452707885,0.44349055057447173,0.19567142480820196,4.7859570439220823e-08,0.7595232620300351,0.9999999703604348,4.785957140220927e-08,0.0003432550726490399,,,1182.3159117972082,0.327824232026597,0.03004724330771106,0.028691100358204838,0.4723082084487124,0.0,0.1411292158587748,0.0,21.508602011151606,,
CHI:38,38,GRAND BOULEVARD,4501641.174230013,0.0,4501641.17423001,,0.06373233310999504,0.7134011299510464,0.5706293189428042,1.866714183603012,0.3113026358115416,9.994054111885529,0.17752513127448732,0.17752513127448744,0.501859799713877,2.0,3.0,6.447304029795259e-06,0.7063544060584982,0.002377010116769203,0.0640490451549358,0.010375127491341514,0.14044531059164023,0.03877909814685986,0.44826887996809234,0.03592644581285386,0.25977908271750716,8.768399367390265e-08,0.6882773339226655,0.9999999590250361,1.1434280777146246e-07,0.0034209494893902453,,,5510.879041629369,0.0,0.10475497688383843,0.1498101252995993,0.7454348978165624,0.0,0.0,0.0,13.823644067146434,,
CHI:39,39,KENWOOD,2698752.5193461874,0.0,2698752.519346185,,0.17517649269107027,0.753565219919519,0.8964010811455232,1.4970928136183017,0.5955089586711999,10.513933370260338,0.18203202000197877,0.1820320200019789,0.4567779960707269,3.0,3.0,1.1540102970144746e-05,0.627461215591261,0.0,0.05817342143660585,0.0013506359487091518,0.11649853550661268,0.10657022528795768,0.5940454582913209,0.08813218959137889,0.03522953393741487,2.1199258451443673e-06,0.6743212197500598,0.9956477234913732,2.135754016376274e-06,0.0,,,5323.941301398344,0.12743431468860267,0.04915949429653436,0.21969569525833982,0.5526088157351714,0.0,0.05110168002135177,0.0,11.555500556081723,,
CHI:40,40,WASHINGTON PARK,3933639.2311044564,0.0,3933639.231104459,,0.1877850005999222,0.7519278486925912,1.5511268591333232,1.5185640616113307,0.4909442843299452,10.213396099338569,0.11568723129606844,0.11568723129606841,0.5415896487985212,2.0,3.0,5.116349277291821e-16,0.7307675071599472,0.0,0.05434702305747411,0.010816040087526154,0.0548885374284867,0.4489571794129237,0.18575389549280752,0.05971507633196968,0.1855222481888122,2.1942267492240868e-09,0.8033502564700646,0.9999999355829402,1.0750625669442872e-08,0.0003276702089807023,,,3142.6369511087814,0.0,0.17861117063938617,0.17451888057485354,0.6468699487857604,0.0,0.0,0.0,10.223649322324544,,
CHI:41,41,HYDE PARK,4187160.273554516,0.0,4187160.2735545184,,0.16671825040940114,0.721869401905449,1.0650644015254969,1.5469672796581115,0.6548977077040501,10.057401362366637,0.22167079246697619,0.221670792466976,0.4105419450631032,3.0,3.0,7.52162429267745e-05,0.660720525540697,0.0,0.04669866112648947,0.0023099140875086667,0.22504394348784845,0.340840300110207,0.3416538699517858,0.04037255118179197,0.0030807600543686004,1.0907107097917934e-08,0.7821452633358552,0.9969020955016868,3.061349359556509e-08,0.004089610192050742,,,5753.780229565489,0.06359379755248212,0.0670544033282654,0.11621464869070684,0.7508118186591314,0.0,0.00232533176941427,0.0,11.741752439040797,,
CHI:42,42,WOODLAWN,5367025.069098742,0.0,5367025.069098739,,0.022063994965074496,0.6973478932252699,0.4557048031551445,1.9947971199249563,0.2989977797878396,9.930183465434492,0.157446059469493,0.15744605946949303,0.5541319666880204,2.0,3.0,6.084321132193672e-05,0.7287252303650109,0.0,0.04082814136360147,0.004615182641415713,0.14850016556464307,0.34232321298964113,0.32623333672987415,0.029511814817228733,0.10798814589359569,5.2529828687556826e-08,0.7496996751123624,0.9986185979154275,5.274045734645495e-08,0.0012916180088230768,,,4553.174185956166,0.01058780979161356,0.10320122570893997,0.24046721402025578,0.6457437504791906,0.0,0.0,0.0,11.324653941363211,,
CHI:43,43,SOUTH SHORE,7594657.399805894,657.4125908045781,7593999.987215118,,0.03481529307424336,0.6991730682093824,0.2787723570173457,1.986109156096879,0.2418031543383936,9.923230253303865,0.25333950192110694,0.2533614335221847,0.5580914811684042,2.0,3.0,3.2708104605917994e-06,0.58139715705778,0.0,0.08410743044114904,0.007792271900588978,0.06127024142024399,0.10974758684244142,0.6472251159528968,0.023126822628610048,0.06673053081406968,3.0969521343362734e-09,0.6859487876388608,0.9986049428433923,3.1290688763837237e-09,0.003984756638289363,,,6093.230749445358,0.0,0.1353628099318991,0.10971622624257525,0.7492328288846393,0.0,0.005688134940886313,0.0,14.040109236518212,,
CHI:44,44,CHATHAM,7641960.258714579,0.0,7641960.258714577,,0.05504919391125629,0.6992875722604256,0.5028567750096837,1.9883879693330628,0.28841277147149214,9.92643645547334,0.2208070685783763,0.22080706857837634,0.5256627620221949,1.0,3.0,0.0004445838627936047,0.6562597942550739,0.0,0.13779875793951257,0.029948464026346724,0.06908425017084426,0.031087482929739403,0.5817040749307173,0.10276463409407387,0.047612335908765846,1.358497302995789e-07,0.7110321306847236,0.9999999784731916,1.3777689688489394e-07,0.005868188895234149,,,4114.12764992426,0.0490664768121384,0.10758133490442176,0.0665254686289591,0.7525093881932979,0.0,0.024317331461182944,0.0,12.97667927644779,,
CHI:45,45,AVALON PARK,3235392.223975368,0.0,3235392.223975368,,0.17333153215400543,0.683621837466599,1.0587458562127456,2.019739875126869,0.9049105669964881,9.912465323114821,0.210489503566774,0.210489503566774,0.5492192803801765,1.0,2.0,2.2222663706943202e-15,0.6507553815470294,0.0,0.08352866426932563,0.01801480324576966,0.07388208265674219,0.05539067061489708,0.5865777234454123,0.14155198064443875,0.041054075123414316,1.2185728889574577e-09,0.7082675921956382,0.9999999833311324,1.6725490006537463e-09,0.0,,,2933.8019451431637,0.12327567406481786,0.12486674137631659,0.1351898872099503,0.5913223897477267,0.0,0.025345307601188607,0.0,15.79622092560474,,
CHI:46,46,SOUTH CHICAGO,8658353.316413738,3366.1529064864085,8654987.163507277,,0.02239078307127107,0.698779227748194,0.23317428072032342,1.9939934385086318,0.1279892324033085,9.924179454836516,0.15942579335158552,0.1594877982497462,0.5533792871553463,2.0,2.0,3.0355628868882925e-07,0.7014796247477447,0.0,0.054106292746770944,0.021586396003060455,0.04708330426241435,0.08081284631229609,0.3988553004032719,0.043641882716989266,0.35391397755519693,2.898862512242893e-09,0.7357661564117709,0.9995492126786443,4.537368586935854e-09,0.0008214416980745085,,,3357.682337227782,0.0,0.055960088187415,0.09912108141575025,0.8449188303968346,0.0,0.0,0.0,9.795989037554966,,
CHI:47,47,BURNSIDE,1577750.4900127081,0.0,1577750.490012709,,0.003764766070712633,0.6972786568653732,0.015322840307173013,2.008718713133341,0.003379476785873692,9.923157528865197,0.18623706612673327,0.18623706612673313,0.5513439007580979,1.0,2.0,1.3358427806838535e-07,0.7578073050902298,0.0,0.047281978728852744,0.3695850925791601,0.02309136492620642,0.0216495612273064,0.2448156905167184,0.19200855306831485,0.10156775895344117,5.044393485370283e-09,0.8309128349924406,0.9999999978082293,5.044395668602798e-09,0.04009146570731054,,,1412.7709128342888,0.0,0.11273865868817508,0.0,0.8872613413118251,0.0,0.0,0.0,8.292134821979621,,
CHI:48,48,CALUMET HEIGHTS,4532529.506122129,0.0,4532529.506122116,,0.017557023431938656,0.6975966163414302,0.04300504383042858,2.0009358477370287,0.053669645379226694,9.926336303393798,0.1983471324755515,0.19834713247555208,0.560554419450125,1.0,2.0,1.55390628388765e-15,0.594481675263824,0.0,0.05582282263609197,0.01879180082345436,0.03821623196887826,0.02785622086253372,0.6315072087455863,0.14611331970290273,0.08169239526055264,5.077943595705022e-09,0.6878945348449169,0.9999999973274859,5.083982147875201e-09,0.00695614856579161,,,2664.7372032958933,0.07188998125454424,0.07268762249110287,0.08601820466820971,0.759930106450701,0.0,0.00947408513544225,0.0,14.256197112897048,,
CHI:49,49,ROSELAND,12468599.090501223,0.0,12468599.09050122,,0.011444004985965428,0.697569511819124,0.07417298010468376,2.001567781065298,0.03479345444473658,9.922605731144209,0.192036353933502,0.19203635393350196,0.5506438337979557,1.0,2.0,2.4084544722898364e-08,0.6231246318739551,0.0,0.03695307353286202,0.004017424214883977,0.14733572330925132,0.03196606165902087,0.5881158869701196,0.10998717960488127,0.081624650708981,7.244089881028818e-10,0.7127819971184541,0.9999999978476553,7.897815589691361e-10,0.0006676085015291718,,,3020.3874329947766,0.06133040442032868,0.10330273953601228,0.11108601521010063,0.7162634865915348,0.0,0.008017354242023617,0.0,13.726010085847397,,
CHI:50,50,PULLMAN,5477165.108303168,0.0,5477165.108303165,,0.3826456159860213,0.6564171966145559,2.15177340175871,2.0730380163167927,0.6844549553859824,9.882226523931227,0.16791226706555598,0.16791226706555606,0.5518867924528302,2.0,2.0,-1.2658198008509383e-16,0.791236109256195,0.0,0.07601852170755771,0.357468047535482,0.17001026873846395,0.005357984529885235,0.21815220048069164,0.07011952251192523,0.10287345449599428,1.3454753981318463e-07,0.7369837738628592,0.9999999952306626,8.484494649376396e-07,0.0,,,1250.8295558982059,0.12925450381513584,0.12161226907815367,0.01714373870269688,0.5501473457457772,0.0,0.1818421426582365,0.0,8.78636792272155,,
CHI:51,51,SOUTH DEERING,28201380.17173013,157754.5428692821,28043625.628860857,,0.17977906185770798,0.6974387972436242,0.45118948744625387,2.002300100828048,0.17645934579902622,9.922783494079773,0.05950912643462532,0.05984374317572054,0.347953216374269,1.0,2.0,2.502746606233969e-06,0.6241257474325025,0.0,0.011503176702254671,0.11910011679935073,0.0062567378573614935,0.11465251502448319,0.07943291646916288,0.5900608020447606,0.07899373510262647,7.903819818198064e-09,0.8700858943052631,0.9999999918066776,9.036437617163853e-09,0.00045017365142826056,,,535.4347875192531,0.07410844409735647,0.17027072348552316,0.06056928606460036,0.6414292474205797,0.0,0.0536222989319401,0.0,3.3347078684530937,,
CHI:52,52,EAST SIDE,7727178.703392426,35895.51197096119,7691283.191421431,,0.005408445450568067,0.696658137600882,0.025295982222849123,2.0101326157643102,0.01172340409085848,9.91762122729101,0.1447400514236505,0.1454155587634862,0.48401988636363635,1.0,2.0,7.932362931791484e-07,0.8055209660015348,0.0,0.05045560351462948,0.07847281220069413,0.06541175456653762,0.12976184703247398,0.388821449204673,0.22031377261380103,0.06676276086719075,1.5344401988038412e-09,0.7377156808712761,0.9984064744901726,1.9956004660837455e-09,0.0018651015421533345,,,3057.9077962343845,0.06073076320375918,0.05137258226124142,0.09625634783103651,0.781062466314395,0.0,0.010577840389567836,0.0,9.588074734847009,,
CHI:53,53,WEST PULLMAN,9224313.72146977,26468.84139879874,9197844.88007097,,0.017299047867125328,0.6970033616073794,0.2624852053868352,2.009813768158611,0.05122594838963934,9.917042707482839,0.18721715081486046,0.18775590974553028,0.559882851445663,1.0,2.0,9.08167156786098e-08,0.6584994139594537,0.00013051125205801832,0.03336003984901964,0.03922026600134166,0.05254239721729891,0.06221716096440699,0.586794689275564,0.08884697033827857,0.13688796510203216,3.686218591868915e-09,0.7159546860549999,0.9999999943748116,3.6975309958101487e-09,0.008845776717835728,,,2727.4657779084355,0.0,0.09683121874674104,0.0561921373730483,0.8469766438802107,0.0,0.0,0.0,12.357025916810642,,
CHI:54,54,RIVERDALE,9133600.2635281,9472.345950265468,9124127.917577812,,0.28090786032709875,0.6288763358029368,1.2299136953258785,1.8663603094497452,1.5067701837668466,10.188788463448198,0.06611843774542231,0.06618707956211699,0.34047267355982275,1.0,2.0,1.9277271280988525e-16,0.7760418245260806,0.0018442703529603542,0.019661999275945006,0.11266401219629532,0.029938759311463413,0.13753253317576936,0.1363612567531602,0.43075883890292893,0.1312383300314774,5.434824755739657e-10,0.8678631117732841,0.9999999930700976,5.455140046163637e-10,0.0,,,847.4204888194018,0.16441092158562812,0.037722972654327926,0.1079506449113826,0.6256211788735133,0.0,0.06429428197514817,0.0,4.199181634814355,,
CHI:55,55,HEGEWISCH,13549805.897309886,237346.59489617718,13312459.302413723,,0.006537123678785783,0.697378480203374,0.03547286789448556,2.001556660288235,0.023582240908368135,9.92784487246369,0.06290000929559104,0.06400911719890477,0.43289531965155764,1.0,2.0,-1.3659234453643283e-16,0.807308077228154,0.0,0.022712623722340196,0.16943460387438777,0.007180276430371316,0.2547823718894216,0.16786926461526508,0.25166689004137566,0.12635396942683835,9.589136677803304e-09,0.7368099878856835,0.9999330458452143,1.1388586866083802e-08,0.0008554623161179778,,,656.4669684136192,0.0012142372665236067,0.1495896749467015,0.06110639306101263,0.7653081431871003,0.0,0.02278155153866193,0.0,3.84093661301758,,
CHI:56,56,GARFIELD RIDGE,10944726.480271464,40104.60993474626,10904621.870336689,,0.003983121547833757,0.6982933958533446,0.03209830718518436,1.9937366340710148,0.016269760532273025,9.933730918842812,0.20685008992839155,0.20761083544255832,0.4947640356137842,1.0,2.0,2.0287686280563197e-06,0.6309043787396261,0.0,0.05741824344300809,0.05678476629031202,0.02715949941604729,0.021798891654941446,0.5403919337005311,0.25994873689502246,0.03649792860013753,3.1990353918058465e-10,0.7508185184852715,0.9999999908270554,1.555193132560135e-07,0.000287075417184405,,,3313.4679121830836,0.008345045703455128,0.09487399177196557,0.053554181355964375,0.8348605591827313,0.0,0.00836622198588367,0.0,11.95542385167232,,
CHI:57,57,ARCHER HEIGHTS,5191636.034741252,0.0,5191636.034741254,,0.011372360869680076,0.698114246524095,0.05850772454269193,2.0003089481529974,0.18193936790784093,9.935253472289538,0.2746185169323893,0.2746185169323892,0.5042592592592593,1.0,2.0,7.026722812343465e-08,0.7300623626872309,0.0,0.08079692765923906,0.33095284164290223,0.03705791173379411,0.014647457273870915,0.23134884199857367,0.2887436454805654,0.01645237421105465,3.2978741519048e-09,0.7979596717820745,0.9999999754773093,1.1476614348026777e-07,0.0033315383679422806,,,2672.567935647192,0.05262758913325616,0.09393261009172932,0.05743144020149444,0.7623288137396409,0.0,0.03367954683387924,0.0,9.37753991191127,,
CHI:58,58,BRIGHTON PARK,7045514.692655271,0.0,7045514.69265528,,0.023063925090878068,0.6971553775346799,0.09704801521923101,1.9999649726992035,0.025410174013444475,9.92952835198301,0.26681977850008615,0.2668197785000858,0.5067022143227431,2.0,2.0,1.480765313945317e-07,0.7269395258918482,0.0,0.09884048171869791,0.20264668676775283,0.03973884065146917,0.019582342231486794,0.42983961329606246,0.19026391480990185,0.019088120524629017,8.426454522358553e-08,0.7397432262824779,0.9999999681181503,8.910480798026726e-08,0.0022206261264485472,,,6012.335769331228,0.029597299982478092,0.12871261981508256,0.08273454253952521,0.7477780055305183,0.0,0.011177532132395807,0.0,11.457167755879338,,
CHI:59,59,MCKINLEY PARK,3660611.3185833413,0.0,3660611.3185833413,,0.14120127387748738,0.6972463221081908,0.35727912127469774,1.9996273117564363,0.6200906888156297,9.920953030252242,0.22693821774320272,0.22693821774320272,0.5028694404591105,1.0,2.0,-1.4013573156656747e-16,0.7996435802998386,0.0,0.11081927448050634,0.24175039841133067,0.03369918145908041,0.11089998792391668,0.3558136788588778,0.12133707328030062,0.025680405585987543,2.184934657662829e-08,0.7344508922138991,0.9999999652433688,6.30548914391943e-08,0.00286298659286708,,,4206.94759965934,0.04263246768610123,0.16064351445813152,0.14553575600489002,0.6173183259102678,0.0,0.033869935940609414,0.0,12.918790898305584,,
CHI:60,60,BRIDGEPORT,5411376.26288976,12458.028406343929,5398918.234483387,,0.17108896569442078,0.6974784177024038,1.4755266347679283,1.99669946923553,0.4461905431393802,9.91817829373026,0.26686030176487335,0.2674760831261627,0.5064269662921348,2.0,2.0,7.934487567688936e-06,0.7135052531666484,0.0,0.09477837138472256,0.15779310935516588,0.0361977123458869,0.050330611912328696,0.5191554618559205,0.10494321459821401,0.03680151854776152,4.103712858133682e-08,0.7092348763354535,0.9999999139547329,6.880653961252146e-08,0.003077881192266567,,,6100.481355619333,0.06525705181627152,0.08841416739495006,0.08191522680848283,0.7189237130286444,0.0,0.04548984095165107,0.0,13.839060664392225,,
CHI:61,61,NEW CITY,12498811.102789551,0.0,12498811.102789553,,0.0033725385768224037,0.6978484839951258,0.02948624439174452,1.9996025533773223,0.009746590840668645,9.923476991570007,0.20544034976665224,0.20544034976665207,0.5589162413689582,2.0,2.0,1.9779961018463398e-05,0.829989748660419,0.0,0.07919447883417997,0.29698276860946543,0.039390000293994025,0.03573000316741248,0.2323072188711247,0.18456210848214744,0.13183342174167584,3.8398527219229874e-06,0.7879081538944605,0.9999999413769419,3.979047542168661e-06,0.0005058537196607069,,,3267.7508015849958,0.0,0.1293790554362735,0.0782534824600661,0.7923674621036603,0.0,0.0,0.0,9.598667100535323,,
CHI:62,62,WEST ELSDON,3036772.3278312637,0.0,3036772.327831265,,0.0032404755293390375,0.6980592515458806,0.023412402748738792,1.998911660167127,0.009289150360913823,9.932469190729648,0.246553625167794,0.2465536251677939,0.4909404659188956,1.0,2.0,-4.664528726122532e-16,0.5053136841743613,0.0,0.09630944481369176,0.06676704034675457,0.028709689589674747,0.03017687717528354,0.7202035892202361,0.039805636782396424,0.01802772207196294,2.511381787124481e-07,0.7086487044012455,0.9999999837054733,2.5113817727639613e-07,0.0024477945550311474,,,5993.5345936843405,0.0,0.08990527091244263,0.060299280751308006,0.8497954483362494,0.0,0.0,0.0,13.30124749521463,,
CHI:63,63,GAGE PARK,5689383.197588823,0.0,5689383.197588821,,0.0017867235054941366,0.6986676412935192,0.014439598754830252,1.9938433752902933,0.005788774673231245,9.929810007949014,0.26927003754558543,0.26927003754558543,0.5121852152721365,1.0,2.0,2.6336348212736256e-06,0.6721688951181269,0.0,0.08136762678464261,0.15841822839487152,0.09966091989185702,0.019034980570096872,0.549410190039003,0.07242583887848691,0.019682215441042004,1.9583653963258597e-08,0.7272066862813129,0.9999999556354298,1.958365583091444e-08,0.005528171838755829,,,6090.291125878948,0.0,0.12337969114958937,0.10818004879841955,0.7684402600519913,0.0,0.0,0.0,12.339930502380591,,
CHI:64,64,CLEARING,6604979.639871065,0.0,6604979.639871069,,0.003099268734239047,0.6971697404675368,0.019545114246656503,2.0088508316359466,0.011042057574934816,9.934725885454716,0.22065739494469205,0.22065739494469563,0.4696969696969697,1.0,2.0,0.0,0.6410480908167561,0.0,0.04311409553214735,0.0977298750632033,0.021732772286209543,0.02774840657208289,0.47483166689820605,0.31774409606690013,0.017099087581250748,5.008776138880118e-10,0.7693274068387543,0.9999999869401264,7.800988867288055e-08,0.0014714338656468685,,,3741.116755430659,0.0,0.13905254527911673,0.06973837739846384,0.7912090773224196,0.0,0.0,0.0,10.915223728123422,,
CHI:65,65,WEST LAWN,7641846.6241053315,0.0,7641846.624105335,,0.003118770739882759,0.6983997375336214,0.021951813664350617,1.9983045295703357,0.005875922194247707,9.930161833375239,0.24926094354531841,0.24926094354531825,0.5085122646098256,1.0,2.0,1.6310929832383e-06,0.7281177205984187,0.0,0.12129683004303149,0.13927770380180668,0.07512292246078238,0.011661880867068904,0.4698602747149407,0.15842599129193766,0.024354396820432053,3.374940509211743e-09,0.7880213955549537,0.9999999934348938,1.7277908195275656e-06,0.003164085190000649,,,4246.486693103344,0.0,0.09970597570875364,0.028751881690700497,0.8715421426005457,0.0,0.0,0.0,9.837043710197877,,
CHI:66,66,CHICAGO LAWN,9123770.849222558,0.0,9123770.849222558,,0.002630894853646759,0.6988985110711244,0.02402135344468026,1.9916877705454799,0.01396074916057799,9.928064444560178,0.23860128111277856,0.23860128111277862,0.5257858420649119,1.0,2.0,4.4374360329515755e-08,0.6698053880416457,0.0,0.07817181774455371,0.03508592101485422,0.03984428791534485,0.18545727254164676,0.5551394276673994,0.0667696004680071,0.03953167264819383,1.2924209540954516e-07,0.7370933810604786,0.9999999979456794,1.2931064801851392e-07,0.002916885591190724,,,5726.250786367769,0.0,0.10869456335392037,0.052353189703250626,0.838952246942829,0.0,0.0,0.0,12.11136765907868,,
CHI:67,67,WEST ENGLEWOOD,8164513.351020754,0.0,8164513.351020756,,0.006373958269405788,0.6978703889618644,0.05172351793546626,2.0010051520868855,0.01241946349086298,9.921967708832605,0.19627339620549264,0.19627339620549258,0.6304024899200679,1.0,2.0,-1.4529424009002191e-16,0.7341371658681112,0.0,0.04751820580008237,0.029390460419334286,0.06748217648291968,0.060671800002104516,0.4633140009189518,0.10087131327460146,0.23075204310200603,8.131895216863583e-10,0.6969248548531219,0.9999999925277817,1.750403230156264e-08,0.0006538360186666699,,,3180.9611771598143,0.0,0.0915849727556533,0.12260164546923494,0.7858133817751117,0.0,0.0,0.0,13.65305712994054,,
CHI:68,68,ENGLEWOOD,7951338.819003335,0.0,7951338.819003343,,0.027050448136473948,0.697889706660723,0.32226280886452074,1.9985471797640337,0.19330885216393945,9.92241435228398,0.1588845590397916,0.15888455903979143,0.6436499466382071,2.0,2.0,2.8281007994540247e-05,0.7438371451811947,0.0,0.039224578262033634,0.011531848098095054,0.1286300228307834,0.03270197521046689,0.36349202670442654,0.12944622797447095,0.2949733209197235,2.2700851120310907e-08,0.7063869931404605,0.9999999864217349,2.856237254764753e-08,0.0012536290608231024,,,2683.4474653508096,0.06446411733823115,0.08611421644787401,0.05190709594085476,0.771399588069513,0.0,0.02611498220352701,0.0,15.01482444088121,,
CHI:69,69,GREATER GRAND CROSSING,9176699.438654505,0.0,9176699.438654495,,0.21284175670742445,0.6971242764735643,0.5611913109622704,1.9796919304090839,0.6899313526913797,9.922782442498594,0.18297422118391377,0.18297422118391396,0.5438200367954508,2.0,2.0,3.472345171779898e-07,0.7416926926033319,0.0,0.05798695411947915,0.022867246887682397,0.1635354456375607,0.022122098583329326,0.4158375243397854,0.23585193411701366,0.0817987963151493,1.4524589666232495e-08,0.7345453409841356,0.9999999793614212,2.143141002593459e-08,0.0023175408518066364,,,3165.8441244818223,0.12502706827689328,0.08340487262024107,0.09281210277830378,0.6396411138012279,0.0,0.0591148425233341,0.0,13.432460996067595,,
CHI:70,70,ASHBURN,12575528.458546674,0.0,12575528.458546683,,0.09296193777800643,0.6960780190379872,0.23446369242797216,1.998438474517505,0.17319233322161232,9.928162057210487,0.19559709750582288,0.1955970975058226,0.5242784961890896,1.0,2.0,9.781460536476981e-05,0.6806916842201923,0.0,0.058291093213427056,0.05978755163532277,0.06334968084960259,0.11121233981764335,0.5601150646045306,0.12877881549747044,0.018465454382003185,1.0975715484513627e-07,0.751594488170188,0.9999999665484045,5.9507513360885144e-06,0.0017840145697018857,,,3406.7753209117345,0.0,0.14295311541757755,0.06702747448858246,0.7900194100938399,0.0,0.0,0.0,11.917862980321967,,
CHI:71,71,AUBURN GRESHAM,9753564.39047053,0.0,9753564.390470546,,0.0032981015632693733,0.6979223695959705,0.037879141440509745,2.0002397849584326,0.010491923557742311,9.923337227827187,0.2438132182287448,0.24381321822874444,0.5357266650160931,1.0,2.0,3.6612374568380373e-08,0.594489348859336,0.0,0.06875293229880239,0.031079020402448625,0.06399032616173393,0.035934660947072664,0.6588233267865602,0.06344622171208812,0.07797351169129406,1.177298454422795e-09,0.6985584893461175,0.9999999957996162,1.268663326818348e-09,0.00411579787766871,,,4765.7449255592155,0.0,0.09765512913370834,0.07364375123447983,0.8287011196318117,0.0,0.0,0.0,13.884238077727376,,
CHI:72,72,BEVERLY,8241752.41919864,0.0,8241752.419198638,,0.031004357681341355,0.6975105131873254,0.41842300436805546,2.001690144493618,0.33433887597946566,9.972050886576302,0.1673057751463271,0.16730577514632708,0.5655113393239195,2.0,2.0,-5.065600042171773e-16,0.4369116961667339,0.0,0.05008767397449633,0.00035618086478585626,0.02793297076961179,0.16874989434840398,0.7224031914633678,0.025053050173929153,0.0054170384054051295,5.700914603537545e-10,0.7490421133333862,0.9999999902404111,6.047250542086233e-10,0.0014769792981367171,,,2403.7363648356545,0.0,0.07722742535532258,0.04860086410919297,0.8741717105354845,0.0,0.0,0.0,11.658512652300258,,
CHI:73,73,WASHINGTON HEIGHTS,7392825.464327746,0.0,7392825.464327751,,0.015184629953460593,0.6983989202183333,0.14110963168914537,1.9987215576948099,0.06557979221572552,9.92346611265878,0.19870233700497894,0.19870233700497889,0.5522109749600426,1.0,2.0,-6.339962686987636e-16,0.5473797842378406,0.0,0.05118206940824963,0.028834275671415555,0.06889355082555162,0.03744135643992492,0.6949930351539575,0.08499165623136413,0.03366405626953665,1.8273846755971819e-07,0.6836554309020116,0.9999999986548924,1.827176256711782e-07,0.0035523984682914894,,,3558.8558294731033,0.057393541704148315,0.09161853775226017,0.083300266332198,0.7555817591093005,0.0,0.012105895102093032,0.0,14.832943974604582,,
CHI:74,74,MOUNT GREENWOOD,7016921.1373001775,0.0,7016921.137300187,,0.032602753399899154,0.6941780676417457,0.1871569867709555,2.0183006484913086,0.45449396023598254,9.922610660897467,0.16805828424477298,0.16805828424477276,0.5070247933884298,1.0,2.0,-3.356468217462791e-15,0.45557874973922247,0.0,0.03265003212052387,0.000561802745138215,0.3774061429065689,0.021938902475496957,0.5562917489476932,0.010099693721280275,0.0010516770832985976,6.022286473210673e-10,0.797916652245019,0.9999999959201579,1.0883081176070906e-09,0.002044354223530356,,,2722.98913243189,0.0,0.1421025483526853,0.06161494877835989,0.7962825028689549,0.0,0.0,0.0,10.092510892420984,,
CHI:75,75,MORGAN PARK,8529326.80246866,0.0,8529326.802468637,,0.07899770129732786,0.6987110395278778,0.49605179712348635,1.9794692783247578,0.43249910548149373,9.931450330208985,0.1698881677227628,0.16988816772276322,0.5458741598510001,1.0,2.0,7.962170116540696e-07,0.6198304344172985,0.0,0.06998208605082623,0.041118395484604546,0.11843296528726757,0.04401834124032256,0.6305874340503727,0.05316010961276394,0.04270066827384247,5.894803027774708e-09,0.7329296977399699,0.9999999801021044,9.05552559064315e-09,0.0006225370858872403,,,2495.8593442378797,0.04955122944520585,0.08678349188204035,0.07072107636066012,0.7709986377992827,0.0,0.02194556451281091,0.0,12.530390062988982,,
CHI:76,76,OHARE,34522423.5838005,1350.4853734221447,34521073.098427124,,0.4626798132646822,0.5368382952134809,2.8971861490686366,2.390995885425347,1.9690287130852617,9.74899463728713,0.04343760561549516,0.04343930492104314,0.5525953146531924,1.0,3.0,1.1516202151195337e-08,0.35149267787657423,0.0,0.016474727091670607,0.0039617317524128825,0.005983836331810885,0.1756777699514468,0.027964773007741778,0.7694765982410341,0.0004605636238829136,1.4813965055221016e-08,0.9696393508860736,0.9999999742946741,4.6892732454341636e-05,0.0,,,471.6065186002697,0.04758066758469287,0.09412467398560029,0.04523169972186969,0.09635247415163385,0.0,0.008045945169062043,0.7086645393871411,5.771620387517614,,
CHI:77,77,EDGEWATER,4497787.52675187,0.0,4497787.526751869,,0.10116571366276872,0.6974668888725386,0.44958944054578476,1.9572068514168568,0.27287493013911934,9.946527680755114,0.31205628017912995,0.31205628017913,0.5347456483605452,2.0,3.0,2.788735643278581e-06,0.46125670222105686,0.0,0.14578020439476266,0.006789703183248344,0.0895962812675355,0.013950394361443014,0.7119975896680015,0.024651257642841512,0.007234569482167444,4.1147127339974456e-08,0.6385490010775853,0.9987707763430427,4.1147137303022336e-08,0.0024036845348611767,,,10557.190555928977,0.03594052890112088,0.0504112862580227,0.1910161003617067,0.7108475733166738,0.0,0.011784511162475876,0.0,12.782521746901166,,
