district_id,family,squared_distance_contribution,contribution_fraction
01,M1,0.06528587209766742,0.04022887013876839
02,M1,0.0036251855313069368,0.0009892190376389505
03,M1,1.6862826622703917,0.14209852781216264
04,M1,0.07483435554810035,0.03098186691523363
05,M1,0.06427462276338808,0.02423657054321563
06,M1,0.03669245823802677,0.02037693156315372
07,M1,0.01172347702392974,0.009879366877507352
08,M1,0.060993718174701214,0.21103010757200416
09,M1,0.0020959577843273594,0.005316396926269476
10,M1,0.0,
11,M1,0.13560968359392037,0.03451342233889498
12,M1,0.03675208076561428,0.01165108055012284
13,M1,0.18744844578277137,0.05732395132834483
14,M1,0.00516104927531244,0.011103942784305163
15,M1,0.0007508014765492439,0.0004521841549074421
16,M1,0.050277904709305286,0.022154759028540277
17,M1,0.024175825488857775,0.008436026340308036
18,M1,0.016927744325220286,0.005686580516413835
19,M1,0.06158270562889327,0.02028460839316192
20,M1,0.03264822485931163,0.02219875316552587
21,M1,0.012408393569726148,0.007529609676921916
22,M1,0.09024575226660378,0.03149207284274577
23,M1,0.11519869797018975,0.029698284881724487
24,M1,0.004205084588575109,0.0015521329251768825
25,M1,0.07287835544018977,0.013302912699693834
26,M1,0.0027021191430208385,0.0023865303933307148
27,M1,0.07083941977297868,0.022795640928076677
28,M1,0.0023370285745675126,0.0009071638277313379
29,M1,0.02621128879164575,0.009674195992148468
30,M1,1.1093106726219921,0.1305932095070498
31,M1,0.015840585756640303,0.006020981387524369
32,M1,0.009877132073252706,0.00764682525183772
33,M1,0.14768657716378472,0.028628898611094643
34,M1,0.0033760126926022454,0.0035519097118526695
35,M1,0.044466606988502966,0.03371590543458507
36,M1,0.04494950099884336,0.01582069946718774
37,M1,0.030863317786327064,0.014722777972942247
38,M1,0.031905059871640704,0.015682683996745578
39,M1,0.018539218935606276,0.005583821754836226
40,M1,2.407840275635781e-06,6.086193775217309e-07
41,M1,0.023583022124297557,0.00716150072802991
42,M1,0.48778177783297255,0.09656975782709873
43,M1,0.3901870953265332,0.08319165634912874
44,M1,0.00034999677303759264,0.00010118214243873634
45,M1,0.006499384215409436,0.006351664856208239
46,M1,0.15187119201677604,0.048585883063992114
47,M1,0.3229817300548139,0.08123901479563272
48,M1,0.002603930408941302,0.0032732863752365127
49,M1,1.5575946892891803e-05,2.0672343596066876e-05
50,M1,0.04185408511696778,0.017077645419735152
51,M1,0.3124350141047447,0.08424256472872212
52,M1,9.75632812715446,0.1316077250142746
53,M1,0.012579022567785494,0.018152014858037392
54,M1,0.0029971857908920293,0.0008789984720727985
55,M1,3.232986231224822,0.16172062621850786
56,M1,0.004502438288803498,0.003469943479101866
57,M1,0.7115455472186091,0.14897258834866367
58,M1,0.2986580898680114,0.06831346558764297
59,M1,0.007225115031470968,0.0042574339003364535
60,M1,0.02321947891513306,0.018040452951249893
61,M1,1.0258446565076222,0.11995603883017213
62,M1,0.01371697830981328,0.023470577773265014
63,M1,0.00463850092824808,0.001438970334653343
64,M1,0.10404244753398624,0.03565237385767522
65,M1,0.1354885727460144,0.02752937568062934
66,M1,0.4446073847156763,0.1844297267794627
67,M1,0.06788933585265988,0.017292827397758018
68,M1,0.012922529931215473,0.004679815217301019
69,M1,0.020344147156089308,0.022369386347535915
70,M1,0.023828999369105753,0.020787679022933325
71,M1,0.004095672614484868,0.0029503731182995976
72,M1,0.024836260572664644,0.009233816497470805
73,M1,0.026604573590721596,0.012101460440607456
74,M1,0.0012449846621453132,0.0005206817697112729
75,M1,3.9646688301458363e-05,1.0569231175702113e-05
76,M1,0.11857847543044353,0.03500265460116503
77,M1,0.023889181375995352,0.017649376827493464
78,M1,0.32765209815377344,0.1707706402489298
79,M1,0.2203657986841949,0.07683290830515659
80,M1,0.006158030536339018,0.008592690071611045
81,M1,1.4103058943670734,0.167720878533049
82,M1,0.0029814292132186,0.001224747717218825
83,M1,0.026172957233499765,0.009578607100357793
84,M1,0.05554786682528783,0.019305162776651577
85,M1,0.045627752023265564,0.024362324328748415
86,M1,0.01295617937147325,0.007563590837467448
87,M1,0.1420022651210114,0.040088981314504266
88,M1,0.0657632417584221,0.03289190950108497
89,M1,0.01836464227371486,0.011904978099157519
90,M1,0.029076422008550273,0.033922989101642674
91,M1,0.05640011231369563,0.02684299127905268
92,M1,0.08998821051519308,0.03036773724514789
93,M1,0.0068023943669945144,0.0037832026225485898
94,M1,0.0003059967640560644,0.00011025166588328471
95,M1,0.00030747704957536124,8.337757381383092e-05
96,M1,0.03895803002733734,0.01277735735054333
01,M2,0.205772945448967,0.1267963930719113
02,M2,0.12183536170122812,0.033245707898716094
03,M2,0.5277646601675007,0.044473315725203695
04,M2,0.4601417115844114,0.19050139693249402
05,M2,0.27410319166848296,0.10335838711103087
06,M2,0.0003612123283005429,0.00020059705037476936
07,M2,0.026475287284016803,0.02231070831053942
08,M2,0.002360353555397069,0.008166507627502017
09,M2,0.009265380882299954,0.023501638635905826
10,M2,0.0,
11,M2,0.08177982945006135,0.02081342362736187
12,M2,0.05219548111584731,0.016546920396467196
13,M2,0.0561600045132373,0.017174393481219956
14,M2,0.031007653855992454,0.0667126384433979
15,M2,0.1835002182659369,0.11051641973758371
16,M2,0.02563194714808545,0.011294615712038885
17,M2,0.2540856344331906,0.08866183724564708
18,M2,0.08790929726181111,0.029531595433884946
19,M2,0.37192821963723083,0.12250871748264766
20,M2,0.3337410214122406,0.22692304367132501
21,M2,0.22266173871250586,0.13511466839514058
22,M2,0.470420589700717,0.16415752659269084
23,M2,0.029171525706768908,0.007520434658891356
24,M2,0.1772271128860563,0.06541605319708893
25,M2,0.028337984876070886,0.00517269821217351
26,M2,0.0012259654544534194,0.001082781203702099
27,M2,0.05522883488496796,0.017772261446359197
28,M2,0.1290047556893516,0.050075745431720026
29,M2,0.3391414364086712,0.12517204899600207
30,M2,0.1902677942423705,0.02239920928301139
31,M2,0.06001661238339198,0.022812218667557015
32,M2,0.06878732992309006,0.053254799830691674
33,M2,0.0028701859449021382,0.0005563827396477961
34,M2,0.08711575961470097,0.09165466507543578
35,M2,0.284808565279516,0.2159503345152194
36,M2,0.34793731974386777,0.12246213298848821
37,M2,0.20655247260025425,0.09853205721139296
38,M2,0.22103097822240003,0.10864605798889534
39,M2,0.3077608425447026,0.09269439526318633
40,M2,0.05346877165916094,0.013515070269956953
41,M2,0.021862201231745818,0.006638935807814646
42,M2,0.06466660858007633,0.012802525665926228
43,M2,0.007452870980550974,0.0015890240575730003
44,M2,0.13926744775250952,0.040261453307914224
45,M2,0.01928869594412991,0.018850298442111467
46,M2,0.026181617552274813,0.008375894018665984
47,M2,0.014060157490825499,0.003536526175125287
48,M2,0.009672953457369725,0.0121594442968153
49,M2,0.05921735634296794,0.07859307338362963
50,M2,0.3351933484983754,0.1367683258805319
51,M2,0.0011288430663235582,0.0003043725280145781
52,M2,8.862525506806167,0.11955079868474322
53,M2,0.03742242843299483,0.054002007968346526
54,M2,0.0430908937995413,0.01263746475949195
55,M2,1.7329782926710706,0.08668714144435741
56,M2,0.07383742805314536,0.056905100203994585
57,M2,0.16929678161749587,0.035444786149309244
58,M2,0.0014666608474435295,0.000335476214204865
59,M2,0.185400038243873,0.10924786726647309
60,M2,0.05195945994010022,0.04037007875361099
61,M2,0.2818675846235872,0.03295988209480197
62,M2,0.12357021761878303,0.21143610039873345
63,M2,0.09808010729867848,0.03042671910722681
64,M2,0.47177085759225934,0.16166239250130085
65,M2,0.017086691624556546,0.003471775835688085
66,M2,0.5114845648970275,0.21217137141389703
67,M2,0.3589443587445324,0.09143060192309921
68,M2,0.2585151451912598,0.09361967949065897
69,M2,0.004153181185724693,0.004566626155522346
70,M2,0.0801293816679712,0.06990238409169143
71,M2,0.077978507753405,0.056172871890957835
72,M2,0.37826403456942825,0.1406339200133587
73,M2,0.2687664666402002,0.1222521666328278
74,M2,0.28174032316517145,0.11783040749424517
75,M2,0.24079010845599633,0.06419114508992155
76,M2,0.6086787080576783,0.17967317005794792
77,M2,0.03274832922014039,0.024194533658564547
78,M2,0.33291873625265284,0.1735155857724678
79,M2,0.0033546406786115666,0.0011696315907255934
80,M2,0.1426838989751146,0.19909588217649649
81,M2,0.309179863989696,0.036769270142172
82,M2,0.2771766931427225,0.11386200976622744
83,M2,0.014778632975223001,0.005408587095724378
84,M2,0.37427749147211986,0.13007678439267692
85,M2,0.3709570964786373,0.19806755090312633
86,M2,0.08458722110379618,0.04938053975357676
87,M2,0.5064245818881926,0.14296987152437607
88,M2,0.00403957837889101,0.0020204211791917392
89,M2,0.14020736279615373,0.09089017681645255
90,M2,0.20457251485238553,0.2386714290290739
91,M2,0.2354408618081213,0.1120553974271675
92,M2,0.6402372593742855,0.2160567118283715
93,M2,0.15027077476573494,0.08357421791722992
94,M2,0.12425955585742562,0.04477113696760589
95,M2,0.08094781390474554,0.02195036129763878
96,M2,0.30231493914030844,0.09915249839616927
01,M3,0.008757928638056675,0.005396597495671206
02,M3,0.06516999785301449,0.017783200887886676
03,M3,0.37078099108865975,0.031244721987175858
04,M3,0.20027993556323342,0.08291708085096455
05,M3,0.1539888956001114,0.058065883090796924
06,M3,0.034818174384108135,0.01933605952417861
07,M3,0.018317870024716475,0.015436457803369965
08,M3,5.916160232896024e-05,0.00020469123177329187
09,M3,0.024628974836530208,0.062471394747160076
10,M3,0.0,
11,M3,0.15160651960453572,0.03858470650303828
12,M3,0.01111404765670264,0.0035233560056632113
13,M3,0.05977266342159856,0.01827918729566857
14,M3,0.006055879276383196,0.013029160042179123
15,M3,0.015405072874778334,0.009277991688542339
16,M3,0.07021409747454989,0.03093956319279928
17,M3,0.06784602626703647,0.023674511752979736
18,M3,0.0830281489697421,0.027891858783677413
19,M3,0.11763067911066144,0.03874614206073396
20,M3,0.05234557398468459,0.03559171995418209
21,M3,0.008216530252068486,0.004985920647104518
22,M3,0.055400552348566424,0.019332524648199286
23,M3,0.08683311730273356,0.022385623277548693
24,M3,0.08989682050030186,0.03318169041030277
25,M3,0.47912005231940097,0.0874565869410779
26,M3,0.04034609690523591,0.03563395299030648
27,M3,0.0441566878055305,0.014209320220491276
28,M3,0.02463891962970717,0.009564083591312656
29,M3,0.05305556177889779,0.019582017015744434
30,M3,0.11856852904141738,0.013958438457505886
31,M3,0.043653300251049645,0.01659254981814061
32,M3,0.14488445485989732,0.11216880566188005
33,M3,0.2259091870159002,0.043792275063836844
34,M3,0.06537704229242965,0.06878331706498785
35,M3,0.03879052135928529,0.029412128302167672
36,M3,0.09855598433199621,0.03468836303320692
37,M3,0.08329473307960782,0.03973422008407137
38,M3,0.02292805211361088,0.011270105663656386
39,M3,0.12515084961763465,0.037694146617419634
40,M3,0.028140452040542545,0.00711294041278251
41,M3,0.031249881322788345,0.009489710295162733
42,M3,0.1705455965829836,0.03376417018623509
43,M3,0.06558454584340254,0.013983258454644754
44,M3,0.21835329218841265,0.06312473603807187
45,M3,0.09782877831378385,0.0956053054485106
46,M3,0.05526584783213307,0.017680377592004366
47,M3,0.15877790014090365,0.03993712020979409
48,M3,0.03717432584170125,0.04673020978917655
49,M3,0.0026207569087555054,0.0034782596314760195
50,M3,0.0691959200754312,0.028233884081759104
51,M3,0.06471845768298433,0.01745018520451122
52,M3,5.22895288000889,0.0705358187809866
53,M3,0.004720691537132292,0.006812140010121808
54,M3,0.06243712932211462,0.01831122429631442
55,M3,0.17787468765818684,0.008897658022380572
56,M3,0.10917086241020786,0.08413590544266995
57,M3,0.02971400122533592,0.006221065805325986
58,M3,0.03588804437816888,0.008208840703827299
59,M3,0.014344914232180931,0.008452809939148076
60,M3,0.08025038837454429,0.062350811621656975
61,M3,0.1427395523376878,0.016691095649035863
62,M3,0.0005729037796777734,0.000980272944508848
63,M3,0.026938182740543007,0.008356847704189768
64,M3,0.1932552814817442,0.0662230628812027
65,M3,0.09634455986210033,0.01957586185663517
66,M3,0.08382104452649151,0.03477021046394901
67,M3,0.03425327112486389,0.00872502135911928
68,M3,0.07237456600878142,0.026210006643923076
69,M3,0.09826513920059646,0.10804733402720228
70,M3,0.009387795913083002,0.00818962160983507
71,M3,0.026498151328154473,0.01908830141518885
72,M3,0.150046983882319,0.05578562485743981
73,M3,0.14799665928301456,0.06731833951588187
74,M3,0.2751245380586017,0.11506353108037642
75,M3,0.13349773092983808,0.035588555818349035
76,M3,0.13460219987200783,0.039732626799039356
77,M3,0.0456562033518866,0.03373089788165848
78,M3,0.12853638864014602,0.06699252501981943
79,M3,0.04964894462720064,0.017310639095390167
80,M3,0.019851640093808427,0.027700250872850257
81,M3,0.1586425828865667,0.01886659729691351
82,M3,0.02469613181451884,0.010144977090136753
83,M3,0.03967192935215561,0.014518872314935496
84,M3,0.15690353051582373,0.05453041439676562
85,M3,0.01696322327033568,0.009057284846340169
86,M3,0.0373865105453419,0.021825590746932796
87,M3,0.15829835030072809,0.044689566056673756
88,M3,0.06365800585529825,0.03183896218656003
89,M3,0.012452128755899107,0.008072159420118205
90,M3,0.04301319613340287,0.0501827970178438
91,M3,0.06950199166903781,0.033078681579074454
92,M3,0.08155801726978003,0.027522854655119038
93,M3,0.05449902408485098,0.030310040806299707
94,M3,0.029696324283133735,0.010699685772578507
95,M3,0.028375795789224483,0.007694574314439635
96,M3,0.13466917749056037,0.04416846035831863
01,M4,0.1529761668048005,0.09426324794299205
02,M4,0.09833689081604724,0.026833585110990717
03,M4,0.502470042937892,0.042341806014334585
04,M4,0.1776451608573054,0.07354614991344063
05,M4,0.12463018861214711,0.04699534945902729
06,M4,0.11490369491300945,0.06381106200100159
07,M4,0.14503019708422663,0.1222168578816382
08,M4,0.002842942433316064,0.009836200603565567
09,M4,0.0315732931505002,0.08008565817149471
10,M4,0.0,
11,M4,0.37636658160661746,0.09578739836996217
12,M4,0.1658517707508097,0.05257803912441673
13,M4,0.1992419134780205,0.0609305332092014
14,M4,0.002808879719323023,0.006043274928714923
15,M4,0.05697354619077875,0.03431337795813149
16,M4,0.11626212215190164,0.05123044238447315
17,M4,0.26942351682795856,0.09401391012301143
18,M4,0.14018632530898265,0.047093151388280935
19,M4,0.37701393898890084,0.1241838927512989
20,M4,0.012925940608607063,0.008788832049497387
21,M4,0.10497464573014122,0.06370027706483891
22,M4,0.31171717762495577,0.10877653316136136
23,M4,0.4184252426491981,0.10787024746682658
24,M4,0.37548651694397256,0.1385953061425122
25,M4,0.2748357782792345,0.05016738293719581
26,M4,0.04111319419644802,0.03631145864539493
27,M4,0.1261587474788058,0.040597022345456035
28,M4,0.12243986546181468,0.0475274535484894
29,M4,0.30122502733116674,0.11117766758080175
30,M4,0.37726569751827166,0.04441347179990179
31,M4,0.2295963361908857,0.08726920128377302
32,M4,0.13785918614211756,0.10672987846786788
33,M4,0.35258253621781815,0.06834777997615991
34,M4,0.030216430973783594,0.03179076751354877
35,M4,0.016772689182364818,0.012717552353443882
36,M4,0.30594384049213763,0.10768185289504954
37,M4,0.12051265711791813,0.05748834606700843
38,M4,0.1359713362412046,0.0668356526351942
39,M4,0.12475968000037371,0.03757633035847802
40,M4,0.18288495751048217,0.04622704010909843
41,M4,0.22706507089892253,0.0689532775732505
42,M4,0.3167714054322007,0.06271357254270417
43,M4,0.40361754157273416,0.08605515717248213
44,M4,0.1259440124739116,0.036409721434981834
45,M4,0.04204770307356748,0.04109203411354765
46,M4,0.37192546695269774,0.11898456189037053
47,M4,0.11384918482325929,0.028636281094778393
48,M4,0.16428719644538736,0.2065182079766607
49,M4,0.08494625105786197,0.11274037470346426
50,M4,0.20840525032757382,0.0850352112287025
51,M4,0.3421146776188463,0.0922451600264283
52,M4,0.3585375904056017,0.004836483151284033
53,M4,0.13280514735285467,0.19164295118974872
54,M4,0.21458966677436933,0.06293369926898756
55,M4,0.2019041806079771,0.010099662723180382
56,M4,0.046380379897715804,0.03574447587311953
57,M4,0.12868185439574575,0.026941450196371564
58,M4,0.40075647691443916,0.09166690849331609
59,M4,0.12541511999108268,0.07390146470181427
60,M4,0.06450087119640324,0.050114170795407524
61,M4,0.5686561390750674,0.06649519249057735
62,M4,0.014686914911218232,0.025130197838576698
63,M4,0.33371567740794994,0.10352632616161932
64,M4,0.10677964376964535,0.036590332794902855
65,M4,0.6624618025577313,0.13460293711164775
66,M4,0.03175609336606227,0.01317289776199138
67,M4,0.33932459435404244,0.0864330394204145
68,M4,0.2133332787557773,0.07725734276431291
69,M4,0.05503580150004039,0.06051455965467731
70,M4,0.1297372047058803,0.11317870830342147
71,M4,0.050729896502267426,0.036543966528251315
72,M4,0.2618441516651582,0.09735043809586594
73,M4,0.08629141627900777,0.039250851245689125
74,M4,0.050229942884165324,0.021007339567024094
75,M4,0.2534548063480752,0.06756736957490295
76,M4,0.304731971083715,0.08995247991725332
77,M4,0.068471337721114,0.05058676654934798
78,M4,0.08739447043916627,0.0455495623412986
79,M4,0.08543983097867681,0.029789516968558423
80,M4,0.06439479768432183,0.08985414012812422
81,M4,0.41718449521853507,0.049613740060145704
82,M4,0.1398235201185085,0.0574384044804379
83,M4,0.14756226725243746,0.054003870034218936
84,M4,0.13877269796541938,0.04822920620163067
85,M4,0.19585291361062968,0.10457302826752354
86,M4,0.10240811117530788,0.05978406358539243
87,M4,0.33922491932968857,0.09576735582938173
88,M4,0.1741471084008704,0.08710079941677283
89,M4,0.1782259127679777,0.11553590625840887
90,M4,0.13610138676272077,0.15878727645762455
91,M4,0.0569762825298806,0.027117212933121044
92,M4,0.13718345234347495,0.046294409137578756
93,M4,0.18996906369758865,0.10565271891187855
94,M4,0.37875618597451877,0.13646713093880605
95,M4,0.29469071073562625,0.07991034296882646
96,M4,0.24989997238932404,0.08196156856156982
01,M6,0.02935404134737637,0.01808783247384748
02,M6,0.1376097950336227,0.03755014132029204
03,M6,0.6057777607303667,0.051047270963004696
04,M6,0.10921827591078949,0.04521701381933319
05,M6,0.08760736301246226,0.033034842406980416
06,M6,0.04360002308557667,0.02421300532123999
07,M6,0.03840095884238521,0.032360464397857905
08,M6,0.01718482819413559,0.0594572072492383
09,M6,0.008834634546128924,0.022409050552908524
10,M6,0.0,
11,M6,0.26821794486228895,0.06826296592227754
12,M6,0.35077164719474074,0.11120101586163585
13,M6,0.28892312038308676,0.08835610677544403
14,M6,0.013428033806490568,0.028890272334003292
15,M6,0.06305041614864819,0.03797328592609536
16,M6,0.15381809294055673,0.06777933175677746
17,M6,0.2762954122040645,0.09641182164116781
18,M6,0.19443956150157393,0.06531858000758829
19,M6,0.21001592692785348,0.06917674029670555
20,M6,0.02526398773654255,0.017177933261520836
21,M6,0.06961994145958898,0.04224648275179006
22,M6,0.1430295559884606,0.04991145935099086
23,M6,0.18787727508129715,0.0484348602586666
24,M6,0.1736241422481115,0.06408616571496942
25,M6,0.24005839346362828,0.04381926337095025
26,M6,0.007549208005658286,0.006667512939839348
27,M6,0.08963476015093004,0.028843852951125896
28,M6,0.1028556354451671,0.03992544762592135
29,M6,0.30486415483877455,0.11252081529966697
30,M6,0.3521299610020271,0.041454376042514715
31,M6,0.19303262278079936,0.07337139211919591
32,M6,0.05231976624311711,0.040505696057414525
33,M6,0.3162802494365275,0.06131061717117546
34,M6,0.013944742797482724,0.014671291811254462
35,M6,0.015804184609960917,0.011983203348929642
36,M6,0.20233248671174697,0.07121417131633286
37,M6,0.10670516009941845,0.0509017336239518
38,M6,0.18489606253914487,0.09088422127116362
39,M6,0.3274145697936037,0.09861389544047051
40,M6,0.22888385604480607,0.057853982841108875
41,M6,0.10658105476731895,0.03236566956038869
42,M6,0.349807435888171,0.06925395926004917
43,M6,0.22986185089362132,0.04900876614413357
44,M6,0.28433731346080104,0.08220035373911366
45,M6,0.027080657996855897,0.02646516315712048
46,M6,0.21368667632756905,0.0683615880702218
47,M6,0.11446007115861426,0.028789936238144954
48,M6,0.04538992013151221,0.05705767198285429
49,M6,0.08729027394931874,0.11585135389095456
50,M6,0.21018519483375836,0.08576147871390676
51,M6,0.1429493763986866,0.03854376606509142
52,M6,0.8246485272789653,0.01112407405707157
53,M6,0.0035667882647083607,0.005147013070973261
54,M6,0.1915488695825072,0.05617641862641573
55,M6,0.5112450300391556,0.025573528773646857
56,M6,0.02422697259968638,0.018671266588975628
57,M6,0.1623165484572687,0.033983371057582534
58,M6,0.2573186662479403,0.058857705343107906
59,M6,0.041618360623097095,0.024523819845277618
60,M6,0.03653602600396298,0.028386789408980137
61,M6,0.39470138990870673,0.04615398145699649
62,M6,0.029127928289641957,0.04983964331320968
63,M6,0.2751245553145667,0.08535000414064389
64,M6,0.08687714627879731,0.029770315599388777
65,M6,0.45159636240072965,0.09175804028757867
66,M6,0.07842001619833659,0.03252978393678559
67,M6,0.1820006068715033,0.046359344091194375
68,M6,0.16786559339434107,0.06079149846118501
69,M6,0.08435864520783388,0.0927564626784526
70,M6,0.07373232793787204,0.06432179308264689
71,M6,0.07302745382710661,0.05260631328474959
72,M6,0.12604500960064,0.0468619857513995
73,M6,0.12192376299099028,0.05545871989168196
74,M6,0.17410956327429314,0.07281670070786347
75,M6,0.2877842402149965,0.07671909795916554
76,M6,0.19460223527604661,0.05744377131900046
77,M6,0.03711834594547257,0.0274231110934254
78,M6,0.1647053192392687,0.08584359135003562
79,M6,0.11648283492344515,0.040612994522001775
80,M6,0.013592747184927619,0.018966821143969793
81,M6,0.3915121088538811,0.04656064696004772
82,M6,0.1934773237349689,0.07947896583538192
83,M6,0.20279898968591972,0.0742190431604961
84,M6,0.21611064366617797,0.07510731540537234
85,M6,0.10105438388759116,0.05395662871701443
86,M6,0.09262351319186546,0.05407198647268939
87,M6,0.20216692324525645,0.057074202312781944
88,M6,0.06737609502300106,0.03369858846335292
89,M6,0.17619807341365445,0.11422134849343779
90,M6,0.02704540165616794,0.03155343065807558
91,M6,0.06622714706496471,0.03152005657743522
92,M6,0.20810266793356963,0.07022705645151084
93,M6,0.06716920406398766,0.03735665638592701
94,M6,0.170480923312931,0.06142485151616637
95,M6,0.316219185449767,0.08574815100053622
96,M6,0.19509884430647093,0.06398803149524071
01,M7,0.051770188356866566,0.031900564663551075
02,M7,0.104276274739803,0.02845428882352809
03,M7,1.3772690014362161,0.11605877346916131
04,M7,0.06173213235066111,0.02555746882396078
05,M7,0.0016505026255426304,0.000622368854080816
06,M7,0.8990748624134032,0.49929570874494206
07,M7,0.05033153206730873,0.042414351116567606
08,M7,0.006522629216422699,0.022567424751044406
09,M7,0.022784937982312837,0.05779399526087459
10,M7,0.0,
11,M7,0.053931099637256945,0.013725766255420439
12,M7,0.16611481215711515,0.05266142805230976
13,M7,0.06799108375504677,0.020792477417777254
14,M7,0.004425288127787407,0.009520960477952723
15,M7,0.014308712533637915,0.00861768827969562
16,M7,0.06132849218748935,0.02702415651275289
17,M7,6.075410691767193e-05,2.119982403395426e-05
18,M7,0.014776578486278637,0.004963933865313651
19,M7,0.006315347997500071,0.002080200271936809
20,M7,0.014440750375664512,0.009818808051455892
21,M7,0.008826502900814139,0.005356061707898927
22,M7,0.05003494466033691,0.017460147235197752
23,M7,0.1271173805864163,0.03277092752429281
24,M7,0.0054413183463772235,0.002008437448494448
25,M7,0.10412975016306408,0.019007412660361267
26,M7,0.2216801302390398,0.19578943059539983
27,M7,0.010369012371017174,0.0033366772842859153
28,M7,0.00529060972161057,0.0020536547213493325
29,M7,0.01964891208764349,0.007252120568331011
30,M7,1.1598527005439896,0.13654325200121206
31,M7,0.013570588300939667,0.005158158974232499
32,M7,0.16355154741724479,0.1266207734686554
33,M7,0.17103904782529084,0.03315575222044732
34,M7,0.002467134290453103,0.002595676925595482
35,M7,0.027785399646736424,0.021067717336601257
36,M7,0.02324714420347533,0.008182206114435455
37,M7,0.00023771925403584898,0.00011339959693554933
38,M7,0.014490551528961367,0.007122717884922538
39,M7,0.0014776058272136553,0.0004450396530579927
40,M7,0.03852080066770206,0.009736736261638066
41,M7,0.19491143697441504,0.05918912302403678
42,M7,0.3676219652520082,0.07278083308898212
43,M7,0.337133018040261,0.07188001478439159
44,M7,0.00017588161409098942,5.0846407453585e-05
45,M7,0.08414656828052695,0.08223406753685517
46,M7,0.10374129707412832,0.03318840434197485
47,M7,0.4227831190305097,0.10634187901722589
48,M7,0.023345645784880506,0.02934678438653684
49,M7,0.00176133327106615,0.002337635510511417
50,M7,0.008132737305438148,0.0033183858542357517
51,M7,0.05795993088487168,0.015627868224795467
52,M7,12.603660642580117,0.17001674015095974
53,M7,0.004249923741491611,0.006132803919014092
54,M7,0.3962130344272035,0.11619922026027818
55,M7,3.722277082758115,0.18619596179176615
56,M7,0.002914768667981255,0.002246356725799735
57,M7,0.3582288740455243,0.07500051514115284
58,M7,0.27059510163814854,0.06189448667575614
59,M7,0.02337081996904061,0.013771368453160307
60,M7,0.00143544732627916,0.0011152756721366
61,M7,0.8572154954549014,0.10023756970054398
62,M7,0.03415996440938725,0.058449760821514485
63,M7,0.00731837101533381,0.0022703280546781416
64,M7,0.06103028271702935,0.020913334005876586
65,M7,0.12307369236673996,0.025006846296311402
66,M7,0.08706600221604405,0.03611626696383779
67,M7,3.4603077662634613e-07,8.814124367777443e-08
68,M7,0.00015325044508691097,5.5498711846158045e-05
69,M7,0.038580781826961404,0.04242145948197071
70,M7,0.01037365078655425,0.009049650785020865
71,M7,0.08534996839030277,0.06148300318143019
72,M7,0.046312552560955025,0.017218437961953197
73,M7,0.0035249828308979024,0.001603387482850254
74,M7,0.0022582221022920943,0.0009444414187371884
75,M7,0.07089012097669573,0.018898276470890665
76,M7,0.0681135792425458,0.020106145564963238
77,M7,0.015064401231785509,0.011129610924529274
78,M7,0.11065287128264222,0.05767172492040887
79,M7,0.22554197608269116,0.0786376382850562
80,M7,0.000783173496244174,0.0010928115873759514
81,M7,0.733897621908106,0.08727890480453825
82,M7,0.021539043035089113,0.008848069802007816
83,M7,0.4493730339880989,0.1644585934889468
84,M7,0.020725958633553414,0.007203120983590038
85,M7,0.02835253018843304,0.015138452046443828
86,M7,0.005375730678132411,0.0031382575168216074
87,M7,0.0005930775232093698,0.00016743305978768428
88,M7,0.3058507584722743,0.15297322941382957
89,M7,0.011065136651483204,0.007173034330684291
90,M7,0.003576339392724903,0.0041724570584202765
91,M7,0.024094911686958674,0.011467698870619427
92,M7,0.10003404784912202,0.03375784075779353
93,M7,0.004885137172226482,0.0027169056606229152
94,M7,0.005101869840244989,0.0018382209064918048
95,M7,0.004369586867040915,0.0011848869762663555
96,M7,0.01364100271722073,0.004473941988733932
01,B1,0.026244381211855326,0.016171673437472278
02,B1,0.4300702059895326,0.11735499648559368
03,B1,1.5423547495018866,0.12997010772395176
04,B1,0.04685764957023342,0.01939934475700149
05,B1,0.1833796850832496,0.06914851433783141
06,B1,0.3940184719817521,0.21881574099251025
07,B1,0.0665642157947706,0.05609362370974094
08,B1,0.08674814799365912,0.30013699034283703
09,B1,0.1107155736375868,0.28083005286574797
10,B1,0.0,
11,B1,0.819345128404504,0.20852791414674873
12,B1,0.5720932362329955,0.18136400004234363
13,B1,0.8095534784462155,0.24757102680873988
14,B1,0.08016432698540911,0.17247269938813473
15,B1,0.5642536679873251,0.3398322672258868
16,B1,0.5102632613737853,0.22484547958421638
17,B1,0.2039163236483113,0.07115552179629868
18,B1,0.45712684517728047,0.1535637921611283
19,B1,0.1412273195133684,0.046518593840419994
20,B1,0.09523904472036808,0.0647566002310518
21,B1,0.26321409706959736,0.15972248150098328
22,B1,0.17013429847358758,0.0593699047989697
23,B1,0.761176783148863,0.1962317747476562
24,B1,0.24887474253362227,0.09186181014785429
25,B1,0.6756427804211287,0.12332903054456304
26,B1,0.22375688544811684,0.1976236352191195
27,B1,0.7227998290286539,0.2325920429362036
28,B1,0.2500139309880144,0.0970478483187642
29,B1,0.33823049507568825,0.1248358341283289
30,B1,1.3066835541529822,0.15382886269684828
31,B1,0.4278015000186531,0.1626066680070564
32,B1,0.26959958856137567,0.20872262579934034
33,B1,0.8770139408579958,0.17000829510386278
34,B1,0.10693964686842848,0.1125114165377393
35,B1,0.5862305742316193,0.4444974766967531
36,B1,0.11867836282765336,0.041770757624261114
37,B1,0.20629609231290974,0.09840975571181522
38,B1,0.3109223496685403,0.1528314623760209
39,B1,0.18660089556350046,0.05620226740611186
40,B1,0.517979041656223,0.1309273231667628
41,B1,0.5728714372599044,0.1739649478926377
42,B1,0.9872054535684741,0.19544434808580174
43,B1,0.870360492532774,0.18556926116188044
44,B1,0.2098336119406638,0.06066174332851444
45,B1,0.12705651637973292,0.12416874939136936
46,B1,0.6882613667172732,0.220185183488222
47,B1,0.8572821024953744,0.21563062838518232
48,B1,0.1322790861448236,0.16628222049245575
49,B1,0.08356107205394717,0.11090196985348033
50,B1,0.28422055515032474,0.11596999070204911
51,B1,0.7556880993885866,0.2037579040552908
52,B1,1.9399712236550744,0.026169189474859158
53,B1,0.05324656250328604,0.0768368439193619
54,B1,0.7797033415893937,0.22866718773651815
55,B1,1.7132924956953797,0.08570241735745246
56,B1,0.07748771554944352,0.05971830728916995
57,B1,1.0408764215691322,0.21792287967843682
58,B1,0.9364946458155919,0.2142088124524216
59,B1,0.09544021986225236,0.05623861014353878
60,B1,0.08503901618042485,0.06607135224829146
61,B1,1.37594035898172,0.16089410232141305
62,B1,0.1786438679928822,0.3056704401467341
63,B1,0.6668669290311449,0.2068775543825592
64,B1,0.06799766932600232,0.023300858310443925
65,B1,0.8034344997754123,0.16324660988612025
66,B1,0.08467116968996961,0.03512285497013254
67,B1,0.42770687586918843,0.10894584677175637
68,B1,0.3603130124623953,0.13048515481786063
69,B1,0.03858063168516664,0.042421294393712734
70,B1,0.24587211916743495,0.21449120102657748
71,B1,0.5076465059126003,0.3656900210593693
72,B1,0.05298435571080817,0.019698932391166782
73,B1,0.18079764138594628,0.08223832257737078
74,B1,0.22902209844410112,0.09578241013458003
75,B1,0.4827489999846976,0.12869387076876235
76,B1,0.06921673832783305,0.020431782205949545
77,B1,0.08259315993005632,0.06101999813370588
78,B1,0.14994718337764235,0.07815172450660153
79,B1,0.641326964972973,0.22360555125892553
80,B1,0.10365679141947663,0.14463888693457408
81,B1,1.3164074225072673,0.1565539861190417
82,B1,0.18892315329806603,0.0776081483691504
83,B1,0.7880672241506773,0.28841167016263686
84,B1,0.13711403974076322,0.04765275441602867
85,B1,0.0712420015715465,0.03803870826750851
86,B1,0.13368115911770648,0.07804072182505908
87,B1,0.17436404224336216,0.04922510796189609
88,B1,0.28341850039246996,0.14175359085987382
89,B1,0.15432431064820493,0.1000415641672513
90,B1,0.15306064470297878,0.17857336712965233
91,B1,0.10065625590696509,0.04790619891791693
92,B1,0.019565747298278032,0.00660272572993052
93,B1,0.09646939951046037,0.05365217973754617
94,B1,0.5347676223669253,0.19267857752768394
95,B1,0.4857842763041435,0.13172857750223704
96,B1,0.133366185897868,0.0437411084313115
01,B2,0.12141258945204983,0.07481390900272009
02,B2,0.12141258945204983,0.03313034432522146
03,B2,0.12141258945204983,0.010231114038597866
04,B2,0.12141258945204983,0.05026553192964315
05,B2,0.19833566637512676,0.07478809151525002
06,B2,0.012582921312758738,0.006987848151010713
07,B2,0.396598086099947,0.33421296322763255
08,B2,0.020914062283283165,0.07235985844915185
09,B2,0.0,0.0
10,B2,0.0,
11,B2,0.19833566637512676,0.05047753550527277
12,B2,0.12141258945204983,0.03849000736927891
13,B2,0.12141258945204983,0.03712940557780451
14,B2,0.020914062283283165,0.04499638321451837
15,B2,0.12141258945204983,0.07312299039265209
16,B2,0.12141258945204983,0.05349997534490379
17,B2,0.19833566637512676,0.06920818097955948
18,B2,0.12141258945204983,0.04078644220758538
19,B2,0.19833566637512676,0.06532940184636314
20,B2,0.12141258945204983,0.08255297542355296
21,B2,0.12141258945204983,0.07367508157290648
22,B2,0.12141258945204983,0.042368023037304456
23,B2,0.19833566637512676,0.051131039030835296
24,B2,0.12141258945204983,0.04481443206434182
25,B2,0.19833566637512676,0.03620336983577031
26,B2,0.441484311840672,0.3899220103257799
27,B2,0.12141258945204983,0.03906974114365394
28,B2,0.19833566637512676,0.07698790859576969
29,B2,0.12141258945204983,0.04481157701210613
30,B2,0.19833566637512676,0.023348996697585514
31,B2,0.19833566637512676,0.07538707053344211
32,B2,0.3050013100628918,0.2361304579442
33,B2,0.19833566637512676,0.038447175042321806
34,B2,0.12141258945204983,0.1277384284013192
35,B2,0.012582921312758738,0.009540745602233353
36,B2,0.19833566637512676,0.06980742614753466
37,B2,0.19833566637512676,0.09461238096217146
38,B2,0.12141258945204983,0.05967941390060105
39,B2,0.12141258945204983,0.03656822116660465
40,B2,0.19833566637512676,0.050132448996316456
41,B2,0.19833566637512676,0.06022896521291692
42,B2,0.19833566637512676,0.03926597536179536
43,B2,0.19833566637512676,0.04228707918965608
44,B2,0.19833566637512676,0.05733775049318608
45,B2,0.441484311840672,0.4314501643766915
46,B2,0.19833566637512676,0.0634505686427773
47,B2,0.19833566637512676,0.04988701414292411
48,B2,0.12141258945204983,0.15262242549606392
49,B2,0.0,0.0
50,B2,0.12141258945204983,0.049539755709853125
51,B2,0.12141258945204983,0.032736753129619045
52,B2,0.5625734347312763,0.007588819167774759
53,B2,0.12141258945204983,0.17520305061940838
54,B2,0.12141258945204983,0.03560722893557795
55,B2,0.19833566637512676,0.009921158295653768
56,B2,0.0,0.0
57,B2,0.19833566637512676,0.041524506333087935
58,B2,0.19833566637512676,0.04536624715475574
59,B2,0.12141258945204983,0.07154295426567785
60,B2,0.020914062283283165,0.016249251674428356
61,B2,0.19833566637512676,0.02319216729957787
62,B2,0.020914062283283165,0.03578522283027418
63,B2,0.12141258945204983,0.03766499504419225
64,B2,0.19833566637512676,0.06796396561708454
65,B2,0.19833566637512676,0.040299022713481535
66,B2,0.467805937013745,0.19405282978920685
67,B2,0.12141258945204983,0.030926314522590707
68,B2,0.12141258945204983,0.04396882705739502
69,B2,0.2586016096323391,0.28434513728087113
70,B2,0.020914062283283165,0.01824477843472459
71,B2,0.12141258945204983,0.08746119962704273
72,B2,0.12141258945204983,0.04513970886248865
73,B2,0.19833566637512676,0.09021573724591372
74,B2,0.19833566637512676,0.08294862491487631
75,B2,0.19833566637512676,0.05287340754331136
76,B2,0.12141258945204983,0.0358392441578995
77,B2,0.12141258945204983,0.08969987330726198
78,B2,0.2849232348054121,0.14850056967033654
79,B2,0.12141258945204983,0.042331806515173286
80,B2,0.12141258945204983,0.16941467662377663
81,B2,0.12141258945204983,0.014439013726883013
82,B2,0.12141258945204983,0.04987533868446121
83,B2,0.396598086099947,0.1451443644527475
84,B2,0.19833566637512676,0.0689297815131291
85,B2,0.12141258945204983,0.06482661868408045
86,B2,0.12141258945204983,0.070878545503519
87,B2,0.19833566637512676,0.05599259150223038
88,B2,0.12141258945204983,0.060725289656782644
89,B2,0.12141258945204983,0.07870636393813475
90,B2,0.0,0.0
91,B2,0.12141258945204983,0.05778493953525649
92,B2,0.12141258945204983,0.04097231841398122
93,B2,0.12141258945204983,0.06752452181456721
94,B2,0.12141258945204983,0.04374536537203137
95,B2,0.12141258945204983,0.03292306581238191
96,B2,0.19833566637512676,0.06504963631002009
01,B3,0.02507591009584739,0.015451666623188419
02,B3,0.059960295351566016,0.016361608296180025
03,B3,1.2885190762002006,0.10858005474563621
04,B3,0.08974096303482716,0.03715329080107905
05,B3,0.12745280970709008,0.0480596988451947
06,B3,0.010173001760337775,0.0056495141131594285
07,B3,0.06971475788173741,0.058748583588677905
08,B3,0.026568953107831896,0.09192502441582402
09,B3,0.01675458097541803,0.0424979946946934
10,B3,0.0,
11,B3,0.44108421929129266,0.11225839883977609
12,B3,0.14751502425518404,0.04676495572894258
13,B3,0.2986809065420692,0.09134015317024917
14,B3,0.01077440198595415,0.023181011613165835
15,B3,0.013242932551907338,0.00797580246112864
16,B3,0.05223254491259583,0.023016063471153304
17,B3,0.14489618591539039,0.05056075713136508
18,B3,0.23049941004378646,0.07743225730595517
19,B3,0.1963152067300989,0.06466388654860156
20,B3,0.04838276433205073,0.03289725697189555
21,B3,0.04982838250926978,0.03023665142622042
22,B3,0.10258868417609268,0.03579925075443701
23,B3,0.49776173854366096,0.12832323780532182
24,B3,0.19153850621965157,0.07069851168997672
25,B3,0.46320074860727245,0.08455074327537997
26,B3,0.030112548759682146,0.026595612196171896
27,B3,0.10018092615900105,0.03223753706455191
28,B3,0.2123380830115262,0.0824232233418531
29,B3,0.08854638358654282,0.03268115032501568
30,B3,1.465096384951897,0.17247795759127468
31,B3,0.32304283920074933,0.12278806807288609
32,B3,0.0006920623933578676,0.0005357911736046494
33,B3,0.7781164234347836,0.1508371080293722
34,B3,0.027098472269897943,0.02851035691978688
35,B3,0.02605316326053346,0.01975428413036029
36,B3,0.1925418466550721,0.06776819815787558
37,B3,0.1391544707777847,0.06638108032932313
38,B3,0.04561334674324565,0.02242088577442684
39,B3,0.1728652950502065,0.05206524603383784
40,B3,0.16316410991450273,0.04124228671431741
41,B3,0.12495190399689243,0.037944379932566524
42,B3,0.49491964901748936,0.09798289485479197
43,B3,0.8677088686253048,0.1850039093408708
44,B3,0.28986542005665483,0.0837984989566929
45,B3,0.03637792329924012,0.035551118275759054
46,B3,0.342405128883855,0.10954056086307974
47,B3,0.37290787898787464,0.09379684941734195
48,B3,0.02401088738619877,0.03018303034086744
49,B3,0.006620994418493167,0.008787361211997587
50,B3,0.06635377859190499,0.027074210316277523
51,B3,0.18690505233374521,0.05039563511941094
52,B3,10.5820540261667,0.14274633224827127
53,B3,0.005979767981041126,0.00862903589325413
54,B3,0.055797787583405686,0.016364073985636683
55,B3,3.241894855764771,0.16216625395593262
56,B3,0.011976677291625971,0.009230197196201637
57,B3,0.5540522674219482,0.11599903995033387
58,B3,0.6398592958188765,0.14635801764209322
59,B3,0.06376975878121285,0.037576638111482055
60,B3,0.0047913769817542655,0.003722676608160403
61,B3,0.8258994589800019,0.09657566274069405
62,B3,0.000514128254271957,0.000879704473155735
63,B3,0.17033904066486474,0.052843112492946445
64,B3,0.11550238659349836,0.03957936751670498
65,B3,0.2519565502496536,0.051194033463033264
66,B3,0.07851162160869106,0.03256778321746331
67,B3,0.10121378913484574,0.025781259512990037
68,B3,0.06693747550045831,0.02424099755405207
69,B3,0.02041232231700457,0.02244434827649357
70,B3,0.026129388758639373,0.02279446728611926
71,B3,0.015206460450045166,0.01095417929099836
72,B3,0.05924488604345639,0.022026520640589037
73,B3,0.1714445688098112,0.07798394738912484
74,B3,0.19024271748758823,0.07956396398123455
75,B3,0.32680170691842897,0.08712058779718736
76,B3,0.12520677138548195,0.03695923190633203
77,B3,0.00200176379785175,0.0014789072522769925
78,B3,0.02243622526768312,0.011693648767459715
79,B3,0.26399998646292144,0.09204643766674954
80,B3,0.0011701946881610401,0.001632846771297626
81,B3,0.8987307168987224,0.1068817098509958
82,B3,0.0629546790007447,0.02586128795295757
83,B3,0.009144262340047863,0.0033465571122321615
84,B3,0.18083610617975326,0.06284796636162986
85,B3,0.025784268930883876,0.013767163500703767
86,B3,0.06788841741745805,0.03963207032155061
87,B3,0.19853466678283105,0.05604877175836388
88,B3,0.03473427820169825,0.017372573258973407
89,B3,0.1067178219235267,0.0691804018751726
90,B3,0.010305256303792245,0.012022975082022784
91,B3,0.0775514291155193,0.03690971968012296
92,B3,0.07531720418640755,0.025416807976038347
93,B3,0.04215972954850828,0.02344744964622314
94,B3,0.052262355194351,0.018830302800540155
95,B3,0.1598897017352957,0.04335678200020781
96,B3,0.23189168345536615,0.07605525495126786
01,U1,0.6004429165072496,0.3699903108865191
02,U1,1.364021862284872,0.3722061622157805
03,U1,0.784743735620454,0.06612825479172421
04,U1,0.81057707761456,0.33558371631932615
05,U1,1.037128518488507,0.3910787402558753
06,U1,0.07543088162790423,0.041890077320772406
07,U1,0.05192762843437426,0.04375938054341007
08,U1,0.02984138453553277,0.10324719950001425
09,U1,0.029940940609335373,0.07594519594590562
10,U1,0.0,
11,U1,0.8457459392070366,0.21524706803877888
12,U1,0.7680845677124744,0.24349683014674733
13,U1,0.6828553143091333,0.208825229989483
14,U1,0.028161223249402775,0.060588573178945754
15,U1,0.49205079494039167,0.2963467438879801
16,U1,0.94016478957169,0.4142798806057659
17,U1,0.6841533465862123,0.23873168902841319
18,U1,0.9479255688472965,0.31843906472443667
19,U1,0.765811208312864,0.25224907390935236
20,U1,0.5579407263066112,0.37936483584166997
21,U1,0.40807802677875965,0.2476282076407706
22,U1,0.8702007675975373,0.30366444151340044
23,U1,0.8056653791636621,0.20770095818215437
24,U1,0.6892602807800285,0.2544119037990278
25,U1,2.0774261639786857,0.37920475472513415
26,U1,4.4049797566454325e-05,3.8905087136491925e-05
27,U1,0.9220012757724516,0.29669370648564325
28,U1,0.8339390022067277,0.3237099047778259
29,U1,0.7990443532170949,0.29491536035822397
30,U1,0.47604836243882975,0.056042626349676
31,U1,0.5480685902387744,0.20831999722807426
32,U1,0.05300303467953275,0.04103467899442674
33,U1,0.9878911559216622,0.19150173485511346
34,U1,0.19802723300984942,0.20834484825257907
35,U1,0.13384844330775508,0.1014878751216053
36,U1,0.6952629269405917,0.24470896391235686
37,U1,0.7275607262514008,0.3470694598873439
38,U1,0.7147909958844537,0.35134995380901934
39,U1,1.2275900119238201,0.3697374651223798
40,U1,0.6461072407660785,0.16331373416515432
41,U1,0.3566320966548528,0.10829914021923243
42,U1,0.7059633556673155,0.13976477472051688
43,U1,0.38363937152535205,0.08179561841024965
44,U1,0.7894921826236024,0.2282378485469925
45,U1,0.07257819248528413,0.07092862019803754
46,U1,0.5050276588173993,0.16156595895206663
47,U1,0.940799796990876,0.23663768416405165
48,U1,0.12012563352596065,0.15100464981206999
49,U1,0.030570444559986316,0.0405729897626289
50,U1,0.8591955277520724,0.35057597193119894
51,U1,1.0374623785931847,0.27973334497313984
52,U1,1.4100789821706878,0.01902122238154507
53,U1,0.10892972942772522,0.15718980202149035
54,U1,0.5892222301902257,0.17280391546711188
55,U1,0.338789926423464,0.016946969501001486
56,U1,0.004184897771914267,0.0032252210475539516
57,U1,0.6302459111437688,0.13195130662577723
58,U1,0.5503458964239625,0.12588319798494
59,U1,0.832068288075198,0.4903002542680694
60,U1,0.36559492791428283,0.28405022009148817
61,U1,0.6358614402166651,0.07435377191797335
62,U1,0.08415081093062346,0.14398711640577078
63,U1,1.0052727681195066,0.3118588772397143
64,U1,1.1647780457522665,0.39913615387418677
65,U1,0.8253043888193317,0.16769026427985542
66,U1,0.009928446926235068,0.0041184668021672826
67,U1,0.9304386297180098,0.2370020920935203
68,U1,0.8085729406471636,0.29281974753240253
69,U1,0.05790407951306825,0.0636683718313828
70,U1,0.44186466505713645,0.38546901137160083
71,U1,0.21406671357135326,0.15420585009895782
72,U1,1.0580714984141708,0.39337798172054744
73,U1,0.6746153684195799,0.3068581860828066
74,U1,0.6774858878448097,0.28334047941570173
75,U1,0.8334547144692084,0.22218691974279806
76,U1,0.9795909946389415,0.2891611239838515
77,U1,0.7109899628502508,0.5252808615501089
78,U1,0.04252723401055407,0.02216498237282764
79,U1,0.3084178121341329,0.10753319081668555
80,U1,0.22117212105050435,0.3086154700683996
81,U1,1.1905525022531251,0.14158666741390025
82,U1,1.1992799830247505,0.4926548029393377
83,U1,0.056452838307535745,0.020660239231805228
84,U1,0.7051526570248902,0.24506947978885466
85,U1,0.7111650184185979,0.37971699375283474
86,U1,0.4442381473437829,0.2593384580875002
87,U1,0.8143722532583731,0.2299072765924139
88,U1,0.2339966260940612,0.11703492168646625
89,U1,0.13139845733459302,0.08517975648621129
90,U1,0.15073532707616544,0.17586045683797163
91,U1,0.927328519078496,0.44135145001114334
92,U1,1.0240685241097165,0.3455857571024791
93,U1,0.7592890413795041,0.42228429250692123
94,U1,0.8525259355284388,0.3071679692125599
95,U1,0.954108074712217,0.25872245273445144
96,U1,0.7833050503484278,0.2569064333017881
01,U2,0.07017625785751394,0.04324230455176104
02,U2,0.09307263264603532,0.025397105693358048
03,U2,0.6089659108763433,0.05131592784498761
04,U2,0.12466785553573574,0.05161323138986775
05,U2,0.2320668896607956,0.08750740650340036
06,U2,0.007510227494172742,0.004170758761370557
07,U2,0.08323383776770794,0.07014110389363633
08,U2,0.021016723710610113,0.07271505325774262
09,U2,0.0018420953942932371,0.004672474973182067
10,U2,0.0,
11,U2,0.431084824377749,0.10971349695195838
12,U2,0.0383373990235227,0.012153655379511897
13,U2,0.3468347087235984,0.10606615530380452
14,U2,0.0009608318148160689,0.0020672194602156437
15,U2,0.02191503780503738,0.013198739159625926
16,U2,0.061240941979800075,0.02698557786144534
17,U2,0.20452013521106327,0.07136621864511179
18,U2,0.3717125933426572,0.12487036372936867
19,U2,0.21890553289267717,0.07210487042552148
20,U2,0.05859644840138271,0.039841924026315756
21,U2,0.042917789972122554,0.02604319446109641
22,U2,0.17165051040683316,0.05989900068933085
23,U2,0.30041822805391066,0.07744797708318421
24,U2,0.22920099921303727,0.08460006210779739
25,U2,0.4603546738713569,0.08403123259871877
26,U2,0.05035066763117566,0.044470059337190025
27,U2,0.15389958226592607,0.049523833305778246
28,U2,0.22897587677672146,0.0888815118032307
29,U2,0.15637113961495885,0.05771425679125258
30,U2,0.8236325897237219,0.09696185748613666
31,U2,0.32171719049846814,0.12228419111495951
32,U2,0.0003846824575381726,0.0002978191957367612
33,U2,0.49721822155662687,0.09638526618940481
34,U2,0.032646962147179506,0.034347934226417735
35,U2,0.07676877419866882,0.05820837042683637
36,U2,0.15538874602441236,0.05469156713216127
37,U2,0.14480947362666807,0.06907869540612314
38,U2,0.0569503734773969,0.027993513077107013
39,U2,0.13556743441685842,0.04083151464867429
40,U2,0.03243306980435993,0.008197966848210591
41,U2,0.00034400951941949097,0.00010446601842575703
42,U2,0.396035629276462,0.07840609581612243
43,U2,0.554288003623097,0.1181795545474608
44,U2,0.36355842916486847,0.10510274264903541
45,U2,0.03632930749320456,0.035503607419896714
46,U2,0.1925079368984295,0.06158619015780356
47,U2,0.18103724408132085,0.04553597303471931
48,U2,0.00022548167680259417,0.00028344309740731326
49,U2,1.7423575999537674e-05,2.3124510645256546e-05
50,U2,0.0638262525285526,0.026042908502405784
51,U2,0.2279069691940057,0.061451075384323685
52,U2,4.1595095313008095,0.056109591585595156
53,U2,0.006176740120299555,0.008913274289295729
54,U2,0.03905130559308889,0.01145275613313143
55,U2,1.2917595061672613,0.06461646951769921
56,U2,0.060437156975460475,0.04657776637693469
57,U2,0.1569593910361405,0.03286177088688886
58,U2,0.36619731006697964,0.08376202817945988
59,U2,0.11277443776782563,0.06645288169846265
60,U2,0.021318540583631893,0.016563512462705005
61,U2,0.7763912926220307,0.09078647868794922
62,U2,0.017265826935844962,0.029542871962374588
63,U2,0.2495868918122858,0.07742762991574081
64,U2,0.18668784433557353,0.06397258982936897
65,U2,0.22238249088447826,0.04518499982894699
66,U2,0.10287795112046066,0.04267529750751009
67,U2,0.23342308611406548,0.059457720246123016
68,U2,0.14012193530619854,0.050744302285546224
69,U2,0.005075187000404446,0.005580416712826327
70,U2,0.022338179509333034,0.019487134075748126
71,U2,0.0014809705654917841,0.0010668371612435324
72,U2,0.1372185935034838,0.051016186947513135
73,U2,0.15667218154052473,0.07126452151511087
74,U2,0.17110633528334088,0.07156068036261609
75,U2,0.3983579552855937,0.10619644415391366
76,U2,0.17629194963106884,0.05203883925394136
77,U2,0.024480756533426296,0.018086433782729856
78,U2,0.24145767614641087,0.12584653716818095
79,U2,0.07602083995903025,0.026505484338900168
80,U2,0.00013177929891280995,0.0001838800029863359
81,U2,0.5060453780079723,0.060181536300801246
82,U2,0.10881771793625761,0.04470146433277795
83,U2,0.10080407146724593,0.03689161244130548
84,U2,0.3078904613872899,0.10700456766692751
85,U2,0.05592942934235676,0.029862766337152426
86,U2,0.036321279723191886,0.021203727630099024
87,U2,0.23679701070884268,0.06685070079373426
88,U2,0.0054843251293129214,0.002743020584212376
89,U2,0.03784424951494794,0.024532738233586735
90,U2,0.001645023952191439,0.0019192227154263158
91,U2,0.035556320777908386,0.016922626026842653
92,U2,0.17393449065906577,0.05869654346900651
93,U2,0.08643288165554269,0.04807029509201414
94,U2,0.08468048767773176,0.030510665245362945
95,U2,0.08480684517747446,0.022996802536866867
96,U2,0.29821704209918676,0.09780848036334255
01,U3,0.005653768877137517,0.0034838277661776358
02,U3,0.2557384254072031,0.0697843784501176
03,U3,1.0320748845306866,0.08697018890430976
04,U3,0.016996775858522117,0.007036765985087119
05,U3,0.04422394792773805,0.016675894584334373
06,U3,0.17063946195373625,0.09476357827127276
07,U3,0.2219860747529737,0.1870675286611576
08,U3,0.0098633409243177,0.03412584047288754
09,U3,0.03860138790781551,0.09791242054462751
10,U3,0.0,
11,U3,0.002464982547697598,0.0006273518341171516
12,U3,0.4068293332540017,0.1289723257337296
13,U3,3.610733703668746e-05,1.1042050640877886e-05
14,U3,0.002551237444055702,0.005488960305703822
15,U3,0.034516596380205544,0.020788262213068284
16,U3,0.014183489016943935,0.006249898104766952
17,U3,0.13632651343208738,0.04757041527808374
18,U3,0.0008214757176808735,0.0002759604422847601
19,U3,0.1560317778720937,0.05139500576829606
20,U3,5.4698680151767905e-05,3.719168513453893e-05
21,U3,0.0010603541891636478,0.0006434397102918054
22,U3,0.1741265127094963,0.06076302412440535
23,U3,0.10475710491230313,0.027006436703610543
24,U3,0.017970775763390186,0.006633168053054593
25,U3,0.016203205121545845,0.002957665851338469
26,U3,0.027914844540771228,0.0246545845669762
27,U3,0.02059578166014837,0.006627581717388589
28,U3,0.005990119373269183,0.0023251832169951655
29,U3,0.010028829693976164,0.0037014915520799164
30,U3,0.3844252008409488,0.04525632181519538
31,U3,0.008119741971527946,0.0030863009760593112
32,U3,0.012927228967808065,0.010008194704110003
33,U3,0.04597416530416678,0.008912047001827652
34,U3,2.2344081702669314e-05,2.3508253086858636e-05
35,U3,0.0012170316295791472,0.0009227896192843954
36,U3,0.08889316952223178,0.03128738002526858
37,U3,0.03529358330433277,0.01683615463692735
38,U3,0.05567438011298292,0.02736630846452969
39,U3,0.0024467121671653057,0.000736924499046774
40,U3,0.19699588723636663,0.049793798815197826
41,U3,0.024400872833021354,0.0074098589925082675
42,U3,0.053041782440336714,0.01050107305717136
43,U3,0.021273735518410025,0.0045357658305658285
44,U3,0.03224273567704937,0.009321197580125479
45,U3,0.01785438293384602,0.017448584796898307
46,U3,0.001958059851689519,0.0006264128550197721
47,U3,0.0155281379738326,0.0039057646709326956
48,U3,0.06043991284493675,0.07597635580293784
49,U3,0.1174613987277547,0.15589436780134924
50,U3,0.014989256723917243,0.006116038869827405
51,U3,0.04041321192514607,0.010896706411907821
52,U3,11.93030353897457,0.16093350767120368
53,U3,0.0010216073505817898,0.001474218820016437
54,U3,0.45619904531450495,0.13379159377142688
55,U3,2.394713866130005,0.11978851697675458
56,U3,0.11516484520870508,0.08875535388180034
57,U3,0.26830504708034136,0.0561736314517171
58,U3,0.0156293279652966,0.003574969486301645
59,U3,0.002443609055269262,0.0014399084285519578
60,U3,0.07503120203952177,0.05829574708446727
61,U3,0.4792906872061428,0.05604533973123323
62,U3,0.03898643720286324,0.0667081470718437
63,U3,0.0002579617675102113,8.002571017316475e-05
64,U3,0.026489873352679195,0.009077322675475152
65,U3,0.004918390238506722,0.0009993478407482501
66,U3,0.3403229445558728,0.14117099679160777
67,U3,0.02351795355337638,0.005990512448518725
68,U3,0.11421171718455429,0.041361075185691924
69,U3,0.21044151246734333,0.23139075134603465
70,U3,0.015710103374733043,0.013705006295583605
71,U3,0.20529426486929123,0.14788649812226637
72,U3,0.03568434459994368,0.013267000839532637
73,U3,0.007214820901635218,0.0032817616651317394
74,U3,0.007625683975933841,0.0031892397943330563
75,U3,0.0014278869390650364,0.0003806539158325845
76,U3,0.1562288763851872,0.0461165095856416
77,U3,0.02823714361835495,0.020861660364518628
78,U3,0.00021566499753492322,0.00011240352164947232
79,U3,0.6359357709968241,0.22172585343422643
80,U3,0.0028529714452701356,0.003980931771562248
81,U3,0.5523791445859971,0.06569178770601085
82,U3,8.105589726425739e-05,3.329712632497912e-05
83,U3,0.0782172161243428,0.028625423373248214
84,U3,0.04636844776651271,0.01611493803441039
85,U3,0.00854378684372931,0.00456184003929217
86,U3,0.06222505828044942,0.03632590034274649
87,U3,0.07655700504179676,0.021612981609832643
88,U3,0.09340289928614523,0.04671606247369025
89,U3,0.010335776099751465,0.006700222431310475
90,U3,0.04653668074113597,0.054293589257438726
91,U3,0.003513367209994738,0.0016721471200882218
92,U3,0.04276181043754328,0.014430550580566243
93,U3,0.0005148826495194789,0.00028635584543850807
94,U3,0.00882854017721569,0.0031809527949034164
95,U3,0.01115342562779944,0.003024438961682556
96,U3,0.1282542607843838,0.04206451200489131
01,U4,0.25993822409783063,0.16017280194541997
02,U4,0.8095649475860152,0.22090926145469603
03,U4,1.4185799430520998,0.11953993597974993
04,U4,0.1213198604248687,0.05022714156256825
05,U4,0.12312626529519764,0.046428252492981846
06,U4,0.0008807483364916904,0.0004891181850131011
07,U4,0.006358863058385353,0.005358609988264336
08,U4,0.0041122671970748315,0.01422789452641492
09,U4,0.09720627888349148,0.24656372668123006
10,U4,0.0,
11,U4,0.12361438443505882,0.0314605516663928
12,U4,0.3173204813681974,0.10059638560883065
13,U4,0.15107439866774608,0.046200337591621725
14,U4,0.2583814287212756,0.5559049038287627
15,U4,0.07900834749805641,0.047584246914702116
16,U4,0.09236496828139214,0.04070025644036597
17,U4,0.40174820659202193,0.14018791021402005
18,U4,0.3100218058073112,0.10414641943408177
19,U4,0.21481915529213955,0.0707588664049608
20,U4,0.11773158984653695,0.08005012566687245
21,U4,0.33472746175462104,0.20311792344403606
22,U4,0.13470374234299448,0.0470060912509659
23,U4,0.24622990290214547,0.06347819837928703
24,U4,0.3850907907700886,0.1421403262994029
25,U4,0.38785227990876775,0.07079694634764278
26,U4,0.043957451557060635,0.038823526499652476
27,U4,0.6703087797259627,0.21570078217098568
28,U4,0.4600329243960531,0.17857087119903714
29,U4,0.1516221198398147,0.05596146438029808
30,U4,0.5327806948957823,0.0627214202720879
31,U4,0.2481020716331629,0.09430320181709882
32,U4,0.07277709222972005,0.056343653450234434
33,U4,0.5577364622911337,0.10811666799573545
34,U4,0.2618338134949567,0.27547587930639605
35,U4,0.05373254708254545,0.040741617111980225
36,U4,0.36911591823360995,0.12991628118584125
37,U4,0.09668109653869479,0.046119938509993685
38,U4,0.11782715840079663,0.05791702315771756
39,U4,0.5685809743741429,0.17125073203589591
40,U4,1.6693170832726902,0.42194606278007823
41,U4,1.4102393048313107,0.42825002474302887
42,U4,0.4583858017470011,0.09075001953280454
43,U4,0.360776036224429,0.07692093455696243
44,U4,0.8073205287574127,0.2333919253754795
45,U4,0.014684371441987051,0.0143506219869941
46,U4,0.2746616969101778,0.08786841606380133
47,U4,0.2628942891895776,0.06612532865414664
48,U4,0.054541937272177606,0.06856227015091784
49,U4,0.2793849986515411,0.37079881739626686
50,U4,0.16784673014917084,0.068486192789517
51,U4,0.4176601732748293,0.11261466414874459
52,U4,5.91273636354147,0.07975969763143126
53,U4,0.2008711669484462,0.2898648434209314
54,U4,0.4575105278365335,0.1341762182870363
55,U4,1.2331286903421477,0.061683635421666834
56,U4,0.7672696404866656,0.5913201058946783
57,U4,0.367793869079636,0.07700308837535222
58,U4,0.4003321232181812,0.09156984408217249
59,U4,0.0717753798788799,0.04229398897800761
60,U4,0.45648769069321776,0.35466966062741706
61,U4,0.98909465543479,0.11565871707903155
62,U4,0.028122879409648145,0.0481199440200387
63,U4,0.26393456348959654,0.08187860971166248
64,U4,0.13470026106202038,0.0461579305363887
65,U4,1.1292162375180699,0.2294408849193238
66,U4,0.08944115040249638,0.037101513601988594
67,U4,1.105741299203925,0.2816553320716719
68,U4,0.4245993370558927,0.15376605427782458
69,U4,0.01771076330977001,0.01947385181331757
70,U4,0.04628610965434035,0.04037856461409739
71,U4,0.0054008637911377435,0.003890585221244451
72,U4,0.2377417072282609,0.08838944542067444
73,U4,0.15427163234439567,0.07017259831500294
74,U4,0.13254039322246317,0.05543149935870069
75,U4,0.523558542305138,0.13957310193378925
76,U4,0.3304444094858194,0.09754242064701518
77,U4,0.1608793103233803,0.11885796867437834
78,U4,0.02530051891830841,0.013186504339984277
79,U4,0.1201693772692464,0.041898347202450816
80,U4,0.018798481406568545,0.02623071184697576
81,U4,0.4023980638287593,0.04785526108550111
82,U4,0.093157782794373,0.03826848590357928
83,U4,0.4227972432629644,0.15473256003134517
84,U4,0.33932254995922584,0.11792850806233275
85,U4,0.1199967313690073,0.06407064030923143
86,U4,0.5118628003775608,0.2988165473766451
87,U4,0.49450617720084983,0.13960515968402326
88,U4,0.5460903915743515,0.27313063131920934
89,U4,0.4440554752010453,0.2878613494500737
90,U4,0.05146211181125195,0.06004000965480754
91,U4,0.3264515118139529,0.15537088004215904
92,U4,0.2491193404087951,0.08406868665247633
93,U4,0.21817769926337396,0.12134116305278299
94,U4,0.4123605296595617,0.14857488927938645
95,U4,1.1457013291906666,0.3106761863206511
96,U4,0.3410377723643156,0.11185271648680273
