scenario,kind,spearman,max_absolute_rank_shift,top5_overlap,top5_jaccard,top5_tie_expanded_size,top5_tie_expanded_jaccard,top10_overlap,top10_jaccard,top10_tie_expanded_size,top10_tie_expanded_jaccard,top20_overlap,top20_jaccard,top20_tie_expanded_size,top20_tie_expanded_jaccard
M2_0m,source,0.9997900335946249,3,5,1.0,5,1.0,10,1.0,10,1.0,20,1.0,20,1.0
M2_10m,source,0.9994400895856663,3,5,1.0,5,1.0,10,1.0,10,1.0,20,1.0,20,1.0
M2_20m,source,0.9985862262038073,8,5,1.0,5,1.0,10,1.0,10,1.0,20,1.0,20,1.0
B1_gross,source,0.9999720044792834,1,5,1.0,5,1.0,10,1.0,10,1.0,20,1.0,20,1.0
U1_land_entropy,source,0.9716405375139978,23,4,0.6666666666666666,5,0.6666666666666666,8,0.6666666666666666,10,0.6666666666666666,16,0.6666666666666666,20,0.6666666666666666
bus_service_access_saturday_am_400m,source,0.9989501679731244,5,5,1.0,5,1.0,10,1.0,10,1.0,19,0.9047619047619048,20,0.9047619047619048
bus_service_access_saturday_am_800m,source,0.9965145576707727,12,4,0.6666666666666666,5,0.6666666666666666,10,1.0,10,1.0,19,0.9047619047619048,20,0.9047619047619048
bus_service_access_sunday_am_400m,source,0.9986982082866741,5,5,1.0,5,1.0,10,1.0,10,1.0,20,1.0,20,1.0
bus_service_access_sunday_am_800m,source,0.99738241881299,8,4,0.6666666666666666,5,0.6666666666666666,9,0.8181818181818182,10,0.8181818181818182,20,1.0,20,1.0
bus_service_access_weekday_am_800m,source,0.9977463605823069,7,4,0.6666666666666666,5,0.6666666666666666,9,0.8181818181818182,10,0.8181818181818182,20,1.0,20,1.0
formal_job_density_address_first_business_prior_km2,source,0.9997200447928333,4,5,1.0,5,1.0,10,1.0,10,1.0,20,1.0,20,1.0
formal_job_density_address_first_km2,source,0.9998320268756998,4,5,1.0,5,1.0,10,1.0,10,1.0,20,1.0,20,1.0
formal_job_density_address_first_located_jobs_prior_km2,source,0.9998460246360583,4,5,1.0,5,1.0,10,1.0,10,1.0,20,1.0,20,1.0
formal_job_density_area_first_business_prior_km2,source,0.9998880179171332,2,5,1.0,5,1.0,10,1.0,10,1.0,20,1.0,20,1.0
formal_job_density_area_first_located_jobs_prior_km2,source,1.0,0,5,1.0,5,1.0,10,1.0,10,1.0,20,1.0,20,1.0
formal_job_density_area_mixed_km2,source,1.0,0,5,1.0,5,1.0,10,1.0,10,1.0,20,1.0,20,1.0
formal_job_density_equal_workplace_km2,source,0.9997200447928333,4,5,1.0,5,1.0,10,1.0,10,1.0,20,1.0,20,1.0
formal_job_density_hybrid_km2,source,0.9999020156774916,3,5,1.0,5,1.0,10,1.0,10,1.0,20,1.0,20,1.0
formal_job_density_residential_first_km2,source,0.9998460246360583,2,5,1.0,5,1.0,10,1.0,10,1.0,20,1.0,20,1.0
M6_observed_only,source,0.9995660694288914,3,5,1.0,5,1.0,10,1.0,10,1.0,20,1.0,20,1.0
U1_count_composition,representation,0.9833286674132139,24,4,0.6666666666666666,5,0.6666666666666666,10,1.0,10,1.0,19,0.9047619047619048,20,0.9047619047619048
U1_land_area_composition,representation,0.9746080627099665,22,4,0.6666666666666666,5,0.6666666666666666,8,0.6666666666666666,10,0.6666666666666666,16,0.6666666666666666,20,0.6666666666666666
without_M1,family_exclusion,0.9975223964165735,9,5,1.0,5,1.0,10,1.0,10,1.0,20,1.0,20,1.0
without_M2,family_exclusion,0.991545352743561,14,4,0.6666666666666666,5,0.6666666666666666,9,0.8181818181818182,10,0.8181818181818182,19,0.9047619047619048,20,0.9047619047619048
without_M3,family_exclusion,0.9988241881298991,5,5,1.0,5,1.0,10,1.0,10,1.0,20,1.0,20,1.0
without_M4,family_exclusion,0.9972144456886899,7,5,1.0,5,1.0,10,1.0,10,1.0,20,1.0,20,1.0
without_M6,family_exclusion,0.9982782754759238,5,4,0.6666666666666666,5,0.6666666666666666,10,1.0,10,1.0,19,0.9047619047619048,20,0.9047619047619048
without_M7,family_exclusion,0.9935750279955209,19,5,1.0,5,1.0,10,1.0,10,1.0,19,0.9047619047619048,20,0.9047619047619048
without_B1,family_exclusion,0.9794232922732363,13,4,0.6666666666666666,5,0.6666666666666666,9,0.8181818181818182,10,0.8181818181818182,18,0.8181818181818182,20,0.8181818181818182
without_B2,family_exclusion,0.9980263157894738,6,5,1.0,5,1.0,8,0.6666666666666666,10,0.6666666666666666,19,0.9047619047619048,20,0.9047619047619048
without_B3,family_exclusion,0.9969484882418813,8,5,1.0,5,1.0,10,1.0,10,1.0,20,1.0,20,1.0
without_U1,family_exclusion,0.9673012318029116,25,4,0.6666666666666666,5,0.6666666666666666,8,0.6666666666666666,10,0.6666666666666666,16,0.6666666666666666,20,0.6666666666666666
without_U2,family_exclusion,0.9970884658454648,9,5,1.0,5,1.0,10,1.0,10,1.0,20,1.0,20,1.0
without_U3,family_exclusion,0.9948628219484882,17,4,0.6666666666666666,5,0.6666666666666666,10,1.0,10,1.0,19,0.9047619047619048,20,0.9047619047619048
without_U4,family_exclusion,0.9655375139977604,38,4,0.6666666666666666,5,0.6666666666666666,8,0.6666666666666666,10,0.6666666666666666,18,0.8181818181818182,20,0.8181818181818182
built_form_only,family_exclusion,0.9130739081746919,38,3,0.42857142857142855,5,0.42857142857142855,6,0.42857142857142855,10,0.42857142857142855,15,0.6,20,0.6
without_U2_B3,family_exclusion,0.9898236282194848,12,5,1.0,5,1.0,10,1.0,10,1.0,20,1.0,20,1.0
equal_domains,weight_scheme,0.9936030235162375,12,5,1.0,5,1.0,10,1.0,10,1.0,20,1.0,20,1.0
standard_scaling,scaling,0.999020156774916,6,5,1.0,5,1.0,9,0.8181818181818182,10,0.8181818181818182,19,0.9047619047619048,20,0.9047619047619048
no_family_calibration,calibration,0.9926931690929452,10,4,0.6666666666666666,5,0.6666666666666666,10,1.0,10,1.0,18,0.8181818181818182,20,0.8181818181818182
fit_without_Bras,fit_influence,0.9998180291153416,3,5,1.0,5,1.0,10,1.0,10,1.0,20,1.0,20,1.0
fit_without_subprefeitura_1.0,spatial_fit_influence,0.9997200447928333,2,5,1.0,5,1.0,10,1.0,10,1.0,20,1.0,20,1.0
fit_without_subprefeitura_10.0,spatial_fit_influence,0.9998320268756998,2,5,1.0,5,1.0,10,1.0,10,1.0,20,1.0,20,1.0
fit_without_subprefeitura_11.0,spatial_fit_influence,0.9994960806270998,3,5,1.0,5,1.0,10,1.0,10,1.0,20,1.0,20,1.0
fit_without_subprefeitura_12.0,spatial_fit_influence,0.9998880179171332,2,5,1.0,5,1.0,10,1.0,10,1.0,20,1.0,20,1.0
fit_without_subprefeitura_13.0,spatial_fit_influence,0.9991041433370661,4,5,1.0,5,1.0,10,1.0,10,1.0,19,0.9047619047619048,20,0.9047619047619048
fit_without_subprefeitura_14.0,spatial_fit_influence,0.9945268756998881,12,4,0.6666666666666666,5,0.6666666666666666,10,1.0,10,1.0,19,0.9047619047619048,20,0.9047619047619048
fit_without_subprefeitura_15.0,spatial_fit_influence,0.9983062709966406,8,5,1.0,5,1.0,10,1.0,10,1.0,19,0.9047619047619048,20,0.9047619047619048
fit_without_subprefeitura_16.0,spatial_fit_influence,0.9997480403135499,2,5,1.0,5,1.0,10,1.0,10,1.0,20,1.0,20,1.0
fit_without_subprefeitura_17.0,spatial_fit_influence,0.9997340425531916,3,5,1.0,5,1.0,10,1.0,10,1.0,20,1.0,20,1.0
fit_without_subprefeitura_18.0,spatial_fit_influence,0.9999300111982085,1,5,1.0,5,1.0,10,1.0,10,1.0,20,1.0,20,1.0
fit_without_subprefeitura_19.0,spatial_fit_influence,0.999874020156775,2,5,1.0,5,1.0,10,1.0,10,1.0,20,1.0,20,1.0
fit_without_subprefeitura_2.0,spatial_fit_influence,0.999874020156775,2,5,1.0,5,1.0,10,1.0,10,1.0,20,1.0,20,1.0
fit_without_subprefeitura_20.0,spatial_fit_influence,0.9995660694288914,3,5,1.0,5,1.0,10,1.0,10,1.0,19,0.9047619047619048,20,0.9047619047619048
fit_without_subprefeitura_21.0,spatial_fit_influence,0.9987681970884659,6,4,0.6666666666666666,5,0.6666666666666666,10,1.0,10,1.0,20,1.0,20,1.0
fit_without_subprefeitura_22.0,spatial_fit_influence,0.9988801791713326,5,5,1.0,5,1.0,10,1.0,10,1.0,19,0.9047619047619048,20,0.9047619047619048
fit_without_subprefeitura_23.0,spatial_fit_influence,0.9997340425531916,2,5,1.0,5,1.0,10,1.0,10,1.0,20,1.0,20,1.0
fit_without_subprefeitura_24.0,spatial_fit_influence,0.9997200447928333,2,5,1.0,5,1.0,10,1.0,10,1.0,20,1.0,20,1.0
fit_without_subprefeitura_25.0,spatial_fit_influence,0.9994120940649497,4,5,1.0,5,1.0,10,1.0,10,1.0,20,1.0,20,1.0
fit_without_subprefeitura_26.0,spatial_fit_influence,0.9996920492721164,3,5,1.0,5,1.0,10,1.0,10,1.0,20,1.0,20,1.0
fit_without_subprefeitura_27.0,spatial_fit_influence,0.9997480403135499,3,5,1.0,5,1.0,10,1.0,10,1.0,20,1.0,20,1.0
fit_without_subprefeitura_28.0,spatial_fit_influence,0.9999580067189251,1,5,1.0,5,1.0,10,1.0,10,1.0,20,1.0,20,1.0
fit_without_subprefeitura_29.0,spatial_fit_influence,0.9998320268756998,2,5,1.0,5,1.0,10,1.0,10,1.0,20,1.0,20,1.0
fit_without_subprefeitura_3.0,spatial_fit_influence,0.9998880179171332,2,5,1.0,5,1.0,10,1.0,10,1.0,20,1.0,20,1.0
fit_without_subprefeitura_30.0,spatial_fit_influence,0.9997200447928333,3,5,1.0,5,1.0,10,1.0,10,1.0,20,1.0,20,1.0
fit_without_subprefeitura_31.0,spatial_fit_influence,0.9994120940649497,4,5,1.0,5,1.0,10,1.0,10,1.0,20,1.0,20,1.0
fit_without_subprefeitura_32.0,spatial_fit_influence,0.9998460246360583,2,5,1.0,5,1.0,10,1.0,10,1.0,20,1.0,20,1.0
fit_without_subprefeitura_4.0,spatial_fit_influence,0.9998600223964166,2,5,1.0,5,1.0,10,1.0,10,1.0,20,1.0,20,1.0
fit_without_subprefeitura_5.0,spatial_fit_influence,0.9997620380739083,2,5,1.0,5,1.0,10,1.0,10,1.0,20,1.0,20,1.0
fit_without_subprefeitura_6.0,spatial_fit_influence,0.9998180291153416,2,5,1.0,5,1.0,10,1.0,10,1.0,20,1.0,20,1.0
fit_without_subprefeitura_7.0,spatial_fit_influence,0.999874020156775,2,5,1.0,5,1.0,10,1.0,10,1.0,20,1.0,20,1.0
fit_without_subprefeitura_8.0,spatial_fit_influence,0.9999160134378499,2,5,1.0,5,1.0,10,1.0,10,1.0,20,1.0,20,1.0
fit_without_subprefeitura_9.0,spatial_fit_influence,0.9996640537513998,3,5,1.0,5,1.0,10,1.0,10,1.0,20,1.0,20,1.0
weight_000,weight_perturbation,0.9920212765957446,13,4,0.6666666666666666,5,0.6666666666666666,9,0.8181818181818182,10,0.8181818181818182,19,0.9047619047619048,20,0.9047619047619048
weight_001,weight_perturbation,0.9911674132138859,15,5,1.0,5,1.0,9,0.8181818181818182,10,0.8181818181818182,19,0.9047619047619048,20,0.9047619047619048
weight_002,weight_perturbation,0.995226763717805,12,4,0.6666666666666666,5,0.6666666666666666,10,1.0,10,1.0,19,0.9047619047619048,20,0.9047619047619048
weight_003,weight_perturbation,0.9915733482642777,12,5,1.0,5,1.0,9,0.8181818181818182,10,0.8181818181818182,19,0.9047619047619048,20,0.9047619047619048
weight_004,weight_perturbation,0.9965845464725643,7,5,1.0,5,1.0,10,1.0,10,1.0,19,0.9047619047619048,20,0.9047619047619048
weight_005,weight_perturbation,0.9907474804031355,16,4,0.6666666666666666,5,0.6666666666666666,9,0.8181818181818182,10,0.8181818181818182,18,0.8181818181818182,20,0.8181818181818182
weight_006,weight_perturbation,0.9901735722284434,18,4,0.6666666666666666,5,0.6666666666666666,10,1.0,10,1.0,18,0.8181818181818182,20,0.8181818181818182
weight_007,weight_perturbation,0.9925391937290033,11,4,0.6666666666666666,5,0.6666666666666666,9,0.8181818181818182,10,0.8181818181818182,19,0.9047619047619048,20,0.9047619047619048
weight_008,weight_perturbation,0.9747760358342665,28,5,1.0,5,1.0,9,0.8181818181818182,10,0.8181818181818182,19,0.9047619047619048,20,0.9047619047619048
weight_009,weight_perturbation,0.9920212765957446,14,4,0.6666666666666666,5,0.6666666666666666,10,1.0,10,1.0,18,0.8181818181818182,20,0.8181818181818182
weight_010,weight_perturbation,0.9938549832026876,13,5,1.0,5,1.0,9,0.8181818181818182,10,0.8181818181818182,18,0.8181818181818182,20,0.8181818181818182
weight_011,weight_perturbation,0.9976903695408734,7,5,1.0,5,1.0,9,0.8181818181818182,10,0.8181818181818182,19,0.9047619047619048,20,0.9047619047619048
weight_012,weight_perturbation,0.9897396416573349,14,4,0.6666666666666666,5,0.6666666666666666,9,0.8181818181818182,10,0.8181818181818182,19,0.9047619047619048,20,0.9047619047619048
weight_013,weight_perturbation,0.989095744680851,19,5,1.0,5,1.0,9,0.8181818181818182,10,0.8181818181818182,19,0.9047619047619048,20,0.9047619047619048
weight_014,weight_perturbation,0.9878779395296754,21,4,0.6666666666666666,5,0.6666666666666666,10,1.0,10,1.0,19,0.9047619047619048,20,0.9047619047619048
weight_015,weight_perturbation,0.9744960806270998,22,5,1.0,5,1.0,9,0.8181818181818182,10,0.8181818181818182,19,0.9047619047619048,20,0.9047619047619048
weight_016,weight_perturbation,0.9972704367301232,8,5,1.0,5,1.0,9,0.8181818181818182,10,0.8181818181818182,19,0.9047619047619048,20,0.9047619047619048
weight_017,weight_perturbation,0.9931410974244123,10,4,0.6666666666666666,5,0.6666666666666666,9,0.8181818181818182,10,0.8181818181818182,18,0.8181818181818182,20,0.8181818181818182
weight_018,weight_perturbation,0.9896976483762598,14,4,0.6666666666666666,5,0.6666666666666666,10,1.0,10,1.0,18,0.8181818181818182,20,0.8181818181818182
weight_019,weight_perturbation,0.9963465845464726,11,5,1.0,5,1.0,9,0.8181818181818182,10,0.8181818181818182,20,1.0,20,1.0
weight_020,weight_perturbation,0.99763437849944,6,5,1.0,5,1.0,9,0.8181818181818182,10,0.8181818181818182,20,1.0,20,1.0
weight_021,weight_perturbation,0.9936030235162375,11,5,1.0,5,1.0,9,0.8181818181818182,10,0.8181818181818182,19,0.9047619047619048,20,0.9047619047619048
weight_022,weight_perturbation,0.9888157894736842,14,4,0.6666666666666666,5,0.6666666666666666,9,0.8181818181818182,10,0.8181818181818182,19,0.9047619047619048,20,0.9047619047619048
weight_023,weight_perturbation,0.9860022396416575,23,5,1.0,5,1.0,10,1.0,10,1.0,19,0.9047619047619048,20,0.9047619047619048
weight_024,weight_perturbation,0.9881718924972004,22,4,0.6666666666666666,5,0.6666666666666666,9,0.8181818181818182,10,0.8181818181818182,19,0.9047619047619048,20,0.9047619047619048
weight_025,weight_perturbation,0.9950867861142216,13,5,1.0,5,1.0,10,1.0,10,1.0,18,0.8181818181818182,20,0.8181818181818182
weight_026,weight_perturbation,0.9977463605823069,4,5,1.0,5,1.0,9,0.8181818181818182,10,0.8181818181818182,19,0.9047619047619048,20,0.9047619047619048
weight_027,weight_perturbation,0.9939949608062709,11,4,0.6666666666666666,5,0.6666666666666666,9,0.8181818181818182,10,0.8181818181818182,18,0.8181818181818182,20,0.8181818181818182
weight_028,weight_perturbation,0.9933510638297872,11,4,0.6666666666666666,5,0.6666666666666666,10,1.0,10,1.0,19,0.9047619047619048,20,0.9047619047619048
weight_029,weight_perturbation,0.9938829787234043,13,4,0.6666666666666666,5,0.6666666666666666,10,1.0,10,1.0,18,0.8181818181818182,20,0.8181818181818182
weight_030,weight_perturbation,0.9936170212765958,12,4,0.6666666666666666,5,0.6666666666666666,9,0.8181818181818182,10,0.8181818181818182,19,0.9047619047619048,20,0.9047619047619048
weight_031,weight_perturbation,0.9885778275475924,15,5,1.0,5,1.0,9,0.8181818181818182,10,0.8181818181818182,19,0.9047619047619048,20,0.9047619047619048
weight_032,weight_perturbation,0.9961646136618141,8,5,1.0,5,1.0,9,0.8181818181818182,10,0.8181818181818182,19,0.9047619047619048,20,0.9047619047619048
weight_033,weight_perturbation,0.9928751399776036,11,5,1.0,5,1.0,9,0.8181818181818182,10,0.8181818181818182,19,0.9047619047619048,20,0.9047619047619048
weight_034,weight_perturbation,0.9882138857782755,13,5,1.0,5,1.0,10,1.0,10,1.0,19,0.9047619047619048,20,0.9047619047619048
weight_035,weight_perturbation,0.9968505039193728,6,4,0.6666666666666666,5,0.6666666666666666,9,0.8181818181818182,10,0.8181818181818182,19,0.9047619047619048,20,0.9047619047619048
weight_036,weight_perturbation,0.9959686450167973,9,5,1.0,5,1.0,10,1.0,10,1.0,20,1.0,20,1.0
weight_037,weight_perturbation,0.9930851063829786,11,4,0.6666666666666666,5,0.6666666666666666,9,0.8181818181818182,10,0.8181818181818182,19,0.9047619047619048,20,0.9047619047619048
weight_038,weight_perturbation,0.985456326987682,20,5,1.0,5,1.0,9,0.8181818181818182,10,0.8181818181818182,19,0.9047619047619048,20,0.9047619047619048
weight_039,weight_perturbation,0.9910414333706606,11,5,1.0,5,1.0,9,0.8181818181818182,10,0.8181818181818182,19,0.9047619047619048,20,0.9047619047619048
weight_040,weight_perturbation,0.9943589025755879,10,5,1.0,5,1.0,9,0.8181818181818182,10,0.8181818181818182,19,0.9047619047619048,20,0.9047619047619048
weight_041,weight_perturbation,0.9926651735722284,12,4,0.6666666666666666,5,0.6666666666666666,9,0.8181818181818182,10,0.8181818181818182,18,0.8181818181818182,20,0.8181818181818182
weight_042,weight_perturbation,0.992273236282195,12,4,0.6666666666666666,5,0.6666666666666666,9,0.8181818181818182,10,0.8181818181818182,18,0.8181818181818182,20,0.8181818181818182
weight_043,weight_perturbation,0.9969484882418813,7,5,1.0,5,1.0,10,1.0,10,1.0,19,0.9047619047619048,20,0.9047619047619048
weight_044,weight_perturbation,0.9918113101903694,12,5,1.0,5,1.0,9,0.8181818181818182,10,0.8181818181818182,18,0.8181818181818182,20,0.8181818181818182
weight_045,weight_perturbation,0.9911534154535273,11,5,1.0,5,1.0,9,0.8181818181818182,10,0.8181818181818182,18,0.8181818181818182,20,0.8181818181818182
weight_046,weight_perturbation,0.9931131019036953,14,5,1.0,5,1.0,9,0.8181818181818182,10,0.8181818181818182,17,0.7391304347826086,20,0.7391304347826086
weight_047,weight_perturbation,0.9887597984322509,13,5,1.0,5,1.0,9,0.8181818181818182,10,0.8181818181818182,18,0.8181818181818182,20,0.8181818181818182
weight_048,weight_perturbation,0.9855263157894737,15,4,0.6666666666666666,5,0.6666666666666666,9,0.8181818181818182,10,0.8181818181818182,18,0.8181818181818182,20,0.8181818181818182
weight_049,weight_perturbation,0.9944288913773796,10,4,0.6666666666666666,5,0.6666666666666666,10,1.0,10,1.0,17,0.7391304347826086,20,0.7391304347826086
weight_050,weight_perturbation,0.9945408734602463,12,5,1.0,5,1.0,9,0.8181818181818182,10,0.8181818181818182,19,0.9047619047619048,20,0.9047619047619048
weight_051,weight_perturbation,0.9948068309070549,10,4,0.6666666666666666,5,0.6666666666666666,9,0.8181818181818182,10,0.8181818181818182,19,0.9047619047619048,20,0.9047619047619048
weight_052,weight_perturbation,0.9970324748040313,6,5,1.0,5,1.0,9,0.8181818181818182,10,0.8181818181818182,19,0.9047619047619048,20,0.9047619047619048
weight_053,weight_perturbation,0.9951567749160135,9,4,0.6666666666666666,5,0.6666666666666666,9,0.8181818181818182,10,0.8181818181818182,19,0.9047619047619048,20,0.9047619047619048
weight_054,weight_perturbation,0.9849104143337066,25,5,1.0,5,1.0,9,0.8181818181818182,10,0.8181818181818182,18,0.8181818181818182,20,0.8181818181818182
weight_055,weight_perturbation,0.9857362821948489,22,5,1.0,5,1.0,9,0.8181818181818182,10,0.8181818181818182,19,0.9047619047619048,20,0.9047619047619048
weight_056,weight_perturbation,0.9924972004479284,12,4,0.6666666666666666,5,0.6666666666666666,9,0.8181818181818182,10,0.8181818181818182,19,0.9047619047619048,20,0.9047619047619048
weight_057,weight_perturbation,0.9970884658454648,6,4,0.6666666666666666,5,0.6666666666666666,9,0.8181818181818182,10,0.8181818181818182,19,0.9047619047619048,20,0.9047619047619048
weight_058,weight_perturbation,0.9910274356103024,17,5,1.0,5,1.0,9,0.8181818181818182,10,0.8181818181818182,19,0.9047619047619048,20,0.9047619047619048
weight_059,weight_perturbation,0.9869820828667413,14,4,0.6666666666666666,5,0.6666666666666666,9,0.8181818181818182,10,0.8181818181818182,18,0.8181818181818182,20,0.8181818181818182
weight_060,weight_perturbation,0.995464725643897,12,4,0.6666666666666666,5,0.6666666666666666,9,0.8181818181818182,10,0.8181818181818182,19,0.9047619047619048,20,0.9047619047619048
weight_061,weight_perturbation,0.9870940649496082,15,4,0.6666666666666666,5,0.6666666666666666,9,0.8181818181818182,10,0.8181818181818182,18,0.8181818181818182,20,0.8181818181818182
weight_062,weight_perturbation,0.9955627099664055,9,5,1.0,5,1.0,9,0.8181818181818182,10,0.8181818181818182,19,0.9047619047619048,20,0.9047619047619048
weight_063,weight_perturbation,0.998040313549832,6,5,1.0,5,1.0,10,1.0,10,1.0,20,1.0,20,1.0
weight_064,weight_perturbation,0.9948628219484882,11,5,1.0,5,1.0,9,0.8181818181818182,10,0.8181818181818182,19,0.9047619047619048,20,0.9047619047619048
weight_065,weight_perturbation,0.9788913773796194,19,4,0.6666666666666666,5,0.6666666666666666,9,0.8181818181818182,10,0.8181818181818182,18,0.8181818181818182,20,0.8181818181818182
weight_066,weight_perturbation,0.993421052631579,11,4,0.6666666666666666,5,0.6666666666666666,9,0.8181818181818182,10,0.8181818181818182,19,0.9047619047619048,20,0.9047619047619048
weight_067,weight_perturbation,0.9942189249720044,9,4,0.6666666666666666,5,0.6666666666666666,9,0.8181818181818182,10,0.8181818181818182,18,0.8181818181818182,20,0.8181818181818182
weight_068,weight_perturbation,0.992245240761478,12,4,0.6666666666666666,5,0.6666666666666666,9,0.8181818181818182,10,0.8181818181818182,19,0.9047619047619048,20,0.9047619047619048
weight_069,weight_perturbation,0.9825447928331467,26,5,1.0,5,1.0,9,0.8181818181818182,10,0.8181818181818182,19,0.9047619047619048,20,0.9047619047619048
weight_070,weight_perturbation,0.9946248600223964,14,4,0.6666666666666666,5,0.6666666666666666,10,1.0,10,1.0,19,0.9047619047619048,20,0.9047619047619048
weight_071,weight_perturbation,0.9937430011198208,11,5,1.0,5,1.0,9,0.8181818181818182,10,0.8181818181818182,20,1.0,20,1.0
weight_072,weight_perturbation,0.9912653975363941,16,5,1.0,5,1.0,9,0.8181818181818182,10,0.8181818181818182,20,1.0,20,1.0
weight_073,weight_perturbation,0.9968365061590145,8,5,1.0,5,1.0,10,1.0,10,1.0,19,0.9047619047619048,20,0.9047619047619048
weight_074,weight_perturbation,0.9930011198208286,10,4,0.6666666666666666,5,0.6666666666666666,9,0.8181818181818182,10,0.8181818181818182,19,0.9047619047619048,20,0.9047619047619048
weight_075,weight_perturbation,0.9944988801791714,12,4,0.6666666666666666,5,0.6666666666666666,10,1.0,10,1.0,19,0.9047619047619048,20,0.9047619047619048
weight_076,weight_perturbation,0.9967525195968645,7,5,1.0,5,1.0,9,0.8181818181818182,10,0.8181818181818182,19,0.9047619047619048,20,0.9047619047619048
weight_077,weight_perturbation,0.9890397536394177,19,5,1.0,5,1.0,9,0.8181818181818182,10,0.8181818181818182,18,0.8181818181818182,20,0.8181818181818182
weight_078,weight_perturbation,0.9918952967525196,12,5,1.0,5,1.0,10,1.0,10,1.0,18,0.8181818181818182,20,0.8181818181818182
weight_079,weight_perturbation,0.9983762597984321,7,4,0.6666666666666666,5,0.6666666666666666,10,1.0,10,1.0,19,0.9047619047619048,20,0.9047619047619048
weight_080,weight_perturbation,0.9873320268757,17,5,1.0,5,1.0,10,1.0,10,1.0,18,0.8181818181818182,20,0.8181818181818182
weight_081,weight_perturbation,0.9960526315789474,9,4,0.6666666666666666,5,0.6666666666666666,10,1.0,10,1.0,19,0.9047619047619048,20,0.9047619047619048
weight_082,weight_perturbation,0.99729843225084,6,5,1.0,5,1.0,10,1.0,10,1.0,19,0.9047619047619048,20,0.9047619047619048
weight_083,weight_perturbation,0.9868421052631579,16,5,1.0,5,1.0,9,0.8181818181818182,10,0.8181818181818182,19,0.9047619047619048,20,0.9047619047619048
weight_084,weight_perturbation,0.9974944008958566,6,5,1.0,5,1.0,10,1.0,10,1.0,20,1.0,20,1.0
weight_085,weight_perturbation,0.991951287793953,10,5,1.0,5,1.0,9,0.8181818181818182,10,0.8181818181818182,19,0.9047619047619048,20,0.9047619047619048
weight_086,weight_perturbation,0.9929591265397537,10,4,0.6666666666666666,5,0.6666666666666666,9,0.8181818181818182,10,0.8181818181818182,19,0.9047619047619048,20,0.9047619047619048
weight_087,weight_perturbation,0.99746640537514,6,5,1.0,5,1.0,9,0.8181818181818182,10,0.8181818181818182,19,0.9047619047619048,20,0.9047619047619048
weight_088,weight_perturbation,0.993910974244121,10,5,1.0,5,1.0,10,1.0,10,1.0,19,0.9047619047619048,20,0.9047619047619048
weight_089,weight_perturbation,0.9929171332586787,12,4,0.6666666666666666,5,0.6666666666666666,9,0.8181818181818182,10,0.8181818181818182,19,0.9047619047619048,20,0.9047619047619048
weight_090,weight_perturbation,0.979619260918253,27,4,0.6666666666666666,5,0.6666666666666666,10,1.0,10,1.0,18,0.8181818181818182,20,0.8181818181818182
weight_091,weight_perturbation,0.9917693169092945,18,5,1.0,5,1.0,9,0.8181818181818182,10,0.8181818181818182,19,0.9047619047619048,20,0.9047619047619048
weight_092,weight_perturbation,0.9884518477043673,17,4,0.6666666666666666,5,0.6666666666666666,10,1.0,10,1.0,19,0.9047619047619048,20,0.9047619047619048
weight_093,weight_perturbation,0.9890677491601343,16,5,1.0,5,1.0,9,0.8181818181818182,10,0.8181818181818182,19,0.9047619047619048,20,0.9047619047619048
weight_094,weight_perturbation,0.9913353863381859,18,5,1.0,5,1.0,9,0.8181818181818182,10,0.8181818181818182,20,1.0,20,1.0
weight_095,weight_perturbation,0.9941909294512877,14,4,0.6666666666666666,5,0.6666666666666666,9,0.8181818181818182,10,0.8181818181818182,19,0.9047619047619048,20,0.9047619047619048
weight_096,weight_perturbation,0.9933370660694288,11,4,0.6666666666666666,5,0.6666666666666666,9,0.8181818181818182,10,0.8181818181818182,19,0.9047619047619048,20,0.9047619047619048
weight_097,weight_perturbation,0.9908174692049272,12,4,0.6666666666666666,5,0.6666666666666666,9,0.8181818181818182,10,0.8181818181818182,19,0.9047619047619048,20,0.9047619047619048
weight_098,weight_perturbation,0.9913073908174692,14,4,0.6666666666666666,5,0.6666666666666666,9,0.8181818181818182,10,0.8181818181818182,19,0.9047619047619048,20,0.9047619047619048
weight_099,weight_perturbation,0.9964305711086228,8,5,1.0,5,1.0,9,0.8181818181818182,10,0.8181818181818182,19,0.9047619047619048,20,0.9047619047619048
weight_100,weight_perturbation,0.991419372900336,13,5,1.0,5,1.0,9,0.8181818181818182,10,0.8181818181818182,19,0.9047619047619048,20,0.9047619047619048
weight_101,weight_perturbation,0.9971864501679731,6,4,0.6666666666666666,5,0.6666666666666666,9,0.8181818181818182,10,0.8181818181818182,19,0.9047619047619048,20,0.9047619047619048
weight_102,weight_perturbation,0.9961366181410974,7,4,0.6666666666666666,5,0.6666666666666666,10,1.0,10,1.0,19,0.9047619047619048,20,0.9047619047619048
weight_103,weight_perturbation,0.993910974244121,10,5,1.0,5,1.0,9,0.8181818181818182,10,0.8181818181818182,19,0.9047619047619048,20,0.9047619047619048
weight_104,weight_perturbation,0.9943729003359463,10,4,0.6666666666666666,5,0.6666666666666666,9,0.8181818181818182,10,0.8181818181818182,18,0.8181818181818182,20,0.8181818181818182
weight_105,weight_perturbation,0.9951147816349385,9,4,0.6666666666666666,5,0.6666666666666666,9,0.8181818181818182,10,0.8181818181818182,19,0.9047619047619048,20,0.9047619047619048
weight_106,weight_perturbation,0.9907614781634939,13,4,0.6666666666666666,5,0.6666666666666666,8,0.6666666666666666,10,0.6666666666666666,17,0.7391304347826086,20,0.7391304347826086
weight_107,weight_perturbation,0.9870940649496082,14,4,0.6666666666666666,5,0.6666666666666666,10,1.0,10,1.0,19,0.9047619047619048,20,0.9047619047619048
weight_108,weight_perturbation,0.9957166853303471,9,5,1.0,5,1.0,9,0.8181818181818182,10,0.8181818181818182,19,0.9047619047619048,20,0.9047619047619048
weight_109,weight_perturbation,0.9903415453527435,20,5,1.0,5,1.0,9,0.8181818181818182,10,0.8181818181818182,19,0.9047619047619048,20,0.9047619047619048
weight_110,weight_perturbation,0.9975503919372901,7,4,0.6666666666666666,5,0.6666666666666666,10,1.0,10,1.0,19,0.9047619047619048,20,0.9047619047619048
weight_111,weight_perturbation,0.9926791713325867,11,4,0.6666666666666666,5,0.6666666666666666,10,1.0,10,1.0,18,0.8181818181818182,20,0.8181818181818182
weight_112,weight_perturbation,0.9939249720044793,11,5,1.0,5,1.0,9,0.8181818181818182,10,0.8181818181818182,19,0.9047619047619048,20,0.9047619047619048
weight_113,weight_perturbation,0.9876679731243002,19,5,1.0,5,1.0,9,0.8181818181818182,10,0.8181818181818182,19,0.9047619047619048,20,0.9047619047619048
weight_114,weight_perturbation,0.9952827547592384,10,5,1.0,5,1.0,9,0.8181818181818182,10,0.8181818181818182,19,0.9047619047619048,20,0.9047619047619048
weight_115,weight_perturbation,0.9942889137737962,10,4,0.6666666666666666,5,0.6666666666666666,9,0.8181818181818182,10,0.8181818181818182,19,0.9047619047619048,20,0.9047619047619048
weight_116,weight_perturbation,0.988395856662934,12,5,1.0,5,1.0,10,1.0,10,1.0,19,0.9047619047619048,20,0.9047619047619048
weight_117,weight_perturbation,0.994232922732363,9,4,0.6666666666666666,5,0.6666666666666666,10,1.0,10,1.0,18,0.8181818181818182,20,0.8181818181818182
weight_118,weight_perturbation,0.9971864501679731,10,5,1.0,5,1.0,9,0.8181818181818182,10,0.8181818181818182,19,0.9047619047619048,20,0.9047619047619048
weight_119,weight_perturbation,0.9943029115341545,9,5,1.0,5,1.0,9,0.8181818181818182,10,0.8181818181818182,19,0.9047619047619048,20,0.9047619047619048
weight_120,weight_perturbation,0.9921052631578947,14,4,0.6666666666666666,5,0.6666666666666666,8,0.6666666666666666,10,0.6666666666666666,18,0.8181818181818182,20,0.8181818181818182
weight_121,weight_perturbation,0.9902015677491601,15,4,0.6666666666666666,5,0.6666666666666666,9,0.8181818181818182,10,0.8181818181818182,18,0.8181818181818182,20,0.8181818181818182
weight_122,weight_perturbation,0.9883818589025756,17,5,1.0,5,1.0,9,0.8181818181818182,10,0.8181818181818182,18,0.8181818181818182,20,0.8181818181818182
weight_123,weight_perturbation,0.9932390817469204,14,4,0.6666666666666666,5,0.6666666666666666,9,0.8181818181818182,10,0.8181818181818182,19,0.9047619047619048,20,0.9047619047619048
weight_124,weight_perturbation,0.9954507278835387,10,5,1.0,5,1.0,9,0.8181818181818182,10,0.8181818181818182,19,0.9047619047619048,20,0.9047619047619048
weight_125,weight_perturbation,0.9907754759238522,18,5,1.0,5,1.0,9,0.8181818181818182,10,0.8181818181818182,19,0.9047619047619048,20,0.9047619047619048
weight_126,weight_perturbation,0.997018477043673,10,4,0.6666666666666666,5,0.6666666666666666,10,1.0,10,1.0,18,0.8181818181818182,20,0.8181818181818182
weight_127,weight_perturbation,0.9964165733482642,11,4,0.6666666666666666,5,0.6666666666666666,10,1.0,10,1.0,19,0.9047619047619048,20,0.9047619047619048
weight_128,weight_perturbation,0.9911814109742442,14,4,0.6666666666666666,5,0.6666666666666666,10,1.0,10,1.0,19,0.9047619047619048,20,0.9047619047619048
weight_129,weight_perturbation,0.9910834266517358,12,5,1.0,5,1.0,10,1.0,10,1.0,19,0.9047619047619048,20,0.9047619047619048
weight_130,weight_perturbation,0.9937010078387458,11,4,0.6666666666666666,5,0.6666666666666666,10,1.0,10,1.0,19,0.9047619047619048,20,0.9047619047619048
weight_131,weight_perturbation,0.9825447928331467,17,4,0.6666666666666666,5,0.6666666666666666,9,0.8181818181818182,10,0.8181818181818182,17,0.7391304347826086,20,0.7391304347826086
weight_132,weight_perturbation,0.988885778275476,15,4,0.6666666666666666,5,0.6666666666666666,10,1.0,10,1.0,18,0.8181818181818182,20,0.8181818181818182
weight_133,weight_perturbation,0.9961506159014557,9,4,0.6666666666666666,5,0.6666666666666666,10,1.0,10,1.0,18,0.8181818181818182,20,0.8181818181818182
weight_134,weight_perturbation,0.9939249720044793,8,4,0.6666666666666666,5,0.6666666666666666,9,0.8181818181818182,10,0.8181818181818182,18,0.8181818181818182,20,0.8181818181818182
weight_135,weight_perturbation,0.987458006718925,18,5,1.0,5,1.0,9,0.8181818181818182,10,0.8181818181818182,19,0.9047619047619048,20,0.9047619047619048
weight_136,weight_perturbation,0.9914473684210526,15,5,1.0,5,1.0,9,0.8181818181818182,10,0.8181818181818182,19,0.9047619047619048,20,0.9047619047619048
weight_137,weight_perturbation,0.9924132138857783,11,4,0.6666666666666666,5,0.6666666666666666,9,0.8181818181818182,10,0.8181818181818182,18,0.8181818181818182,20,0.8181818181818182
weight_138,weight_perturbation,0.9969204927211647,8,5,1.0,5,1.0,10,1.0,10,1.0,19,0.9047619047619048,20,0.9047619047619048
weight_139,weight_perturbation,0.9945968645016797,13,5,1.0,5,1.0,10,1.0,10,1.0,19,0.9047619047619048,20,0.9047619047619048
weight_140,weight_perturbation,0.9907614781634939,20,4,0.6666666666666666,5,0.6666666666666666,10,1.0,10,1.0,19,0.9047619047619048,20,0.9047619047619048
weight_141,weight_perturbation,0.9913493840985441,13,5,1.0,5,1.0,9,0.8181818181818182,10,0.8181818181818182,19,0.9047619047619048,20,0.9047619047619048
weight_142,weight_perturbation,0.9916293393057112,11,5,1.0,5,1.0,9,0.8181818181818182,10,0.8181818181818182,19,0.9047619047619048,20,0.9047619047619048
weight_143,weight_perturbation,0.9955347144456886,10,4,0.6666666666666666,5,0.6666666666666666,10,1.0,10,1.0,19,0.9047619047619048,20,0.9047619047619048
weight_144,weight_perturbation,0.9927071668533036,9,4,0.6666666666666666,5,0.6666666666666666,10,1.0,10,1.0,18,0.8181818181818182,20,0.8181818181818182
weight_145,weight_perturbation,0.9951147816349385,12,5,1.0,5,1.0,9,0.8181818181818182,10,0.8181818181818182,19,0.9047619047619048,20,0.9047619047619048
weight_146,weight_perturbation,0.9982782754759238,9,5,1.0,5,1.0,10,1.0,10,1.0,19,0.9047619047619048,20,0.9047619047619048
weight_147,weight_perturbation,0.9873460246360583,18,4,0.6666666666666666,5,0.6666666666666666,9,0.8181818181818182,10,0.8181818181818182,17,0.7391304347826086,20,0.7391304347826086
weight_148,weight_perturbation,0.987905935050392,22,4,0.6666666666666666,5,0.6666666666666666,9,0.8181818181818182,10,0.8181818181818182,18,0.8181818181818182,20,0.8181818181818182
weight_149,weight_perturbation,0.9954927211646136,9,5,1.0,5,1.0,9,0.8181818181818182,10,0.8181818181818182,19,0.9047619047619048,20,0.9047619047619048
weight_150,weight_perturbation,0.9918952967525196,15,4,0.6666666666666666,5,0.6666666666666666,10,1.0,10,1.0,19,0.9047619047619048,20,0.9047619047619048
weight_151,weight_perturbation,0.9893477043673012,12,5,1.0,5,1.0,9,0.8181818181818182,10,0.8181818181818182,18,0.8181818181818182,20,0.8181818181818182
weight_152,weight_perturbation,0.9913353863381859,17,5,1.0,5,1.0,9,0.8181818181818182,10,0.8181818181818182,20,1.0,20,1.0
weight_153,weight_perturbation,0.9840565509518477,14,4,0.6666666666666666,5,0.6666666666666666,10,1.0,10,1.0,19,0.9047619047619048,20,0.9047619047619048
weight_154,weight_perturbation,0.9859602463605823,21,4,0.6666666666666666,5,0.6666666666666666,10,1.0,10,1.0,19,0.9047619047619048,20,0.9047619047619048
weight_155,weight_perturbation,0.9962625979843226,11,4,0.6666666666666666,5,0.6666666666666666,10,1.0,10,1.0,20,1.0,20,1.0
weight_156,weight_perturbation,0.99738241881299,6,5,1.0,5,1.0,10,1.0,10,1.0,20,1.0,20,1.0
weight_157,weight_perturbation,0.9972004479283314,6,5,1.0,5,1.0,10,1.0,10,1.0,19,0.9047619047619048,20,0.9047619047619048
weight_158,weight_perturbation,0.996234602463606,8,5,1.0,5,1.0,10,1.0,10,1.0,19,0.9047619047619048,20,0.9047619047619048
weight_159,weight_perturbation,0.9937010078387458,12,4,0.6666666666666666,5,0.6666666666666666,10,1.0,10,1.0,20,1.0,20,1.0
weight_160,weight_perturbation,0.9963605823068309,10,4,0.6666666666666666,5,0.6666666666666666,10,1.0,10,1.0,19,0.9047619047619048,20,0.9047619047619048
weight_161,weight_perturbation,0.9896276595744682,23,5,1.0,5,1.0,9,0.8181818181818182,10,0.8181818181818182,19,0.9047619047619048,20,0.9047619047619048
weight_162,weight_perturbation,0.9921752519596865,11,4,0.6666666666666666,5,0.6666666666666666,9,0.8181818181818182,10,0.8181818181818182,19,0.9047619047619048,20,0.9047619047619048
weight_163,weight_perturbation,0.9868561030235162,15,5,1.0,5,1.0,9,0.8181818181818182,10,0.8181818181818182,18,0.8181818181818182,20,0.8181818181818182
weight_164,weight_perturbation,0.9918812989921613,11,4,0.6666666666666666,5,0.6666666666666666,8,0.6666666666666666,10,0.6666666666666666,19,0.9047619047619048,20,0.9047619047619048
weight_165,weight_perturbation,0.9976063829787234,5,4,0.6666666666666666,5,0.6666666666666666,10,1.0,10,1.0,19,0.9047619047619048,20,0.9047619047619048
weight_166,weight_perturbation,0.9888017917133259,14,4,0.6666666666666666,5,0.6666666666666666,10,1.0,10,1.0,17,0.7391304347826086,20,0.7391304347826086
weight_167,weight_perturbation,0.9983762597984321,7,5,1.0,5,1.0,10,1.0,10,1.0,20,1.0,20,1.0
weight_168,weight_perturbation,0.9948348264277715,9,4,0.6666666666666666,5,0.6666666666666666,10,1.0,10,1.0,18,0.8181818181818182,20,0.8181818181818182
weight_169,weight_perturbation,0.9812709966405374,21,4,0.6666666666666666,5,0.6666666666666666,9,0.8181818181818182,10,0.8181818181818182,18,0.8181818181818182,20,0.8181818181818182
weight_170,weight_perturbation,0.997872340425532,7,4,0.6666666666666666,5,0.6666666666666666,9,0.8181818181818182,10,0.8181818181818182,19,0.9047619047619048,20,0.9047619047619048
weight_171,weight_perturbation,0.9948348264277715,10,5,1.0,5,1.0,10,1.0,10,1.0,19,0.9047619047619048,20,0.9047619047619048
weight_172,weight_perturbation,0.9911674132138859,16,5,1.0,5,1.0,8,0.6666666666666666,10,0.6666666666666666,19,0.9047619047619048,20,0.9047619047619048
weight_173,weight_perturbation,0.9984182530795074,4,4,0.6666666666666666,5,0.6666666666666666,9,0.8181818181818182,10,0.8181818181818182,19,0.9047619047619048,20,0.9047619047619048
weight_174,weight_perturbation,0.9897116461366181,16,4,0.6666666666666666,5,0.6666666666666666,10,1.0,10,1.0,18,0.8181818181818182,20,0.8181818181818182
weight_175,weight_perturbation,0.9984042553191491,7,5,1.0,5,1.0,10,1.0,10,1.0,20,1.0,20,1.0
weight_176,weight_perturbation,0.9955767077267638,11,5,1.0,5,1.0,8,0.6666666666666666,10,0.6666666666666666,19,0.9047619047619048,20,0.9047619047619048
weight_177,weight_perturbation,0.9857642777155655,15,4,0.6666666666666666,5,0.6666666666666666,9,0.8181818181818182,10,0.8181818181818182,18,0.8181818181818182,20,0.8181818181818182
weight_178,weight_perturbation,0.9972144456886899,8,5,1.0,5,1.0,10,1.0,10,1.0,19,0.9047619047619048,20,0.9047619047619048
weight_179,weight_perturbation,0.9942189249720044,9,4,0.6666666666666666,5,0.6666666666666666,9,0.8181818181818182,10,0.8181818181818182,18,0.8181818181818182,20,0.8181818181818182
weight_180,weight_perturbation,0.99003359462486,18,5,1.0,5,1.0,10,1.0,10,1.0,19,0.9047619047619048,20,0.9047619047619048
weight_181,weight_perturbation,0.9898516237402016,10,4,0.6666666666666666,5,0.6666666666666666,9,0.8181818181818182,10,0.8181818181818182,18,0.8181818181818182,20,0.8181818181818182
weight_182,weight_perturbation,0.9980543113101904,9,5,1.0,5,1.0,10,1.0,10,1.0,20,1.0,20,1.0
weight_183,weight_perturbation,0.9921892497200447,19,5,1.0,5,1.0,9,0.8181818181818182,10,0.8181818181818182,20,1.0,20,1.0
weight_184,weight_perturbation,0.9976203807390818,9,5,1.0,5,1.0,10,1.0,10,1.0,19,0.9047619047619048,20,0.9047619047619048
weight_185,weight_perturbation,0.988031914893617,18,4,0.6666666666666666,5,0.6666666666666666,9,0.8181818181818182,10,0.8181818181818182,18,0.8181818181818182,20,0.8181818181818182
weight_186,weight_perturbation,0.9842105263157895,20,5,1.0,5,1.0,9,0.8181818181818182,10,0.8181818181818182,18,0.8181818181818182,20,0.8181818181818182
weight_187,weight_perturbation,0.9973124300111983,8,5,1.0,5,1.0,10,1.0,10,1.0,19,0.9047619047619048,20,0.9047619047619048
weight_188,weight_perturbation,0.9959826427771556,10,4,0.6666666666666666,5,0.6666666666666666,10,1.0,10,1.0,19,0.9047619047619048,20,0.9047619047619048
weight_189,weight_perturbation,0.9939669652855543,14,4,0.6666666666666666,5,0.6666666666666666,10,1.0,10,1.0,19,0.9047619047619048,20,0.9047619047619048
weight_190,weight_perturbation,0.991097424412094,14,4,0.6666666666666666,5,0.6666666666666666,9,0.8181818181818182,10,0.8181818181818182,19,0.9047619047619048,20,0.9047619047619048
weight_191,weight_perturbation,0.9913073908174692,13,4,0.6666666666666666,5,0.6666666666666666,9,0.8181818181818182,10,0.8181818181818182,19,0.9047619047619048,20,0.9047619047619048
weight_192,weight_perturbation,0.9936590145576708,14,5,1.0,5,1.0,10,1.0,10,1.0,19,0.9047619047619048,20,0.9047619047619048
weight_193,weight_perturbation,0.9848964165733483,18,4,0.6666666666666666,5,0.6666666666666666,10,1.0,10,1.0,18,0.8181818181818182,20,0.8181818181818182
weight_194,weight_perturbation,0.9942189249720044,11,4,0.6666666666666666,5,0.6666666666666666,10,1.0,10,1.0,19,0.9047619047619048,20,0.9047619047619048
weight_195,weight_perturbation,0.9903835386338186,20,4,0.6666666666666666,5,0.6666666666666666,9,0.8181818181818182,10,0.8181818181818182,19,0.9047619047619048,20,0.9047619047619048
weight_196,weight_perturbation,0.9902575587905934,16,5,1.0,5,1.0,9,0.8181818181818182,10,0.8181818181818182,20,1.0,20,1.0
weight_197,weight_perturbation,0.9982922732362821,5,4,0.6666666666666666,5,0.6666666666666666,10,1.0,10,1.0,19,0.9047619047619048,20,0.9047619047619048
weight_198,weight_perturbation,0.9950307950727884,12,5,1.0,5,1.0,9,0.8181818181818182,10,0.8181818181818182,19,0.9047619047619048,20,0.9047619047619048
weight_199,weight_perturbation,0.9948348264277715,10,4,0.6666666666666666,5,0.6666666666666666,10,1.0,10,1.0,18,0.8181818181818182,20,0.8181818181818182
weight_200,weight_perturbation,0.9939809630459125,12,4,0.6666666666666666,5,0.6666666666666666,10,1.0,10,1.0,18,0.8181818181818182,20,0.8181818181818182
weight_201,weight_perturbation,0.9950447928331467,7,4,0.6666666666666666,5,0.6666666666666666,10,1.0,10,1.0,19,0.9047619047619048,20,0.9047619047619048
weight_202,weight_perturbation,0.9875559910414334,16,4,0.6666666666666666,5,0.6666666666666666,9,0.8181818181818182,10,0.8181818181818182,19,0.9047619047619048,20,0.9047619047619048
weight_203,weight_perturbation,0.9898096304591265,23,4,0.6666666666666666,5,0.6666666666666666,9,0.8181818181818182,10,0.8181818181818182,19,0.9047619047619048,20,0.9047619047619048
weight_204,weight_perturbation,0.9947508398656215,8,4,0.6666666666666666,5,0.6666666666666666,10,1.0,10,1.0,18,0.8181818181818182,20,0.8181818181818182
weight_205,weight_perturbation,0.9967945128779395,6,4,0.6666666666666666,5,0.6666666666666666,9,0.8181818181818182,10,0.8181818181818182,19,0.9047619047619048,20,0.9047619047619048
weight_206,weight_perturbation,0.9938829787234043,10,4,0.6666666666666666,5,0.6666666666666666,9,0.8181818181818182,10,0.8181818181818182,19,0.9047619047619048,20,0.9047619047619048
weight_207,weight_perturbation,0.997872340425532,6,4,0.6666666666666666,5,0.6666666666666666,10,1.0,10,1.0,19,0.9047619047619048,20,0.9047619047619048
weight_208,weight_perturbation,0.9934490481522956,12,5,1.0,5,1.0,10,1.0,10,1.0,18,0.8181818181818182,20,0.8181818181818182
weight_209,weight_perturbation,0.9949328107502801,12,5,1.0,5,1.0,9,0.8181818181818182,10,0.8181818181818182,20,1.0,20,1.0
weight_210,weight_perturbation,0.9857082866741322,21,4,0.6666666666666666,5,0.6666666666666666,9,0.8181818181818182,10,0.8181818181818182,19,0.9047619047619048,20,0.9047619047619048
weight_211,weight_perturbation,0.9935610302351623,13,4,0.6666666666666666,5,0.6666666666666666,9,0.8181818181818182,10,0.8181818181818182,19,0.9047619047619048,20,0.9047619047619048
weight_212,weight_perturbation,0.9943169092945129,10,4,0.6666666666666666,5,0.6666666666666666,9,0.8181818181818182,10,0.8181818181818182,19,0.9047619047619048,20,0.9047619047619048
weight_213,weight_perturbation,0.9918533034714446,13,4,0.6666666666666666,5,0.6666666666666666,10,1.0,10,1.0,18,0.8181818181818182,20,0.8181818181818182
weight_214,weight_perturbation,0.9957446808510637,7,5,1.0,5,1.0,9,0.8181818181818182,10,0.8181818181818182,19,0.9047619047619048,20,0.9047619047619048
weight_215,weight_perturbation,0.9951707726763718,12,5,1.0,5,1.0,10,1.0,10,1.0,19,0.9047619047619048,20,0.9047619047619048
weight_216,weight_perturbation,0.9960666293393057,11,5,1.0,5,1.0,9,0.8181818181818182,10,0.8181818181818182,19,0.9047619047619048,20,0.9047619047619048
weight_217,weight_perturbation,0.9959686450167973,8,4,0.6666666666666666,5,0.6666666666666666,10,1.0,10,1.0,19,0.9047619047619048,20,0.9047619047619048
weight_218,weight_perturbation,0.9928751399776036,10,5,1.0,5,1.0,10,1.0,10,1.0,19,0.9047619047619048,20,0.9047619047619048
weight_219,weight_perturbation,0.9872200447928332,23,5,1.0,5,1.0,9,0.8181818181818182,10,0.8181818181818182,20,1.0,20,1.0
weight_220,weight_perturbation,0.991825307950728,13,4,0.6666666666666666,5,0.6666666666666666,9,0.8181818181818182,10,0.8181818181818182,18,0.8181818181818182,20,0.8181818181818182
weight_221,weight_perturbation,0.9909994400895857,11,4,0.6666666666666666,5,0.6666666666666666,8,0.6666666666666666,10,0.6666666666666666,19,0.9047619047619048,20,0.9047619047619048
weight_222,weight_perturbation,0.9889417693169092,19,5,1.0,5,1.0,9,0.8181818181818182,10,0.8181818181818182,19,0.9047619047619048,20,0.9047619047619048
weight_223,weight_perturbation,0.9925251959686451,20,5,1.0,5,1.0,9,0.8181818181818182,10,0.8181818181818182,19,0.9047619047619048,20,0.9047619047619048
weight_224,weight_perturbation,0.9852883538633819,14,5,1.0,5,1.0,10,1.0,10,1.0,19,0.9047619047619048,20,0.9047619047619048
weight_225,weight_perturbation,0.9896976483762598,17,5,1.0,5,1.0,9,0.8181818181818182,10,0.8181818181818182,20,1.0,20,1.0
weight_226,weight_perturbation,0.9953947368421053,12,4,0.6666666666666666,5,0.6666666666666666,10,1.0,10,1.0,19,0.9047619047619048,20,0.9047619047619048
weight_227,weight_perturbation,0.9871360582306831,16,4,0.6666666666666666,5,0.6666666666666666,9,0.8181818181818182,10,0.8181818181818182,18,0.8181818181818182,20,0.8181818181818182
weight_228,weight_perturbation,0.9980963045912654,6,4,0.6666666666666666,5,0.6666666666666666,9,0.8181818181818182,10,0.8181818181818182,19,0.9047619047619048,20,0.9047619047619048
weight_229,weight_perturbation,0.993421052631579,11,4,0.6666666666666666,5,0.6666666666666666,10,1.0,10,1.0,19,0.9047619047619048,20,0.9047619047619048
weight_230,weight_perturbation,0.993099104143337,14,5,1.0,5,1.0,10,1.0,10,1.0,19,0.9047619047619048,20,0.9047619047619048
weight_231,weight_perturbation,0.9931270996640537,12,4,0.6666666666666666,5,0.6666666666666666,10,1.0,10,1.0,18,0.8181818181818182,20,0.8181818181818182
weight_232,weight_perturbation,0.9969344904815229,12,4,0.6666666666666666,5,0.6666666666666666,10,1.0,10,1.0,19,0.9047619047619048,20,0.9047619047619048
weight_233,weight_perturbation,0.9924832026875701,12,4,0.6666666666666666,5,0.6666666666666666,10,1.0,10,1.0,19,0.9047619047619048,20,0.9047619047619048
weight_234,weight_perturbation,0.9962625979843226,7,5,1.0,5,1.0,10,1.0,10,1.0,20,1.0,20,1.0
weight_235,weight_perturbation,0.9968225083986562,8,5,1.0,5,1.0,9,0.8181818181818182,10,0.8181818181818182,19,0.9047619047619048,20,0.9047619047619048
weight_236,weight_perturbation,0.9972424412094065,6,5,1.0,5,1.0,10,1.0,10,1.0,19,0.9047619047619048,20,0.9047619047619048
weight_237,weight_perturbation,0.9787374020156775,20,4,0.6666666666666666,5,0.6666666666666666,9,0.8181818181818182,10,0.8181818181818182,17,0.7391304347826086,20,0.7391304347826086
weight_238,weight_perturbation,0.9941209406494962,10,4,0.6666666666666666,5,0.6666666666666666,10,1.0,10,1.0,19,0.9047619047619048,20,0.9047619047619048
weight_239,weight_perturbation,0.9977883538633819,7,5,1.0,5,1.0,9,0.8181818181818182,10,0.8181818181818182,19,0.9047619047619048,20,0.9047619047619048
weight_240,weight_perturbation,0.9915733482642777,16,5,1.0,5,1.0,9,0.8181818181818182,10,0.8181818181818182,19,0.9047619047619048,20,0.9047619047619048
weight_241,weight_perturbation,0.9948488241881298,13,5,1.0,5,1.0,9,0.8181818181818182,10,0.8181818181818182,19,0.9047619047619048,20,0.9047619047619048
weight_242,weight_perturbation,0.9913773796192611,13,5,1.0,5,1.0,10,1.0,10,1.0,19,0.9047619047619048,20,0.9047619047619048
weight_243,weight_perturbation,0.9920492721164614,14,4,0.6666666666666666,5,0.6666666666666666,10,1.0,10,1.0,18,0.8181818181818182,20,0.8181818181818182
weight_244,weight_perturbation,0.9875699888017917,19,5,1.0,5,1.0,9,0.8181818181818182,10,0.8181818181818182,18,0.8181818181818182,20,0.8181818181818182
weight_245,weight_perturbation,0.9971724524076148,5,4,0.6666666666666666,5,0.6666666666666666,10,1.0,10,1.0,18,0.8181818181818182,20,0.8181818181818182
weight_246,weight_perturbation,0.9971304591265399,6,4,0.6666666666666666,5,0.6666666666666666,10,1.0,10,1.0,19,0.9047619047619048,20,0.9047619047619048
weight_247,weight_perturbation,0.9951147816349385,11,5,1.0,5,1.0,10,1.0,10,1.0,19,0.9047619047619048,20,0.9047619047619048
weight_248,weight_perturbation,0.9944568868980964,11,4,0.6666666666666666,5,0.6666666666666666,10,1.0,10,1.0,18,0.8181818181818182,20,0.8181818181818182
weight_249,weight_perturbation,0.9953527435610303,11,4,0.6666666666666666,5,0.6666666666666666,9,0.8181818181818182,10,0.8181818181818182,19,0.9047619047619048,20,0.9047619047619048
weight_250,weight_perturbation,0.9939249720044793,13,5,1.0,5,1.0,10,1.0,10,1.0,20,1.0,20,1.0
weight_251,weight_perturbation,0.99738241881299,9,5,1.0,5,1.0,10,1.0,10,1.0,19,0.9047619047619048,20,0.9047619047619048
weight_252,weight_perturbation,0.9921472564389697,10,4,0.6666666666666666,5,0.6666666666666666,9,0.8181818181818182,10,0.8181818181818182,19,0.9047619047619048,20,0.9047619047619048
weight_253,weight_perturbation,0.9779115341545352,20,4,0.6666666666666666,5,0.6666666666666666,10,1.0,10,1.0,19,0.9047619047619048,20,0.9047619047619048
weight_254,weight_perturbation,0.9898236282194848,16,5,1.0,5,1.0,10,1.0,10,1.0,19,0.9047619047619048,20,0.9047619047619048
weight_255,weight_perturbation,0.9973124300111983,6,5,1.0,5,1.0,10,1.0,10,1.0,18,0.8181818181818182,20,0.8181818181818182
weight_256,weight_perturbation,0.9899216125419933,17,5,1.0,5,1.0,8,0.6666666666666666,10,0.6666666666666666,20,1.0,20,1.0
weight_257,weight_perturbation,0.9975503919372901,6,5,1.0,5,1.0,9,0.8181818181818182,10,0.8181818181818182,19,0.9047619047619048,20,0.9047619047619048
weight_258,weight_perturbation,0.9968784994400897,10,5,1.0,5,1.0,10,1.0,10,1.0,19,0.9047619047619048,20,0.9047619047619048
weight_259,weight_perturbation,0.996234602463606,8,4,0.6666666666666666,5,0.6666666666666666,9,0.8181818181818182,10,0.8181818181818182,18,0.8181818181818182,20,0.8181818181818182
weight_260,weight_perturbation,0.9958006718924973,9,4,0.6666666666666666,5,0.6666666666666666,9,0.8181818181818182,10,0.8181818181818182,19,0.9047619047619048,20,0.9047619047619048
weight_261,weight_perturbation,0.9859742441209407,18,4,0.6666666666666666,5,0.6666666666666666,9,0.8181818181818182,10,0.8181818181818182,19,0.9047619047619048,20,0.9047619047619048
weight_262,weight_perturbation,0.9966545352743562,9,5,1.0,5,1.0,10,1.0,10,1.0,19,0.9047619047619048,20,0.9047619047619048
weight_263,weight_perturbation,0.9949048152295634,10,4,0.6666666666666666,5,0.6666666666666666,10,1.0,10,1.0,18,0.8181818181818182,20,0.8181818181818182
weight_264,weight_perturbation,0.9814669652855542,20,5,1.0,5,1.0,9,0.8181818181818182,10,0.8181818181818182,17,0.7391304347826086,20,0.7391304347826086
weight_265,weight_perturbation,0.9950727883538634,10,4,0.6666666666666666,5,0.6666666666666666,9,0.8181818181818182,10,0.8181818181818182,19,0.9047619047619048,20,0.9047619047619048
weight_266,weight_perturbation,0.9937989921612543,11,4,0.6666666666666666,5,0.6666666666666666,10,1.0,10,1.0,19,0.9047619047619048,20,0.9047619047619048
weight_267,weight_perturbation,0.992273236282195,12,4,0.6666666666666666,5,0.6666666666666666,10,1.0,10,1.0,18,0.8181818181818182,20,0.8181818181818182
weight_268,weight_perturbation,0.9895996640537513,19,5,1.0,5,1.0,9,0.8181818181818182,10,0.8181818181818182,19,0.9047619047619048,20,0.9047619047619048
weight_269,weight_perturbation,0.9913213885778275,11,4,0.6666666666666666,5,0.6666666666666666,9,0.8181818181818182,10,0.8181818181818182,19,0.9047619047619048,20,0.9047619047619048
weight_270,weight_perturbation,0.9963885778275475,9,5,1.0,5,1.0,10,1.0,10,1.0,19,0.9047619047619048,20,0.9047619047619048
weight_271,weight_perturbation,0.9933090705487122,13,5,1.0,5,1.0,9,0.8181818181818182,10,0.8181818181818182,19,0.9047619047619048,20,0.9047619047619048
weight_272,weight_perturbation,0.9876119820828667,17,5,1.0,5,1.0,9,0.8181818181818182,10,0.8181818181818182,19,0.9047619047619048,20,0.9047619047619048
weight_273,weight_perturbation,0.9948068309070549,10,5,1.0,5,1.0,10,1.0,10,1.0,19,0.9047619047619048,20,0.9047619047619048
weight_274,weight_perturbation,0.9927771556550952,16,5,1.0,5,1.0,10,1.0,10,1.0,19,0.9047619047619048,20,0.9047619047619048
weight_275,weight_perturbation,0.9907474804031355,13,5,1.0,5,1.0,9,0.8181818181818182,10,0.8181818181818182,18,0.8181818181818182,20,0.8181818181818182
weight_276,weight_perturbation,0.9857082866741322,14,5,1.0,5,1.0,9,0.8181818181818182,10,0.8181818181818182,19,0.9047619047619048,20,0.9047619047619048
weight_277,weight_perturbation,0.9946948488241882,10,4,0.6666666666666666,5,0.6666666666666666,10,1.0,10,1.0,18,0.8181818181818182,20,0.8181818181818182
weight_278,weight_perturbation,0.9943449048152296,8,4,0.6666666666666666,5,0.6666666666666666,9,0.8181818181818182,10,0.8181818181818182,18,0.8181818181818182,20,0.8181818181818182
weight_279,weight_perturbation,0.9961226203807391,11,4,0.6666666666666666,5,0.6666666666666666,9,0.8181818181818182,10,0.8181818181818182,19,0.9047619047619048,20,0.9047619047619048
weight_280,weight_perturbation,0.994652855543113,9,4,0.6666666666666666,5,0.6666666666666666,10,1.0,10,1.0,19,0.9047619047619048,20,0.9047619047619048
weight_281,weight_perturbation,0.9978583426651735,8,5,1.0,5,1.0,10,1.0,10,1.0,20,1.0,20,1.0
weight_282,weight_perturbation,0.9944148936170212,11,4,0.6666666666666666,5,0.6666666666666666,9,0.8181818181818182,10,0.8181818181818182,19,0.9047619047619048,20,0.9047619047619048
weight_283,weight_perturbation,0.995828667413214,12,5,1.0,5,1.0,10,1.0,10,1.0,19,0.9047619047619048,20,0.9047619047619048
weight_284,weight_perturbation,0.9831187010078387,21,5,1.0,5,1.0,9,0.8181818181818182,10,0.8181818181818182,19,0.9047619047619048,20,0.9047619047619048
weight_285,weight_perturbation,0.9968505039193728,9,5,1.0,5,1.0,9,0.8181818181818182,10,0.8181818181818182,19,0.9047619047619048,20,0.9047619047619048
weight_286,weight_perturbation,0.9940929451287794,8,4,0.6666666666666666,5,0.6666666666666666,10,1.0,10,1.0,18,0.8181818181818182,20,0.8181818181818182
weight_287,weight_perturbation,0.9953247480403137,8,5,1.0,5,1.0,10,1.0,10,1.0,19,0.9047619047619048,20,0.9047619047619048
weight_288,weight_perturbation,0.9936450167973124,11,5,1.0,5,1.0,9,0.8181818181818182,10,0.8181818181818182,19,0.9047619047619048,20,0.9047619047619048
weight_289,weight_perturbation,0.993826987681971,10,4,0.6666666666666666,5,0.6666666666666666,9,0.8181818181818182,10,0.8181818181818182,18,0.8181818181818182,20,0.8181818181818182
weight_290,weight_perturbation,0.9948768197088464,10,5,1.0,5,1.0,10,1.0,10,1.0,19,0.9047619047619048,20,0.9047619047619048
weight_291,weight_perturbation,0.9919652855543113,16,5,1.0,5,1.0,10,1.0,10,1.0,18,0.8181818181818182,20,0.8181818181818182
weight_292,weight_perturbation,0.9968085106382979,8,5,1.0,5,1.0,9,0.8181818181818182,10,0.8181818181818182,20,1.0,20,1.0
weight_293,weight_perturbation,0.9940089585666295,12,4,0.6666666666666666,5,0.6666666666666666,10,1.0,10,1.0,19,0.9047619047619048,20,0.9047619047619048
weight_294,weight_perturbation,0.9920912653975364,15,4,0.6666666666666666,5,0.6666666666666666,10,1.0,10,1.0,19,0.9047619047619048,20,0.9047619047619048
weight_295,weight_perturbation,0.9877799552071669,23,4,0.6666666666666666,5,0.6666666666666666,9,0.8181818181818182,10,0.8181818181818182,19,0.9047619047619048,20,0.9047619047619048
weight_296,weight_perturbation,0.9825867861142217,21,4,0.6666666666666666,5,0.6666666666666666,10,1.0,10,1.0,18,0.8181818181818182,20,0.8181818181818182
weight_297,weight_perturbation,0.9946668533034716,12,4,0.6666666666666666,5,0.6666666666666666,9,0.8181818181818182,10,0.8181818181818182,19,0.9047619047619048,20,0.9047619047619048
weight_298,weight_perturbation,0.9935750279955209,12,4,0.6666666666666666,5,0.6666666666666666,9,0.8181818181818182,10,0.8181818181818182,19,0.9047619047619048,20,0.9047619047619048
weight_299,weight_perturbation,0.9908594624860022,15,5,1.0,5,1.0,9,0.8181818181818182,10,0.8181818181818182,20,1.0,20,1.0
weight_300,weight_perturbation,0.9908874580067188,13,4,0.6666666666666666,5,0.6666666666666666,10,1.0,10,1.0,18,0.8181818181818182,20,0.8181818181818182
weight_301,weight_perturbation,0.9902575587905934,13,5,1.0,5,1.0,9,0.8181818181818182,10,0.8181818181818182,19,0.9047619047619048,20,0.9047619047619048
weight_302,weight_perturbation,0.9983762597984321,5,5,1.0,5,1.0,10,1.0,10,1.0,19,0.9047619047619048,20,0.9047619047619048
weight_303,weight_perturbation,0.9905095184770438,12,4,0.6666666666666666,5,0.6666666666666666,10,1.0,10,1.0,18,0.8181818181818182,20,0.8181818181818182
weight_304,weight_perturbation,0.9904115341545353,14,5,1.0,5,1.0,9,0.8181818181818182,10,0.8181818181818182,18,0.8181818181818182,20,0.8181818181818182
weight_305,weight_perturbation,0.99738241881299,7,5,1.0,5,1.0,10,1.0,10,1.0,20,1.0,20,1.0
weight_306,weight_perturbation,0.9943309070548711,10,4,0.6666666666666666,5,0.6666666666666666,10,1.0,10,1.0,18,0.8181818181818182,20,0.8181818181818182
weight_307,weight_perturbation,0.9967105263157895,8,4,0.6666666666666666,5,0.6666666666666666,10,1.0,10,1.0,19,0.9047619047619048,20,0.9047619047619048
weight_308,weight_perturbation,0.9949188129899217,10,5,1.0,5,1.0,9,0.8181818181818182,10,0.8181818181818182,18,0.8181818181818182,20,0.8181818181818182
weight_309,weight_perturbation,0.9927071668533036,12,5,1.0,5,1.0,10,1.0,10,1.0,19,0.9047619047619048,20,0.9047619047619048
weight_310,weight_perturbation,0.9903975363941768,13,4,0.6666666666666666,5,0.6666666666666666,9,0.8181818181818182,10,0.8181818181818182,19,0.9047619047619048,20,0.9047619047619048
weight_311,weight_perturbation,0.9971584546472565,11,4,0.6666666666666666,5,0.6666666666666666,10,1.0,10,1.0,18,0.8181818181818182,20,0.8181818181818182
weight_312,weight_perturbation,0.9941349384098545,12,5,1.0,5,1.0,9,0.8181818181818182,10,0.8181818181818182,19,0.9047619047619048,20,0.9047619047619048
weight_313,weight_perturbation,0.9886198208286674,13,5,1.0,5,1.0,9,0.8181818181818182,10,0.8181818181818182,19,0.9047619047619048,20,0.9047619047619048
weight_314,weight_perturbation,0.9975503919372901,7,5,1.0,5,1.0,10,1.0,10,1.0,20,1.0,20,1.0
weight_315,weight_perturbation,0.9847564389697648,16,4,0.6666666666666666,5,0.6666666666666666,10,1.0,10,1.0,19,0.9047619047619048,20,0.9047619047619048
weight_316,weight_perturbation,0.9901735722284434,12,4,0.6666666666666666,5,0.6666666666666666,9,0.8181818181818182,10,0.8181818181818182,19,0.9047619047619048,20,0.9047619047619048
weight_317,weight_perturbation,0.9947648376259798,13,5,1.0,5,1.0,9,0.8181818181818182,10,0.8181818181818182,19,0.9047619047619048,20,0.9047619047619048
weight_318,weight_perturbation,0.9929591265397537,11,5,1.0,5,1.0,9,0.8181818181818182,10,0.8181818181818182,19,0.9047619047619048,20,0.9047619047619048
weight_319,weight_perturbation,0.9926651735722284,12,4,0.6666666666666666,5,0.6666666666666666,10,1.0,10,1.0,19,0.9047619047619048,20,0.9047619047619048
weight_320,weight_perturbation,0.9857642777155655,18,4,0.6666666666666666,5,0.6666666666666666,10,1.0,10,1.0,19,0.9047619047619048,20,0.9047619047619048
weight_321,weight_perturbation,0.9889837625979844,17,4,0.6666666666666666,5,0.6666666666666666,10,1.0,10,1.0,19,0.9047619047619048,20,0.9047619047619048
weight_322,weight_perturbation,0.9977323628219484,10,5,1.0,5,1.0,10,1.0,10,1.0,19,0.9047619047619048,20,0.9047619047619048
weight_323,weight_perturbation,0.9942469204927212,12,5,1.0,5,1.0,10,1.0,10,1.0,20,1.0,20,1.0
weight_324,weight_perturbation,0.9953947368421053,8,5,1.0,5,1.0,10,1.0,10,1.0,19,0.9047619047619048,20,0.9047619047619048
weight_325,weight_perturbation,0.9942749160134379,13,5,1.0,5,1.0,10,1.0,10,1.0,19,0.9047619047619048,20,0.9047619047619048
weight_326,weight_perturbation,0.9932530795072789,12,5,1.0,5,1.0,9,0.8181818181818182,10,0.8181818181818182,18,0.8181818181818182,20,0.8181818181818182
weight_327,weight_perturbation,0.9948068309070549,13,4,0.6666666666666666,5,0.6666666666666666,10,1.0,10,1.0,19,0.9047619047619048,20,0.9047619047619048
weight_328,weight_perturbation,0.9961926091825307,9,5,1.0,5,1.0,10,1.0,10,1.0,19,0.9047619047619048,20,0.9047619047619048
weight_329,weight_perturbation,0.991461366181411,17,4,0.6666666666666666,5,0.6666666666666666,10,1.0,10,1.0,19,0.9047619047619048,20,0.9047619047619048
weight_330,weight_perturbation,0.9862681970884658,16,4,0.6666666666666666,5,0.6666666666666666,10,1.0,10,1.0,19,0.9047619047619048,20,0.9047619047619048
weight_331,weight_perturbation,0.9983902575587905,6,4,0.6666666666666666,5,0.6666666666666666,10,1.0,10,1.0,19,0.9047619047619048,20,0.9047619047619048
weight_332,weight_perturbation,0.9859742441209407,13,4,0.6666666666666666,5,0.6666666666666666,10,1.0,10,1.0,18,0.8181818181818182,20,0.8181818181818182
weight_333,weight_perturbation,0.9948628219484882,12,4,0.6666666666666666,5,0.6666666666666666,10,1.0,10,1.0,18,0.8181818181818182,20,0.8181818181818182
weight_334,weight_perturbation,0.9938689809630459,12,5,1.0,5,1.0,9,0.8181818181818182,10,0.8181818181818182,19,0.9047619047619048,20,0.9047619047619048
weight_335,weight_perturbation,0.9907614781634939,11,4,0.6666666666666666,5,0.6666666666666666,9,0.8181818181818182,10,0.8181818181818182,19,0.9047619047619048,20,0.9047619047619048
weight_336,weight_perturbation,0.9904815229563269,15,5,1.0,5,1.0,9,0.8181818181818182,10,0.8181818181818182,19,0.9047619047619048,20,0.9047619047619048
weight_337,weight_perturbation,0.9941489361702128,9,4,0.6666666666666666,5,0.6666666666666666,10,1.0,10,1.0,19,0.9047619047619048,20,0.9047619047619048
weight_338,weight_perturbation,0.9975223964165735,12,5,1.0,5,1.0,10,1.0,10,1.0,20,1.0,20,1.0
weight_339,weight_perturbation,0.9968645016797314,6,4,0.6666666666666666,5,0.6666666666666666,9,0.8181818181818182,10,0.8181818181818182,18,0.8181818181818182,20,0.8181818181818182
weight_340,weight_perturbation,0.9918952967525196,11,4,0.6666666666666666,5,0.6666666666666666,9,0.8181818181818182,10,0.8181818181818182,18,0.8181818181818182,20,0.8181818181818182
weight_341,weight_perturbation,0.9940789473684211,11,5,1.0,5,1.0,9,0.8181818181818182,10,0.8181818181818182,19,0.9047619047619048,20,0.9047619047619048
weight_342,weight_perturbation,0.992273236282195,13,4,0.6666666666666666,5,0.6666666666666666,9,0.8181818181818182,10,0.8181818181818182,19,0.9047619047619048,20,0.9047619047619048
weight_343,weight_perturbation,0.9950027995520716,10,4,0.6666666666666666,5,0.6666666666666666,9,0.8181818181818182,10,0.8181818181818182,19,0.9047619047619048,20,0.9047619047619048
weight_344,weight_perturbation,0.9923572228443449,13,5,1.0,5,1.0,10,1.0,10,1.0,19,0.9047619047619048,20,0.9047619047619048
weight_345,weight_perturbation,0.9928611422172452,15,4,0.6666666666666666,5,0.6666666666666666,9,0.8181818181818182,10,0.8181818181818182,19,0.9047619047619048,20,0.9047619047619048
weight_346,weight_perturbation,0.9959406494960806,15,5,1.0,5,1.0,10,1.0,10,1.0,19,0.9047619047619048,20,0.9047619047619048
weight_347,weight_perturbation,0.995422732362822,11,5,1.0,5,1.0,10,1.0,10,1.0,18,0.8181818181818182,20,0.8181818181818182
weight_348,weight_perturbation,0.9949328107502801,9,5,1.0,5,1.0,9,0.8181818181818182,10,0.8181818181818182,19,0.9047619047619048,20,0.9047619047619048
weight_349,weight_perturbation,0.99510078387458,13,5,1.0,5,1.0,9,0.8181818181818182,10,0.8181818181818182,19,0.9047619047619048,20,0.9047619047619048
weight_350,weight_perturbation,0.9840845464725644,18,4,0.6666666666666666,5,0.6666666666666666,10,1.0,10,1.0,18,0.8181818181818182,20,0.8181818181818182
weight_351,weight_perturbation,0.994890817469205,12,5,1.0,5,1.0,10,1.0,10,1.0,19,0.9047619047619048,20,0.9047619047619048
weight_352,weight_perturbation,0.9941769316909295,17,5,1.0,5,1.0,9,0.8181818181818182,10,0.8181818181818182,20,1.0,20,1.0
weight_353,weight_perturbation,0.9879619260918253,17,5,1.0,5,1.0,9,0.8181818181818182,10,0.8181818181818182,18,0.8181818181818182,20,0.8181818181818182
weight_354,weight_perturbation,0.9938409854423292,11,5,1.0,5,1.0,9,0.8181818181818182,10,0.8181818181818182,19,0.9047619047619048,20,0.9047619047619048
weight_355,weight_perturbation,0.9950727883538634,12,5,1.0,5,1.0,9,0.8181818181818182,10,0.8181818181818182,19,0.9047619047619048,20,0.9047619047619048
weight_356,weight_perturbation,0.9915593505039193,17,5,1.0,5,1.0,10,1.0,10,1.0,18,0.8181818181818182,20,0.8181818181818182
weight_357,weight_perturbation,0.9897816349384099,14,4,0.6666666666666666,5,0.6666666666666666,10,1.0,10,1.0,18,0.8181818181818182,20,0.8181818181818182
weight_358,weight_perturbation,0.9895716685330347,19,5,1.0,5,1.0,9,0.8181818181818182,10,0.8181818181818182,19,0.9047619047619048,20,0.9047619047619048
weight_359,weight_perturbation,0.9945408734602463,9,5,1.0,5,1.0,9,0.8181818181818182,10,0.8181818181818182,19,0.9047619047619048,20,0.9047619047619048
weight_360,weight_perturbation,0.9879199328107503,18,4,0.6666666666666666,5,0.6666666666666666,10,1.0,10,1.0,19,0.9047619047619048,20,0.9047619047619048
weight_361,weight_perturbation,0.995912653975364,8,5,1.0,5,1.0,9,0.8181818181818182,10,0.8181818181818182,19,0.9047619047619048,20,0.9047619047619048
weight_362,weight_perturbation,0.9917273236282195,17,4,0.6666666666666666,5,0.6666666666666666,9,0.8181818181818182,10,0.8181818181818182,19,0.9047619047619048,20,0.9047619047619048
weight_363,weight_perturbation,0.99256718924972,13,5,1.0,5,1.0,9,0.8181818181818182,10,0.8181818181818182,19,0.9047619047619048,20,0.9047619047619048
weight_364,weight_perturbation,0.9965145576707727,11,5,1.0,5,1.0,10,1.0,10,1.0,19,0.9047619047619048,20,0.9047619047619048
weight_365,weight_perturbation,0.9834686450167972,20,5,1.0,5,1.0,9,0.8181818181818182,10,0.8181818181818182,17,0.7391304347826086,20,0.7391304347826086
weight_366,weight_perturbation,0.9925811870100784,13,5,1.0,5,1.0,10,1.0,10,1.0,18,0.8181818181818182,20,0.8181818181818182
weight_367,weight_perturbation,0.9939249720044793,9,4,0.6666666666666666,5,0.6666666666666666,10,1.0,10,1.0,18,0.8181818181818182,20,0.8181818181818182
weight_368,weight_perturbation,0.9917973124300111,12,5,1.0,5,1.0,8,0.6666666666666666,10,0.6666666666666666,18,0.8181818181818182,20,0.8181818181818182
weight_369,weight_perturbation,0.9849944008958565,17,4,0.6666666666666666,5,0.6666666666666666,9,0.8181818181818182,10,0.8181818181818182,19,0.9047619047619048,20,0.9047619047619048
weight_370,weight_perturbation,0.991545352743561,12,5,1.0,5,1.0,10,1.0,10,1.0,19,0.9047619047619048,20,0.9047619047619048
weight_371,weight_perturbation,0.9956466965285554,13,5,1.0,5,1.0,10,1.0,10,1.0,19,0.9047619047619048,20,0.9047619047619048
weight_372,weight_perturbation,0.9937430011198208,13,5,1.0,5,1.0,10,1.0,10,1.0,19,0.9047619047619048,20,0.9047619047619048
weight_373,weight_perturbation,0.9909714445688691,12,5,1.0,5,1.0,9,0.8181818181818182,10,0.8181818181818182,19,0.9047619047619048,20,0.9047619047619048
weight_374,weight_perturbation,0.9893896976483761,13,4,0.6666666666666666,5,0.6666666666666666,9,0.8181818181818182,10,0.8181818181818182,17,0.7391304347826086,20,0.7391304347826086
weight_375,weight_perturbation,0.9940369540873462,12,4,0.6666666666666666,5,0.6666666666666666,10,1.0,10,1.0,18,0.8181818181818182,20,0.8181818181818182
weight_376,weight_perturbation,0.9973684210526316,6,4,0.6666666666666666,5,0.6666666666666666,10,1.0,10,1.0,18,0.8181818181818182,20,0.8181818181818182
weight_377,weight_perturbation,0.9859322508398657,21,4,0.6666666666666666,5,0.6666666666666666,9,0.8181818181818182,10,0.8181818181818182,17,0.7391304347826086,20,0.7391304347826086
weight_378,weight_perturbation,0.9971584546472565,7,4,0.6666666666666666,5,0.6666666666666666,10,1.0,10,1.0,19,0.9047619047619048,20,0.9047619047619048
weight_379,weight_perturbation,0.9966825307950729,11,5,1.0,5,1.0,10,1.0,10,1.0,19,0.9047619047619048,20,0.9047619047619048
weight_380,weight_perturbation,0.9850643896976484,16,5,1.0,5,1.0,8,0.6666666666666666,10,0.6666666666666666,20,1.0,20,1.0
weight_381,weight_perturbation,0.9986002239641657,5,5,1.0,5,1.0,9,0.8181818181818182,10,0.8181818181818182,20,1.0,20,1.0
weight_382,weight_perturbation,0.9882838745800672,14,4,0.6666666666666666,5,0.6666666666666666,9,0.8181818181818182,10,0.8181818181818182,19,0.9047619047619048,20,0.9047619047619048
weight_383,weight_perturbation,0.9968225083986562,8,4,0.6666666666666666,5,0.6666666666666666,10,1.0,10,1.0,18,0.8181818181818182,20,0.8181818181818182
weight_384,weight_perturbation,0.9848124300111983,18,5,1.0,5,1.0,9,0.8181818181818182,10,0.8181818181818182,19,0.9047619047619048,20,0.9047619047619048
weight_385,weight_perturbation,0.9908734602463606,16,4,0.6666666666666666,5,0.6666666666666666,10,1.0,10,1.0,18,0.8181818181818182,20,0.8181818181818182
weight_386,weight_perturbation,0.9955487122060471,9,4,0.6666666666666666,5,0.6666666666666666,10,1.0,10,1.0,19,0.9047619047619048,20,0.9047619047619048
weight_387,weight_perturbation,0.9966965285554312,7,4,0.6666666666666666,5,0.6666666666666666,10,1.0,10,1.0,19,0.9047619047619048,20,0.9047619047619048
weight_388,weight_perturbation,0.991013437849944,20,4,0.6666666666666666,5,0.6666666666666666,9,0.8181818181818182,10,0.8181818181818182,19,0.9047619047619048,20,0.9047619047619048
weight_389,weight_perturbation,0.993057110862262,15,5,1.0,5,1.0,9,0.8181818181818182,10,0.8181818181818182,19,0.9047619047619048,20,0.9047619047619048
weight_390,weight_perturbation,0.9932250839865622,15,5,1.0,5,1.0,9,0.8181818181818182,10,0.8181818181818182,20,1.0,20,1.0
weight_391,weight_perturbation,0.9885498320268757,15,5,1.0,5,1.0,10,1.0,10,1.0,19,0.9047619047619048,20,0.9047619047619048
weight_392,weight_perturbation,0.995422732362822,10,4,0.6666666666666666,5,0.6666666666666666,9,0.8181818181818182,10,0.8181818181818182,19,0.9047619047619048,20,0.9047619047619048
weight_393,weight_perturbation,0.9934630459126539,15,4,0.6666666666666666,5,0.6666666666666666,10,1.0,10,1.0,19,0.9047619047619048,20,0.9047619047619048
weight_394,weight_perturbation,0.9964305711086228,10,4,0.6666666666666666,5,0.6666666666666666,10,1.0,10,1.0,19,0.9047619047619048,20,0.9047619047619048
weight_395,weight_perturbation,0.994974804031355,11,4,0.6666666666666666,5,0.6666666666666666,10,1.0,10,1.0,19,0.9047619047619048,20,0.9047619047619048
weight_396,weight_perturbation,0.9946248600223964,11,5,1.0,5,1.0,10,1.0,10,1.0,18,0.8181818181818182,20,0.8181818181818182
weight_397,weight_perturbation,0.989011758118701,15,4,0.6666666666666666,5,0.6666666666666666,10,1.0,10,1.0,18,0.8181818181818182,20,0.8181818181818182
weight_398,weight_perturbation,0.9942889137737962,11,4,0.6666666666666666,5,0.6666666666666666,9,0.8181818181818182,10,0.8181818181818182,19,0.9047619047619048,20,0.9047619047619048
weight_399,weight_perturbation,0.9921472564389697,18,4,0.6666666666666666,5,0.6666666666666666,9,0.8181818181818182,10,0.8181818181818182,18,0.8181818181818182,20,0.8181818181818182
weight_400,weight_perturbation,0.9840005599104144,18,5,1.0,5,1.0,10,1.0,10,1.0,18,0.8181818181818182,20,0.8181818181818182
weight_401,weight_perturbation,0.9969344904815229,7,4,0.6666666666666666,5,0.6666666666666666,10,1.0,10,1.0,19,0.9047619047619048,20,0.9047619047619048
weight_402,weight_perturbation,0.9947368421052631,9,4,0.6666666666666666,5,0.6666666666666666,10,1.0,10,1.0,19,0.9047619047619048,20,0.9047619047619048
weight_403,weight_perturbation,0.9939809630459125,15,4,0.6666666666666666,5,0.6666666666666666,9,0.8181818181818182,10,0.8181818181818182,18,0.8181818181818182,20,0.8181818181818182
weight_404,weight_perturbation,0.9940509518477044,11,5,1.0,5,1.0,10,1.0,10,1.0,19,0.9047619047619048,20,0.9047619047619048
weight_405,weight_perturbation,0.9955207166853303,10,4,0.6666666666666666,5,0.6666666666666666,10,1.0,10,1.0,19,0.9047619047619048,20,0.9047619047619048
weight_406,weight_perturbation,0.9916853303471445,11,4,0.6666666666666666,5,0.6666666666666666,10,1.0,10,1.0,19,0.9047619047619048,20,0.9047619047619048
weight_407,weight_perturbation,0.9918812989921613,10,4,0.6666666666666666,5,0.6666666666666666,10,1.0,10,1.0,18,0.8181818181818182,20,0.8181818181818182
weight_408,weight_perturbation,0.9958426651735722,9,5,1.0,5,1.0,8,0.6666666666666666,10,0.6666666666666666,20,1.0,20,1.0
weight_409,weight_perturbation,0.9904255319148936,14,4,0.6666666666666666,5,0.6666666666666666,10,1.0,10,1.0,19,0.9047619047619048,20,0.9047619047619048
weight_410,weight_perturbation,0.9967385218365061,10,5,1.0,5,1.0,10,1.0,10,1.0,20,1.0,20,1.0
weight_411,weight_perturbation,0.996640537513998,8,5,1.0,5,1.0,10,1.0,10,1.0,19,0.9047619047619048,20,0.9047619047619048
weight_412,weight_perturbation,0.9909994400895857,12,5,1.0,5,1.0,9,0.8181818181818182,10,0.8181818181818182,18,0.8181818181818182,20,0.8181818181818182
weight_413,weight_perturbation,0.9938129899216126,10,5,1.0,5,1.0,9,0.8181818181818182,10,0.8181818181818182,19,0.9047619047619048,20,0.9047619047619048
weight_414,weight_perturbation,0.9980543113101904,7,4,0.6666666666666666,5,0.6666666666666666,10,1.0,10,1.0,19,0.9047619047619048,20,0.9047619047619048
weight_415,weight_perturbation,0.9877099664053751,11,5,1.0,5,1.0,10,1.0,10,1.0,19,0.9047619047619048,20,0.9047619047619048
weight_416,weight_perturbation,0.9878359462486002,22,5,1.0,5,1.0,9,0.8181818181818182,10,0.8181818181818182,19,0.9047619047619048,20,0.9047619047619048
weight_417,weight_perturbation,0.9887737961926093,18,4,0.6666666666666666,5,0.6666666666666666,10,1.0,10,1.0,18,0.8181818181818182,20,0.8181818181818182
weight_418,weight_perturbation,0.9910554311310191,15,4,0.6666666666666666,5,0.6666666666666666,10,1.0,10,1.0,19,0.9047619047619048,20,0.9047619047619048
weight_419,weight_perturbation,0.9876959686450169,14,4,0.6666666666666666,5,0.6666666666666666,10,1.0,10,1.0,18,0.8181818181818182,20,0.8181818181818182
weight_420,weight_perturbation,0.9926371780515117,12,4,0.6666666666666666,5,0.6666666666666666,9,0.8181818181818182,10,0.8181818181818182,19,0.9047619047619048,20,0.9047619047619048
weight_421,weight_perturbation,0.9946108622620381,10,4,0.6666666666666666,5,0.6666666666666666,9,0.8181818181818182,10,0.8181818181818182,19,0.9047619047619048,20,0.9047619047619048
weight_422,weight_perturbation,0.9909854423292274,13,4,0.6666666666666666,5,0.6666666666666666,10,1.0,10,1.0,18,0.8181818181818182,20,0.8181818181818182
weight_423,weight_perturbation,0.9971444568868981,7,5,1.0,5,1.0,10,1.0,10,1.0,19,0.9047619047619048,20,0.9047619047619048
weight_424,weight_perturbation,0.9943868980963045,10,5,1.0,5,1.0,9,0.8181818181818182,10,0.8181818181818182,19,0.9047619047619048,20,0.9047619047619048
weight_425,weight_perturbation,0.982964725643897,27,5,1.0,5,1.0,9,0.8181818181818182,10,0.8181818181818182,19,0.9047619047619048,20,0.9047619047619048
weight_426,weight_perturbation,0.9955347144456886,9,5,1.0,5,1.0,10,1.0,10,1.0,19,0.9047619047619048,20,0.9047619047619048
weight_427,weight_perturbation,0.9927071668533036,17,5,1.0,5,1.0,9,0.8181818181818182,10,0.8181818181818182,20,1.0,20,1.0
weight_428,weight_perturbation,0.9955907054871221,11,5,1.0,5,1.0,9,0.8181818181818182,10,0.8181818181818182,19,0.9047619047619048,20,0.9047619047619048
weight_429,weight_perturbation,0.9892497200447928,13,4,0.6666666666666666,5,0.6666666666666666,9,0.8181818181818182,10,0.8181818181818182,18,0.8181818181818182,20,0.8181818181818182
weight_430,weight_perturbation,0.9882838745800672,18,4,0.6666666666666666,5,0.6666666666666666,10,1.0,10,1.0,19,0.9047619047619048,20,0.9047619047619048
weight_431,weight_perturbation,0.9911954087346025,10,4,0.6666666666666666,5,0.6666666666666666,10,1.0,10,1.0,18,0.8181818181818182,20,0.8181818181818182
weight_432,weight_perturbation,0.9931131019036953,12,5,1.0,5,1.0,10,1.0,10,1.0,19,0.9047619047619048,20,0.9047619047619048
weight_433,weight_perturbation,0.9970324748040313,10,5,1.0,5,1.0,10,1.0,10,1.0,19,0.9047619047619048,20,0.9047619047619048
weight_434,weight_perturbation,0.996038633818589,9,4,0.6666666666666666,5,0.6666666666666666,9,0.8181818181818182,10,0.8181818181818182,18,0.8181818181818182,20,0.8181818181818182
weight_435,weight_perturbation,0.9842665173572229,18,4,0.6666666666666666,5,0.6666666666666666,9,0.8181818181818182,10,0.8181818181818182,19,0.9047619047619048,20,0.9047619047619048
weight_436,weight_perturbation,0.9910834266517358,15,5,1.0,5,1.0,10,1.0,10,1.0,18,0.8181818181818182,20,0.8181818181818182
weight_437,weight_perturbation,0.9888297872340426,16,4,0.6666666666666666,5,0.6666666666666666,9,0.8181818181818182,10,0.8181818181818182,17,0.7391304347826086,20,0.7391304347826086
weight_438,weight_perturbation,0.9912933930571108,12,5,1.0,5,1.0,9,0.8181818181818182,10,0.8181818181818182,19,0.9047619047619048,20,0.9047619047619048
weight_439,weight_perturbation,0.9937430011198208,14,5,1.0,5,1.0,9,0.8181818181818182,10,0.8181818181818182,19,0.9047619047619048,20,0.9047619047619048
weight_440,weight_perturbation,0.9942889137737962,10,5,1.0,5,1.0,10,1.0,10,1.0,19,0.9047619047619048,20,0.9047619047619048
weight_441,weight_perturbation,0.9861562150055991,20,5,1.0,5,1.0,9,0.8181818181818182,10,0.8181818181818182,18,0.8181818181818182,20,0.8181818181818182
weight_442,weight_perturbation,0.9891097424412094,18,4,0.6666666666666666,5,0.6666666666666666,9,0.8181818181818182,10,0.8181818181818182,17,0.7391304347826086,20,0.7391304347826086
weight_443,weight_perturbation,0.9957166853303471,9,5,1.0,5,1.0,9,0.8181818181818182,10,0.8181818181818182,19,0.9047619047619048,20,0.9047619047619048
weight_444,weight_perturbation,0.9945968645016797,10,5,1.0,5,1.0,10,1.0,10,1.0,19,0.9047619047619048,20,0.9047619047619048
weight_445,weight_perturbation,0.9899496080627099,17,4,0.6666666666666666,5,0.6666666666666666,9,0.8181818181818182,10,0.8181818181818182,19,0.9047619047619048,20,0.9047619047619048
weight_446,weight_perturbation,0.9882838745800672,20,4,0.6666666666666666,5,0.6666666666666666,9,0.8181818181818182,10,0.8181818181818182,19,0.9047619047619048,20,0.9047619047619048
weight_447,weight_perturbation,0.9848964165733483,22,5,1.0,5,1.0,9,0.8181818181818182,10,0.8181818181818182,19,0.9047619047619048,20,0.9047619047619048
weight_448,weight_perturbation,0.9837486002239643,22,4,0.6666666666666666,5,0.6666666666666666,9,0.8181818181818182,10,0.8181818181818182,19,0.9047619047619048,20,0.9047619047619048
weight_449,weight_perturbation,0.9925811870100784,11,5,1.0,5,1.0,9,0.8181818181818182,10,0.8181818181818182,19,0.9047619047619048,20,0.9047619047619048
weight_450,weight_perturbation,0.9948628219484882,10,5,1.0,5,1.0,9,0.8181818181818182,10,0.8181818181818182,19,0.9047619047619048,20,0.9047619047619048
weight_451,weight_perturbation,0.9923712206047032,10,5,1.0,5,1.0,9,0.8181818181818182,10,0.8181818181818182,19,0.9047619047619048,20,0.9047619047619048
weight_452,weight_perturbation,0.9955767077267638,9,4,0.6666666666666666,5,0.6666666666666666,10,1.0,10,1.0,19,0.9047619047619048,20,0.9047619047619048
weight_453,weight_perturbation,0.9949888017917133,13,4,0.6666666666666666,5,0.6666666666666666,10,1.0,10,1.0,19,0.9047619047619048,20,0.9047619047619048
weight_454,weight_perturbation,0.9838605823068309,17,5,1.0,5,1.0,9,0.8181818181818182,10,0.8181818181818182,19,0.9047619047619048,20,0.9047619047619048
weight_455,weight_perturbation,0.9959546472564389,9,5,1.0,5,1.0,9,0.8181818181818182,10,0.8181818181818182,19,0.9047619047619048,20,0.9047619047619048
weight_456,weight_perturbation,0.9928471444568869,13,5,1.0,5,1.0,9,0.8181818181818182,10,0.8181818181818182,19,0.9047619047619048,20,0.9047619047619048
weight_457,weight_perturbation,0.9903975363941768,12,4,0.6666666666666666,5,0.6666666666666666,9,0.8181818181818182,10,0.8181818181818182,19,0.9047619047619048,20,0.9047619047619048
weight_458,weight_perturbation,0.9961786114221723,10,5,1.0,5,1.0,10,1.0,10,1.0,19,0.9047619047619048,20,0.9047619047619048
weight_459,weight_perturbation,0.9887737961926093,16,5,1.0,5,1.0,9,0.8181818181818182,10,0.8181818181818182,18,0.8181818181818182,20,0.8181818181818182
weight_460,weight_perturbation,0.9924552071668532,11,4,0.6666666666666666,5,0.6666666666666666,10,1.0,10,1.0,18,0.8181818181818182,20,0.8181818181818182
weight_461,weight_perturbation,0.9877099664053751,18,4,0.6666666666666666,5,0.6666666666666666,10,1.0,10,1.0,19,0.9047619047619048,20,0.9047619047619048
weight_462,weight_perturbation,0.9970324748040313,7,5,1.0,5,1.0,9,0.8181818181818182,10,0.8181818181818182,19,0.9047619047619048,20,0.9047619047619048
weight_463,weight_perturbation,0.9899636058230683,22,5,1.0,5,1.0,9,0.8181818181818182,10,0.8181818181818182,19,0.9047619047619048,20,0.9047619047619048
weight_464,weight_perturbation,0.9908734602463606,13,5,1.0,5,1.0,9,0.8181818181818182,10,0.8181818181818182,19,0.9047619047619048,20,0.9047619047619048
weight_465,weight_perturbation,0.9931830907054872,11,4,0.6666666666666666,5,0.6666666666666666,10,1.0,10,1.0,18,0.8181818181818182,20,0.8181818181818182
weight_466,weight_perturbation,0.9970324748040313,12,4,0.6666666666666666,5,0.6666666666666666,10,1.0,10,1.0,19,0.9047619047619048,20,0.9047619047619048
weight_467,weight_perturbation,0.9941209406494962,14,5,1.0,5,1.0,9,0.8181818181818182,10,0.8181818181818182,19,0.9047619047619048,20,0.9047619047619048
weight_468,weight_perturbation,0.9966965285554312,7,5,1.0,5,1.0,10,1.0,10,1.0,19,0.9047619047619048,20,0.9047619047619048
weight_469,weight_perturbation,0.986800111982083,14,5,1.0,5,1.0,9,0.8181818181818182,10,0.8181818181818182,19,0.9047619047619048,20,0.9047619047619048
weight_470,weight_perturbation,0.9954927211646136,13,4,0.6666666666666666,5,0.6666666666666666,10,1.0,10,1.0,19,0.9047619047619048,20,0.9047619047619048
weight_471,weight_perturbation,0.980473124300112,28,4,0.6666666666666666,5,0.6666666666666666,9,0.8181818181818182,10,0.8181818181818182,19,0.9047619047619048,20,0.9047619047619048
weight_472,weight_perturbation,0.9950447928331467,9,5,1.0,5,1.0,9,0.8181818181818182,10,0.8181818181818182,19,0.9047619047619048,20,0.9047619047619048
weight_473,weight_perturbation,0.9933930571108623,11,4,0.6666666666666666,5,0.6666666666666666,10,1.0,10,1.0,19,0.9047619047619048,20,0.9047619047619048
weight_474,weight_perturbation,0.9949048152295634,11,4,0.6666666666666666,5,0.6666666666666666,10,1.0,10,1.0,18,0.8181818181818182,20,0.8181818181818182
weight_475,weight_perturbation,0.9959826427771556,8,5,1.0,5,1.0,10,1.0,10,1.0,19,0.9047619047619048,20,0.9047619047619048
weight_476,weight_perturbation,0.9960946248600223,10,4,0.6666666666666666,5,0.6666666666666666,10,1.0,10,1.0,19,0.9047619047619048,20,0.9047619047619048
weight_477,weight_perturbation,0.9956466965285554,11,5,1.0,5,1.0,9,0.8181818181818182,10,0.8181818181818182,19,0.9047619047619048,20,0.9047619047619048
weight_478,weight_perturbation,0.9941769316909295,10,5,1.0,5,1.0,9,0.8181818181818182,10,0.8181818181818182,19,0.9047619047619048,20,0.9047619047619048
weight_479,weight_perturbation,0.9902015677491601,13,4,0.6666666666666666,5,0.6666666666666666,9,0.8181818181818182,10,0.8181818181818182,19,0.9047619047619048,20,0.9047619047619048
weight_480,weight_perturbation,0.9948208286674132,8,4,0.6666666666666666,5,0.6666666666666666,10,1.0,10,1.0,19,0.9047619047619048,20,0.9047619047619048
weight_481,weight_perturbation,0.9919652855543113,13,4,0.6666666666666666,5,0.6666666666666666,10,1.0,10,1.0,18,0.8181818181818182,20,0.8181818181818182
weight_482,weight_perturbation,0.9953947368421053,9,5,1.0,5,1.0,9,0.8181818181818182,10,0.8181818181818182,19,0.9047619047619048,20,0.9047619047619048
weight_483,weight_perturbation,0.9917413213885778,14,5,1.0,5,1.0,9,0.8181818181818182,10,0.8181818181818182,19,0.9047619047619048,20,0.9047619047619048
weight_484,weight_perturbation,0.9972564389697648,8,5,1.0,5,1.0,9,0.8181818181818182,10,0.8181818181818182,20,1.0,20,1.0
weight_485,weight_perturbation,0.9975083986562149,9,4,0.6666666666666666,5,0.6666666666666666,10,1.0,10,1.0,19,0.9047619047619048,20,0.9047619047619048
weight_486,weight_perturbation,0.9919932810750279,13,5,1.0,5,1.0,9,0.8181818181818182,10,0.8181818181818182,19,0.9047619047619048,20,0.9047619047619048
weight_487,weight_perturbation,0.9789473684210527,21,4,0.6666666666666666,5,0.6666666666666666,9,0.8181818181818182,10,0.8181818181818182,18,0.8181818181818182,20,0.8181818181818182
weight_488,weight_perturbation,0.9946248600223964,11,4,0.6666666666666666,5,0.6666666666666666,9,0.8181818181818182,10,0.8181818181818182,19,0.9047619047619048,20,0.9047619047619048
weight_489,weight_perturbation,0.9928191489361703,16,5,1.0,5,1.0,9,0.8181818181818182,10,0.8181818181818182,19,0.9047619047619048,20,0.9047619047619048
weight_490,weight_perturbation,0.9934490481522956,13,4,0.6666666666666666,5,0.6666666666666666,9,0.8181818181818182,10,0.8181818181818182,19,0.9047619047619048,20,0.9047619047619048
weight_491,weight_perturbation,0.9966545352743562,10,5,1.0,5,1.0,9,0.8181818181818182,10,0.8181818181818182,19,0.9047619047619048,20,0.9047619047619048
weight_492,weight_perturbation,0.995422732362822,9,4,0.6666666666666666,5,0.6666666666666666,9,0.8181818181818182,10,0.8181818181818182,18,0.8181818181818182,20,0.8181818181818182
weight_493,weight_perturbation,0.9880459126539753,26,5,1.0,5,1.0,9,0.8181818181818182,10,0.8181818181818182,19,0.9047619047619048,20,0.9047619047619048
weight_494,weight_perturbation,0.9935330347144457,8,4,0.6666666666666666,5,0.6666666666666666,10,1.0,10,1.0,19,0.9047619047619048,20,0.9047619047619048
weight_495,weight_perturbation,0.98986562150056,15,4,0.6666666666666666,5,0.6666666666666666,9,0.8181818181818182,10,0.8181818181818182,19,0.9047619047619048,20,0.9047619047619048
weight_496,weight_perturbation,0.9846164613661815,16,5,1.0,5,1.0,9,0.8181818181818182,10,0.8181818181818182,18,0.8181818181818182,20,0.8181818181818182
weight_497,weight_perturbation,0.9964725643896977,12,4,0.6666666666666666,5,0.6666666666666666,10,1.0,10,1.0,19,0.9047619047619048,20,0.9047619047619048
weight_498,weight_perturbation,0.9924832026875701,11,4,0.6666666666666666,5,0.6666666666666666,10,1.0,10,1.0,17,0.7391304347826086,20,0.7391304347826086
weight_499,weight_perturbation,0.9970044792833147,7,5,1.0,5,1.0,9,0.8181818181818182,10,0.8181818181818182,20,1.0,20,1.0
pca_80,metric,0.9473964165733483,30,2,0.25,5,0.25,5,0.3333333333333333,10,0.3333333333333333,18,0.8181818181818182,20,0.8181818181818182
pca_90,metric,0.9954787234042554,11,4,0.6666666666666666,5,0.6666666666666666,8,0.6666666666666666,10,0.6666666666666666,20,1.0,20,1.0
pca_95,metric,0.9978303471444568,7,4,0.6666666666666666,5,0.6666666666666666,9,0.8181818181818182,10,0.8181818181818182,20,1.0,20,1.0
ledoit_wolf,metric,0.7439529675251959,62,4,0.6666666666666666,5,0.6666666666666666,7,0.5384615384615384,10,0.5384615384615384,12,0.42857142857142855,20,0.42857142857142855
