zone_id,method,reference_id,matched,matched_candidate_index,matched_iou,best_usable_candidate_index,best_usable_iou,reference_area_m2,reference_compactness,matched_area_m2,matched_compactness,candidate_overlap_ge_0_1_count
CHI_11_Z1,municipal_momepy,Z11_01,True,19.0,0.7322593504180134,19,0.7322593504180134,16356.0,0.6794563893172185,20316.867724179458,0.6948521826990866,1
CHI_11_Z1,municipal_momepy,Z11_02,True,18.0,0.741217745842588,18,0.741217745842588,15134.0,0.6595003376843964,20412.221088174436,0.6967701599761107,1
CHI_11_Z1,municipal_momepy,Z11_03,True,17.0,0.7542996191784408,17,0.7542996191784408,15322.0,0.6627470322393605,20312.88311757103,0.694868849958251,1
CHI_11_Z1,cook_row_raw,Z11_01,False,,,82,0.41955938064926246,16356.0,0.6794563893172185,,,2
CHI_11_Z1,cook_row_raw,Z11_02,False,,,80,0.45462143300599245,15134.0,0.6595003376843964,,,2
CHI_11_Z1,cook_row_raw,Z11_03,False,,,78,0.44965013123408193,15322.0,0.6627470322393605,,,2
CHI_11_Z1,cook_row_alley_open,Z11_01,True,47.0,0.7358460473059015,47,0.7358460473059015,16356.0,0.6794563893172185,14704.18566916971,0.59687132342723,1
CHI_11_Z1,cook_row_alley_open,Z11_02,True,46.0,0.7865600609417647,46,0.7865600609417647,15134.0,0.6595003376843964,14729.570219497306,0.6045387015318829,1
CHI_11_Z1,cook_row_alley_open,Z11_03,True,45.0,0.920145399450616,45,0.920145399450616,15322.0,0.6627470322393605,14754.47863356696,0.6056433310309907,1
CHI_11_Z1,cook_row_edge_alley_open,Z11_01,True,47.0,0.7358460473059015,47,0.7358460473059015,16356.0,0.6794563893172185,14704.18566916971,0.59687132342723,1
CHI_11_Z1,cook_row_edge_alley_open,Z11_02,True,46.0,0.7865600609417647,46,0.7865600609417647,15134.0,0.6595003376843964,14729.570219497306,0.6045387015318829,1
CHI_11_Z1,cook_row_edge_alley_open,Z11_03,True,45.0,0.920145399450616,45,0.920145399450616,15322.0,0.6627470322393605,14754.47863356696,0.6056433310309907,1
CHI_11_Z1,cook_row_alley_open_3m,Z11_01,True,47.0,0.7341510319472878,47,0.7341510319472878,16356.0,0.6794563893172185,14804.444694473344,0.59249216045723,1
CHI_11_Z1,cook_row_alley_open_3m,Z11_02,True,46.0,0.7848875479323711,46,0.7848875479323711,15134.0,0.6595003376843964,14821.39214763802,0.5990882728669071,1
CHI_11_Z1,cook_row_alley_open_3m,Z11_03,True,45.0,0.9176305177987517,45,0.9176305177987517,15322.0,0.6627470322393605,14846.859352137972,0.5998527347563751,1
CHI_11_Z1,cook_row_edge_alley_open_3m,Z11_01,True,47.0,0.7341510319472878,47,0.7341510319472878,16356.0,0.6794563893172185,14804.444694473344,0.59249216045723,1
CHI_11_Z1,cook_row_edge_alley_open_3m,Z11_02,True,46.0,0.7848875479323711,46,0.7848875479323711,15134.0,0.6595003376843964,14821.39214763802,0.5990882728669071,1
CHI_11_Z1,cook_row_edge_alley_open_3m,Z11_03,True,45.0,0.9176305177987517,45,0.9176305177987517,15322.0,0.6627470322393605,14846.859352137972,0.5998527347563751,1
CHI_32_Z1,municipal_momepy,Z32_01,True,33.0,0.7199496013421185,33,0.7199496013421185,15486.0,0.7815342722879272,19041.16250370667,0.7878964696822782,1
CHI_32_Z1,municipal_momepy,Z32_02,True,31.0,0.678665555463622,31,0.678665555463622,14818.5,0.7787470065317618,20834.50392415845,0.7862144079204774,1
CHI_32_Z1,municipal_momepy,Z32_03,True,27.0,0.7527723904454674,27,0.7527723904454674,14732.0,0.7837887681871807,18850.298055394967,0.7827353972948726,1
CHI_32_Z1,municipal_momepy,Z32_04,True,30.0,0.6726939957796236,30,0.6726939957796236,14097.0,0.7818485918659579,20956.036605711306,0.7868755842605748,1
CHI_32_Z1,municipal_momepy,Z32_05,True,11.0,0.7988288559872602,11,0.7988288559872602,15660.0,0.7808977786894836,18790.77466722413,0.787000920333175,1
CHI_32_Z1,municipal_momepy,Z32_06,True,29.0,0.7115552165187663,29,0.7115552165187663,14985.0,0.7779226306107979,20935.831625841252,0.7859395466283051,1
CHI_32_Z1,cook_row_raw,Z32_01,False,,,40,0.38144011429246216,15486.0,0.7815342722879272,,,2
CHI_32_Z1,cook_row_raw,Z32_02,False,,,38,0.42844443547784244,14818.5,0.7787470065317618,,,2
CHI_32_Z1,cook_row_raw,Z32_03,False,,,43,0.39243750672423544,14732.0,0.7837887681871807,,,2
CHI_32_Z1,cook_row_raw,Z32_04,True,42.0,0.8886531495282489,42,0.8886531495282489,14097.0,0.7818485918659579,13513.875888428369,0.7831219714342594,1
CHI_32_Z1,cook_row_raw,Z32_05,False,,,46,0.4027005598433329,15660.0,0.7808977786894836,,,2
CHI_32_Z1,cook_row_raw,Z32_06,True,45.0,0.8560409884245535,45,0.8560409884245535,14985.0,0.7779226306107979,13455.177027087639,0.6393237269484602,1
CHI_32_Z1,cook_row_alley_open,Z32_01,False,,,38,0.38144011429246216,15486.0,0.7815342722879272,,,2
CHI_32_Z1,cook_row_alley_open,Z32_02,True,37.0,0.886023947075266,37,0.886023947075266,14818.5,0.7787470065317618,13577.438793588699,0.727224930859373,1
CHI_32_Z1,cook_row_alley_open,Z32_03,False,,,41,0.39243750672423544,14732.0,0.7837887681871807,,,2
CHI_32_Z1,cook_row_alley_open,Z32_04,True,40.0,0.8886531495282489,40,0.8886531495282489,14097.0,0.7818485918659579,13513.875888428369,0.7831219714342594,1
CHI_32_Z1,cook_row_alley_open,Z32_05,False,,,44,0.45073027494752005,15660.0,0.7808977786894836,,,2
CHI_32_Z1,cook_row_alley_open,Z32_06,True,43.0,0.8612578136390274,43,0.8612578136390274,14985.0,0.7779226306107979,13563.482339875574,0.7209162720666616,1
CHI_32_Z1,cook_row_edge_alley_open,Z32_01,False,,,49,0.38144011429246216,15486.0,0.7815342722879272,,,2
CHI_32_Z1,cook_row_edge_alley_open,Z32_02,True,48.0,0.886023947075266,48,0.886023947075266,14818.5,0.7787470065317618,13577.438793588703,0.7272249308593733,1
CHI_32_Z1,cook_row_edge_alley_open,Z32_03,False,,,52,0.39243750672423544,14732.0,0.7837887681871807,,,2
CHI_32_Z1,cook_row_edge_alley_open,Z32_04,True,51.0,0.8886531495282489,51,0.8886531495282489,14097.0,0.7818485918659579,13513.87588842837,0.7831219714342595,1
CHI_32_Z1,cook_row_edge_alley_open,Z32_05,False,,,55,0.45073027494752005,15660.0,0.7808977786894836,,,2
CHI_32_Z1,cook_row_edge_alley_open,Z32_06,True,54.0,0.8612578136390274,54,0.8612578136390274,14985.0,0.7779226306107979,13563.482339875569,0.7209162720666618,1
CHI_32_Z1,cook_row_alley_open_3m,Z32_01,True,34.0,0.6662270345083668,34,0.6662270345083668,15486.0,0.7815342722879272,13679.45334163661,0.714537276088252,1
CHI_32_Z1,cook_row_alley_open_3m,Z32_02,True,33.0,0.8865129901875801,33,0.8865129901875801,14818.5,0.7787470065317618,13666.315340690237,0.7183961437498113,1
CHI_32_Z1,cook_row_alley_open_3m,Z32_03,True,36.0,0.7408797349098951,36,0.7408797349098951,14732.0,0.7837887681871807,12633.825870178403,0.7086394366753018,1
CHI_32_Z1,cook_row_alley_open_3m,Z32_04,True,35.0,0.8886531495282489,35,0.8886531495282489,14097.0,0.7818485918659579,13513.875888428369,0.7831219714342594,1
CHI_32_Z1,cook_row_alley_open_3m,Z32_05,True,38.0,0.7838239571087652,38,0.7838239571087652,15660.0,0.7808977786894836,12637.966814390424,0.7074883308596914,1
CHI_32_Z1,cook_row_alley_open_3m,Z32_06,True,37.0,0.8631619867761072,37,0.8631619867761072,14985.0,0.7779226306107979,13643.20395473252,0.711739474061285,1
CHI_32_Z1,cook_row_edge_alley_open_3m,Z32_01,True,45.0,0.6827983417350842,45,0.6827983417350842,15486.0,0.7815342722879272,13254.639297219132,0.7115233169095756,1
CHI_32_Z1,cook_row_edge_alley_open_3m,Z32_02,True,44.0,0.8865129901875801,44,0.8865129901875801,14818.5,0.7787470065317618,13666.315340690237,0.718396143749811,1
CHI_32_Z1,cook_row_edge_alley_open_3m,Z32_03,True,47.0,0.7408797349098951,47,0.7408797349098951,14732.0,0.7837887681871807,12633.825870178402,0.7086394366753019,1
CHI_32_Z1,cook_row_edge_alley_open_3m,Z32_04,True,46.0,0.8886531495282489,46,0.8886531495282489,14097.0,0.7818485918659579,13513.87588842837,0.7831219714342595,1
CHI_32_Z1,cook_row_edge_alley_open_3m,Z32_05,True,49.0,0.7838239571087652,49,0.7838239571087652,15660.0,0.7808977786894836,12637.96681439043,0.7074883308596912,1
CHI_32_Z1,cook_row_edge_alley_open_3m,Z32_06,True,48.0,0.8631619867761072,48,0.8631619867761072,14985.0,0.7779226306107979,13643.203954732515,0.7117394740612848,1
CHI_57_Z1,municipal_momepy,Z57_01,False,,,6,0.0,17138.0,0.7468294427933915,,,0
CHI_57_Z1,municipal_momepy,Z57_02,False,,,7,0.4615286715141748,31734.0,0.7800502813361514,,,2
CHI_57_Z1,cook_row_raw,Z57_01,False,,,18,0.47774005720008983,17138.0,0.7468294427933915,,,1
CHI_57_Z1,cook_row_raw,Z57_02,False,,,18,0.0,31734.0,0.7800502813361514,,,0
CHI_57_Z1,cook_row_alley_open,Z57_01,False,,,14,0.47774005720008983,17138.0,0.7468294427933915,,,1
CHI_57_Z1,cook_row_alley_open,Z57_02,False,,,14,0.0,31734.0,0.7800502813361514,,,0
CHI_57_Z1,cook_row_edge_alley_open,Z57_01,False,,,22,0.47774005720008983,17138.0,0.7468294427933915,,,1
CHI_57_Z1,cook_row_edge_alley_open,Z57_02,False,,,18,0.44658556797872584,31734.0,0.7800502813361514,,,2
CHI_57_Z1,cook_row_alley_open_3m,Z57_01,False,,,14,0.47774005720008983,17138.0,0.7468294427933915,,,1
CHI_57_Z1,cook_row_alley_open_3m,Z57_02,False,,,14,0.0,31734.0,0.7800502813361514,,,0
CHI_57_Z1,cook_row_edge_alley_open_3m,Z57_01,False,,,22,0.47774005720008983,17138.0,0.7468294427933915,,,1
CHI_57_Z1,cook_row_edge_alley_open_3m,Z57_02,False,,,18,0.447065494948118,31734.0,0.7800502813361514,,,2
