unit_id,M6_share_living_street,M6_share_motorway,M6_share_pedestrian,M6_share_primary,M6_share_residential,M6_share_secondary,M6_share_tertiary,M6_share_trunk,M6_share_unclassified,M6_share_unknown,bus_supply_saturday_am_400m,bus_supply_saturday_am_800m,bus_supply_sunday_am_400m,bus_supply_sunday_am_800m,bus_supply_weekday_am_400m,bus_supply_weekday_am_800m,common_land_use_entropy,connector_candidate_density_km2,enclosure_compactness_iqr,enclosure_compactness_median,enclosure_elongation_iqr,enclosure_elongation_median,enclosure_log_area_iqr,enclosure_log_area_median,footprint_coverage_gross,footprint_coverage_land,gross_grid_height_gross,gross_grid_height_land,jobs_density_area_baseline,jobs_density_business_core,jobs_density_business_plus_tcu,mapped_street_density_km_km2,net_grid_height_gross,net_grid_height_land,population_density_gross_km2,volume_density_gross,volume_density_land
CHI:01,0.0020821077080789,0.0,0.0198673137317467,0.0,0.6618438669338294,0.1884435014684927,0.105566277100846,0.0,0.0045578430574825,0.0176390899995235,33.12360766556451,65.22663724561905,26.900374088049784,51.68277098597914,43.82191838863728,86.77790047780465,,68.92702147068414,0.1686574419498009,0.7099920544064381,0.9675911966879712,1.6116024554287152,1.688716099579592,9.877214143801446,0.3040071848971513,0.3040091329227733,4.237495061607464,4.237521572117856,2662.16036795474,2662.095138321186,2661.9938514567016,13.202695221392236,11.378592372796083,11.378624517875725,11655.01748381503,4.238326518136315,4.238353029475403
CHI:02,0.0,0.0,0.0,0.0471051211744887,0.7667010595783769,0.1168906334434919,0.0557396419584271,0.0,0.001247919318953,0.0123156245262624,22.12010626075485,50.04343465662305,18.4018423119884,40.90528016314076,34.330037613749504,74.68742712918178,,51.54493555573342,0.0095376307323271,0.7004262512296705,0.0828133724529789,1.9884874646382584,0.0478295627644165,9.910893343409391,0.2574765393532036,0.2581980354814587,3.1411968675444344,3.1482617327789963,1303.4527304266646,1300.8365815029524,1303.37710306151,13.081954168790578,9.23830484442206,9.24255841103882,8439.407473237014,3.1430151991228854,3.1500859239388945
CHI:03,0.0062223649855019,0.1278718205319074,0.0035801855175012,0.0278642688502696,0.4706671360397839,0.2313917436808551,0.1109253592063874,0.0,0.0001485198019297,0.0213286013858635,62.7325883514454,118.2030583153581,55.35428578386352,104.82420921323296,92.7594311700592,174.22601167322205,,42.69372281516684,0.2452173644735703,0.669202557175609,1.708721818401997,1.929910349926817,1.375460220846671,10.01062650760736,0.23132843016894789,0.23181561435339781,4.066120622096648,4.074528837010494,2077.671462273085,2077.93172330115,2077.9258382921776,10.690911982562472,11.98735553178084,12.00768101885706,9462.417716655276,4.068633156829752,4.077047164566809
CHI:04,0.0027735780451012,0.0,0.0,0.0474491351204949,0.6787133187818071,0.1671926465069633,0.0811269678165352,0.0,0.0,0.0227443537290982,44.93608198303061,93.93041907494592,41.16891912270774,85.35523761843943,63.96671019236303,135.8962942099851,,52.83843463705083,0.059281157506996,0.7015614503952408,0.6468765774705327,1.9725436856791492,0.440946576298904,9.91877866036063,0.23553765921849787,0.23847941936879513,3.1661764610779906,3.1981431426062152,1583.6189743042871,1583.633264436929,1583.6399224138934,11.826707612303991,9.41665004585443,9.458884840917902,6112.461165143071,3.1668506010541133,3.198829554510404
CHI:05,0.0,0.0,0.0021679943416557,0.0451784925765175,0.7332631269506664,0.1270481623592382,0.0790453553563596,0.0,0.0003309518456272,0.012965916569935,38.71767370680169,82.56150725426136,35.652121406528174,75.59652907537357,63.70271308160964,141.65342940037974,,60.2273940251538,0.0662265098311455,0.6964844724635721,0.1072229742077002,2.0064615525141143,0.2095508806975488,9.91149052540513,0.3040432719926394,0.3092578269982237,4.1716618764413065,4.219444218098613,2304.809489122681,2304.6812318535044,2305.742618494497,13.95578070168288,11.415349808658709,11.427224618511394,6632.962457854063,4.174739908552645,4.222414651030958
CHI:06,0.0,0.0577348062696208,0.0010499200591712,0.0151557256262463,0.5988460022805131,0.2037151091150531,0.1013720432120979,0.0,0.0061020568914198,0.0160243365458774,62.446374298439885,111.47465230128871,53.527118913921335,95.7415519561343,115.91280945612878,214.19559230435885,,57.18564492340552,0.099902431801271,0.6969919614343862,0.4698992878620593,1.989308072069416,0.2666273162822303,9.917489361135338,0.34315620554963205,0.3431571709830043,5.3271232290955535,5.327137401794594,3374.6043126357317,3374.3561723712564,3374.033063447718,14.455157191374594,13.86845954047668,13.868492693567832,12724.267031159914,5.331584685428638,5.331598872206801
CHI:07,0.000938557979129,0.059072382122911,0.0086544246257626,0.0371409077428737,0.4861968403700734,0.2017381966532835,0.1220887675346291,0.0,0.0661821425565777,0.0179877804147596,50.1272916881351,95.92525853463394,43.59762834290832,84.122701267052,97.14098975759494,185.32152491488344,,50.37397087032844,0.1612812714574425,0.6674615101676081,0.916291222206096,2.008089293285688,0.5625853364258191,9.917594412845776,0.2912427806409425,0.3036176736224464,4.467923416170974,4.624131409758377,3045.246394072138,3045.6189360910566,3045.257292041342,13.078342506558574,12.296139264026136,12.577702221136905,8597.710466222738,4.469368547281167,4.62560746263344
CHI:08,0.0110108908425232,0.05414526870276,0.0012450525979136,0.009453915678052,0.2652331157086789,0.3150859138415797,0.218380104824667,0.0302723280423835,0.0811022492370505,0.0140711605243912,80.16388789076169,167.40918745633158,68.46799834787495,144.95964490791476,176.48438149464997,374.0641081490692,,73.47566092665,0.3205951345103123,0.7014022938742162,2.704372311808225,1.769097593941319,1.9031970191451189,9.273227512063055,0.3599085584685376,0.37463480754493744,9.230169179926657,9.465406868276082,28597.00728747475,28597.04521986888,28575.24489485811,16.017569238556362,26.54494660163188,26.620705660403708,14807.1366216749,9.268228327707472,9.504307655022588
CHI:09,0.0,0.0,0.0,0.0319208988813831,0.8287127396029229,0.0636787139996095,0.0627068081888835,0.0,0.0,0.0129808393272008,4.173574169095045,7.195654416119817,4.173574169095045,7.195654416119817,7.088607453290256,12.101802566312646,,62.98704294634768,0.0557744222371158,0.6971998340673358,0.2603302240816008,2.0162792198965427,0.246510645550849,9.921029472315851,0.24188075147285978,0.24188075147285978,2.6150026082841875,2.6150026082841875,914.0025343217652,913.8179393111178,913.81835528867,14.465595133148934,7.547855504898723,7.547855504898723,3923.036825417055,2.6154347984717727,2.615434798471776
CHI:10,0.0,0.0863565204503423,0.0,0.041712593981591,0.6882928562744408,0.0458797884472783,0.1298670636453439,0.0,0.0005471107213813,0.0073440664796219,5.750603972825109,12.29429475396926,5.460340979628251,11.481987327006058,11.949893733214822,24.72227337556924,,61.91147545760119,0.1502015526582337,0.690007192009876,0.7697473442526572,2.01338335521508,0.5727258761525054,9.905383456605408,0.2117062177047893,0.2119721272474316,2.3175235352106536,2.320400593545308,953.7438752980077,963.9050704166436,963.905394602317,14.89776348650478,7.548893097541575,7.556773767237036,3378.504697437999,2.3186103197966115,2.3214887604094474
CHI:11,0.0,0.100825288934798,0.0,0.0,0.6381181510619205,0.1268316385137145,0.1286269315462027,0.0,0.0,0.0055979899433641,27.941178090505133,63.30149074138753,23.799011013214173,54.162780230624335,39.39591389056355,91.63195385290004,,62.6013123080001,0.1465956905568453,0.6849496423824677,0.841535482567835,2.020796443284044,0.5537160158412142,9.902979995706035,0.2403869011077823,0.24143089981037133,2.369125690457926,2.3791976566517703,920.7533533773436,923.9081349860222,919.8907554401956,14.798791688422282,7.507766693308403,7.533041169236397,4352.399668820726,2.370639510831879,2.380717106129025
CHI:12,0.0,0.0582910056467626,0.0,0.0873166456352609,0.7277150698578907,0.0854687643973419,0.0381414350742426,0.0,0.0001874467038433,0.0028796326846577,7.871240933986084,19.06505674930113,5.5169132856023415,14.3951650007136,14.98934486489661,33.67919697885396,,52.20735389504174,0.1828400982736845,0.6853422191115384,0.8282497709866399,2.0176922622414137,0.6928243889216077,9.897758432344686,0.14927096011064192,0.15056626845156024,1.7671138752148927,1.782126500311779,560.0448753798598,545.241043386829,551.2657463484784,12.501979428288244,6.333877712218216,6.3773478733420585,2362.1658307394814,1.7696677494795336,1.784699409814881
CHI:13,0.0,0.0418748758632174,0.0014450968733294,0.095519214212744,0.5557821951384567,0.1588799587437484,0.090054072201175,0.0,0.0367911038943825,0.0196534830729464,28.709526772487624,54.39511425538141,27.43940635430405,50.74649043889596,39.34956911015177,74.99459766546231,,29.423793914838264,0.0901279477790094,0.6974161187184,0.1714699664481487,1.9795290393412404,0.0753580933038211,9.915032397883625,0.16214018010378786,0.16504310372948044,1.9999585145678656,2.025716440886453,1094.3340844531622,1105.4042884704102,1103.4671622628568,8.312416511867413,6.694276040725676,6.7208447809917935,2687.766254817865,2.0032625066268315,2.029063183223759
CHI:14,0.0,0.0253599104735611,0.0,0.0079180100976457,0.7499467055055234,0.1580536809541885,0.0514449449542316,0.0,0.0,0.0072767480148493,39.19881085797186,75.37440762797966,37.88267307219662,72.70011714156004,49.17194455071564,97.06026140947912,,59.95193222302708,0.0100577160165707,0.6991357810824335,0.1183389248246378,1.9868102840520907,0.046492412924552,9.926874339917916,0.30996673246411005,0.3129884399478464,3.692865627364606,3.714497323292229,1187.0679151363977,1175.7992926362947,1175.7990576263026,14.729529060636544,10.046327217685644,10.051019009156356,9743.24993997146,3.69348556591986,3.715125747566104
CHI:15,0.0,0.016381110139064,0.0,0.0446696258212959,0.7597871037606841,0.1013611843385794,0.0730077790331986,0.0,0.0,0.0047931969071777,33.35150018291904,70.31614920590685,30.74710547263734,64.71300763310803,49.277782775138505,104.41552910037204,,58.06245769389104,0.0094329156681718,0.6974673825818976,0.0619152088750913,2.0077447019468444,0.0345481019567905,9.93346660819903,0.2905897979531126,0.29058979795311224,3.207757953470181,3.207757953470181,790.822658439503,790.2245651469228,791.1489886151286,14.22193853166662,8.886335670776388,8.886335670776388,6160.809980715247,3.208907773304338,3.2089077733043383
CHI:16,0.0,0.1283000022246763,0.0,0.0529360058982708,0.6373304898862628,0.0990280167789316,0.0700081604448128,0.0,6.669237936677674e-06,0.0123906555291087,32.4810053328382,67.40925986691606,29.626327108214017,61.59105279891028,49.90466773100361,103.29480385028472,,67.07397280287452,0.168069174049779,0.6973345577369073,0.7897766719095318,1.993683087696828,1.1280198122265794,9.913415062789223,0.2643244500582304,0.2653382756317448,3.300139297463419,3.3063977340476685,1332.6202331571817,1333.26977745493,1332.1320973228676,16.09436327765107,9.883179993879546,9.883822500864474,6242.602717744685,3.30109656961036,3.3073348745064584
CHI:17,0.0,0.0,0.0,0.049920783203777,0.798827227633323,0.0601697470386829,0.0775276080931511,0.0,0.0,0.0135546340310659,21.5637969011831,43.32645192068363,19.60487537602273,39.30298793835265,32.12385504078894,64.91030347748597,,49.59597251268841,0.015537951191218,0.6993700848312671,0.1422356219956075,1.990536896389656,0.0598729606285157,9.928271764129352,0.23935455728846264,0.23944900335117408,2.448341601265959,2.4480336713690667,572.0865053966968,572.1686251032628,572.1452171411809,12.318432977176723,7.493898788055074,7.49335211253868,4484.123788881198,2.452049045326309,2.451742126830318
CHI:18,0.0,0.0,0.0,0.0485886605067652,0.7994135017291099,0.079850952332599,0.0626624819785121,0.0,0.0,0.0094844034530139,28.99764845456686,58.50354560358961,25.07993310928804,51.05986623294847,35.20813959419126,74.97935456388501,,51.94964126748946,0.0540354109309835,0.7015676077582029,0.4887374010615657,1.978495747368115,0.0212820694629485,9.927603089703515,0.25755321916022866,0.25755321916022894,3.2426792113981766,3.2426792113981766,910.6343530773734,906.7099646198516,910.4335559741232,12.88916484079598,8.959449275347286,8.959449275347286,5622.453306429862,3.2434360289759088,3.2434360289759074
CHI:19,0.0,0.0,0.0,0.0223743819488419,0.7848164214465483,0.1065931511272758,0.0665192679425866,0.0,0.0,0.0196967775347473,36.735749027574585,74.27773727042474,34.448654280728235,69.87383685126443,48.99132122585276,98.54733242905225,,59.63335915935883,0.0077000479117833,0.6976458034798068,0.0486996950393852,2.0070313914442166,0.0221198117121925,9.92695788865142,0.3013907696183633,0.3014944263146549,3.2400995303325004,3.241191281290695,950.980455252866,950.9282017810696,951.0477139240662,13.54974700232122,9.093085514809529,9.095135075520531,7714.466249555631,3.2426322116774693,3.243724813755477
CHI:20,0.0,0.0,0.0,0.0,0.8111674523114605,0.1141382299545309,0.0652701015528678,0.0,0.0016159805444878,0.0078082356366527,26.3644042685145,71.51828979059674,25.275489140395404,67.90700164066558,37.38528853103782,93.4564851614937,,51.21149427152331,0.0049362222138712,0.698200522878649,0.0509593224460607,2.0014836331644146,0.0188380929391769,9.932014940455703,0.3213863942517742,0.32138639425177384,3.750281069935004,3.750281069935004,1297.159919047758,1293.6026155423688,1297.882718726656,13.219622741057009,9.807128492554488,9.807128492554488,7966.478609922593,3.751811811228171,3.751811811228173
CHI:21,0.0,0.1509630812569787,0.0005413669756318,0.0,0.5668317046757806,0.1897067112847303,0.065245232957811,0.0,0.0013921130709395,0.025319789778128,44.46433823350266,91.65102445493294,41.98990791298179,86.81781688519315,70.93924212968373,147.96080922204777,,68.77155405402317,0.1698198656171928,0.6705262289996281,0.7917482905812847,2.0123310625030664,0.891947803635535,9.903260980015748,0.30011359418880484,0.3021673578516416,3.850769890040341,3.8631406149723246,1786.9835887883196,1787.4797716799794,1786.9411567904117,15.917679700534318,10.557433483781104,10.552978168838704,7063.537024885225,3.8517995414452297,3.864066915777588
CHI:22,0.0,0.0897461960057959,0.0,0.0,0.6137073437148317,0.1664887629282575,0.1106691359483649,0.0,0.0048691291667169,0.0145194322360329,41.55297539395861,89.22651499664829,39.5744159399264,85.59344274953571,63.64202693624924,134.24916026383477,,72.99069784341258,0.1896245198445976,0.6947538364355839,1.4744691487556312,2.003701111921942,0.9982113198966384,9.736984778771442,0.3017500817634411,0.3046217350963318,4.157505425834037,4.180046908251996,2156.18173419055,2156.015546573633,2155.6116324334544,16.34841078511969,11.570654776737282,11.571808354327882,7717.136676529533,4.158366700956504,4.180913145426752
CHI:23,0.0,0.0,0.0,0.0495567180974991,0.647414132851367,0.127444211839716,0.1601927336940464,0.0,0.000358164993272,0.0150340385240992,44.931067210920254,87.28840053405371,40.485997524058064,78.36659663056975,59.61891780818724,119.34009362178854,,55.20867187931738,0.0823276710494529,0.6965693826197972,0.1579004660063219,2.008942362238186,0.4512059096538046,9.922335558376304,0.26150600271209423,0.26150600271209373,3.486553186882284,3.486553186882284,946.0569098163492,952.2951757275796,945.0324197035104,12.64782089549127,9.836951182173058,9.836951182173058,5797.148725821499,3.4881942322689232,3.488194232268924
CHI:24,0.0010898889368024,0.0983354600657639,0.0009280370606701,0.0283717068668281,0.5654278817887075,0.1960149160313624,0.0722321716540085,0.0,0.0255892036484098,0.0120107339474468,49.65868002737202,93.3674381205736,44.95676731922022,84.3869225457267,82.43429914799897,160.00166875985158,,74.73277315819352,0.2388293755824341,0.6900839874039061,1.9935417488904048,2.0098076255463244,1.957631038495359,9.673168936233532,0.2969098847563002,0.30129876535124794,4.359441824791336,4.397096560427354,3653.106225385082,3653.033369916084,3653.0510288637183,15.996854451216809,12.442305003814708,12.454808348057478,7422.70730305776,4.360537375776208,4.398187210225396
CHI:25,0.0,0.0374104327156673,0.0,0.0501351902797086,0.6672088016555655,0.0916945896293162,0.1373908748279633,0.0,0.0025722289272626,0.0135878819645162,37.96522629445628,73.9788507259103,36.8679245340364,71.57359091889639,53.4430889790542,105.63649214358004,,52.92372517917482,0.097091789252852,0.6980424362623251,0.7599048686266461,1.990994569941455,0.3836232114543705,9.932444732539016,0.2472031906564431,0.24759680063921477,3.4277015314729784,3.432578464872963,750.2522155167394,747.268427033254,750.7352530151264,13.090137309500316,9.756588998605062,9.765038888852136,5219.826033138571,3.4286769390015044,3.433555296670196
CHI:26,0.0,0.0802290527766157,0.0010265641985014,0.0,0.5450139066484627,0.1651414094269558,0.1912867787186686,0.0,0.0007509810202853,0.0165513072105103,32.252176258972426,64.89871729989468,32.91393793476233,66.15844839133129,46.974664406600525,92.3658238724072,,70.43240048124082,0.2357156317794366,0.6919496922460675,1.505196697093801,2.033846539405164,0.5084984752806516,9.908155963154432,0.20790289155662045,0.20790289155662064,3.552817924713349,3.552817924713349,1056.4351740680395,1056.7163880240828,1055.3265619392691,16.73169435026553,10.844651751894917,10.844651751894917,5205.31213561279,3.5533770860128624,3.5533770860128606
CHI:27,0.0,0.1034255172400335,0.0,0.0,0.4400001983986144,0.121569561952143,0.3112721301542713,0.0,0.0114284038489887,0.0123041884059489,38.06763675545677,82.38099174537915,37.42150791290543,81.48427197043635,60.2198819516513,127.01437993234995,,62.57159370868367,0.2043015117668505,0.6949973220636064,0.9359931915202058,2.009658116854282,0.6819049756533797,9.907654334443844,0.17405737950073996,0.17610348959943817,2.946445364119384,2.9801989935380173,1249.9560057712936,1253.5192521667536,1249.7474764275623,14.3185287279953,10.270633892629135,10.36972934207348,3998.4914507937,2.9475649014549288,2.98133179300045
CHI:28,0.0042571197277608,0.1439800287247045,0.0052941814219536,0.0,0.3147470408261978,0.2880593398042282,0.1593729110104996,0.0,0.0619930645872079,0.0222963138974472,52.7040876271728,105.57531822047552,51.22026550159664,101.82040437388828,105.67743673592275,228.33612247704363,,73.26640509506613,0.4564886305176281,0.5986712115949839,5.282937386636405,2.2213331097618862,2.8785254391928863,9.026987351563324,0.2562319863834044,0.2582132066470859,5.559210431904882,5.545974859984693,10320.178236441609,10319.753121739692,10320.976433011929,16.171421905418665,16.647079301485594,16.522640456193916,4606.880801993141,5.566341451088785,5.551893249622994
CHI:29,0.0,0.0,0.0,0.0,0.6074730515167233,0.189110309985215,0.1688211131097229,0.0,0.0223050031947841,0.0122905221935546,39.67818720110401,77.35727871425145,36.68436048337247,71.705547723372,52.568969279728414,105.36732276035691,,62.1114835337103,0.307803337037692,0.6887228416997139,3.2241170002911037,2.0138822476878,2.597081277317777,9.91644552160064,0.20273435440224422,0.20370847193970718,3.444048764775488,3.460000542632903,650.5478553880604,650.8465048385671,650.404039794311,13.401687197657909,10.920190816690576,10.958726827591324,4186.273692597079,3.4450629412046574,3.4610200720367343
CHI:30,0.0,0.0566532482476144,0.0,0.0,0.6741147188219716,0.169539556744229,0.0652862515602131,0.0,0.0204992464276089,0.0139069781983628,43.3551948552787,84.30122352650623,42.38020252101607,81.69906881083494,50.3230028122542,102.84257467605316,,32.399727595843665,0.0085024855544413,0.6968053541228116,0.0603360804871868,2.003071144396508,0.0301970428155051,9.928570515438771,0.20752020376711602,0.2151970934175722,3.3359146485621483,3.4216533539759646,1107.85663537021,1108.4648582922384,1108.2104994537783,9.579161477092894,9.847642745876174,9.952006921705989,6009.543585250541,3.338728820720462,3.42441054058483
CHI:31,0.0,0.1145807200439725,0.0037033629635366,0.0,0.4752002098460373,0.2266761553739187,0.1475365895373099,0.0,0.0097398594977919,0.0225631027374331,44.1040933426281,82.00977666846686,41.917820418841146,76.87445033915117,63.61945119652386,120.26355524281055,,46.49527219832944,0.2585638507687789,0.6904925249448861,1.5670618843765656,2.006948042279725,1.8710831463314808,9.559796361103352,0.2510299477546923,0.2649934689590177,4.333983377881726,4.481800541897528,2546.776859059512,2548.8349265736606,2546.085812654377,12.231814896572896,11.80645691678237,11.964381567494009,4454.889126534793,4.335693488107263,4.483355239237505
CHI:32,0.0,0.0210110662522461,0.00657975922376,0.0,0.060584330567882,0.5838737985288364,0.1040791729025343,0.1844549285765669,0.0231786704032166,0.0162382735449572,141.85271115839723,283.3718378350589,127.61202095296208,255.7172408906661,269.5814135831365,592.7370588669153,,90.43517912086298,0.5562533015805666,0.4641453566585454,8.84538814215975,3.2768721437393244,3.744280674766909,6.849795065084728,0.28202266082291233,0.3048630649695413,10.931296110028176,11.601298098445383,108505.19503624532,108498.71496466368,108540.88804589912,18.988508164768437,29.992669060904493,30.626364137078266,9853.41139256463,11.090217659718224,11.76754260306787
CHI:33,0.0067927587365955,0.2002070021629267,0.0041887420112647,0.0,0.1857175578170092,0.2541047283546292,0.1376809583143048,0.0173211466655189,0.1799388707023944,0.0140482352353562,97.98521802195776,147.21757586501977,89.64913399991194,133.69627547105105,155.14069226528702,240.8239941024289,,51.72930400928509,0.4796630199662777,0.4142409977008849,6.504778713636311,3.0878411570229582,3.015440856788038,8.462850430520415,0.2517105878980038,0.2535900897830439,4.977828651947634,5.009467983485236,2802.7245142111,2809.4094822986185,2807.7933909214125,14.082470668664946,16.493352901440524,16.563293537580837,6233.150247299192,4.979128018728067,5.010727411137198
CHI:34,0.0,0.4411320037025016,0.006418995257126,0.0,0.3048762207690014,0.1915976974201073,0.0486298312597292,0.0,0.0046908632196087,0.0026543883719255,18.467816179632138,58.73527808834529,16.41771457811053,53.82857292793233,35.27775984331416,93.84423525099946,,71.77213990059856,0.4809927425643591,0.4282998076286937,7.453845267135976,3.683857790256277,2.444204599089357,8.772432940629187,0.17056101712749602,0.17315703231013072,2.754901856735813,2.7435681805509717,2223.58003432487,2211.772023255404,2223.3633225906938,22.615081491775754,11.226984364436737,11.152282866616126,5385.316103809775,2.756375545944093,2.744719395990279
CHI:35,0.0,0.0915789349035462,0.0129820648852205,0.0,0.4804812243843762,0.2686764295451675,0.0937718225789127,0.0,0.0389008388312132,0.0136086848715634,45.38219395581695,76.86762496471849,42.521377930109225,71.78827247102467,76.85534798906697,138.13274323113512,,48.00162760203466,0.4104031489311079,0.5851593030876026,4.204983938977822,2.319987339502644,1.951038788307006,9.782300234860047,0.13277641152571076,0.13277645847562283,3.5275257933808803,3.5275269053564573,1503.4345313450626,1509.118110633756,1502.4921401705888,12.707831898259228,13.747775926058326,13.747780005017551,4751.303609960663,3.533176910646925,3.533178018591056
CHI:36,0.0,0.2330373341081775,0.0,0.0,0.4234464234957767,0.1268690826761921,0.1956651186441483,0.0,0.0062535158002765,0.0147285252754284,30.317206534680075,55.652630926480576,30.32512778088428,54.54931090382779,44.05425090230432,84.50044964728764,,50.95083033911562,0.2837197347173257,0.7193003328912183,1.9929942620153576,1.7635094956191602,1.0246873666196643,9.54460913331828,0.10734708335354737,0.10735932293409167,2.143350104904354,2.143594486461108,124.79134534079114,124.82941326633446,124.84425271744456,12.98493936193527,8.865561081243248,8.866571854854632,4328.70441736754,2.148638384779918,2.1488833692909024
CHI:37,0.0,0.4965461391703349,0.0,0.0,0.255535294711646,0.1221689860574628,0.1187293962738444,0.0,0.0,0.0070201837867116,24.73983393285804,69.44721487595356,23.037084533771715,64.38377413593561,41.30186411531041,98.0500793227211,,61.11697073791606,0.5784201102798723,0.2888035241261528,10.253120947828206,5.402659007814628,0.9520452545062544,9.189694247140316,0.112455537068164,0.112455537068164,2.069103340831821,2.069103340831821,538.2315210959692,540.8580813529528,534.3073964559004,22.02127304827136,8.541941559435237,8.541941559435237,1372.943101507727,2.069907189929793,2.0699071899297943
CHI:38,0.0,0.0,0.0,0.0,0.6936025676034372,0.1232208778940042,0.1652211454841677,0.0,0.0,0.0179554090183907,35.55375858426098,73.68743963116988,33.41206817583079,68.8341327257521,49.8414292597861,107.30474778638458,,55.53530153205991,0.0645830936454607,0.7080313751987664,0.5762062364328207,1.8852427851308269,0.3526407209117916,9.967447155135524,0.19108299674163307,0.191082996741633,4.1789329201292125,4.1789329201292125,714.5691585150937,714.4078279451767,714.8362732217645,14.045765725434054,12.765472189180244,12.765472189180244,5462.484057883711,4.180936907684652,4.180936907684654
CHI:39,0.0,0.1554657842298372,0.0,0.0,0.4601772445535745,0.1217433968952195,0.2270719010637774,0.0,0.0140009372835924,0.0215407359739987,42.93504410591148,75.43654439283608,39.84848501243693,69.39052341469286,63.68929871786127,114.3031720072158,,48.540945885522206,0.3855220401343712,0.6978615136046289,3.830422524153012,1.66491502018671,1.4671819127064332,10.270138272534735,0.19222111736421507,0.19222223242046943,3.384357042444392,3.384376210308277,493.6217115383993,493.5531367432747,493.54360009789787,13.100729664727824,10.97255165262848,10.97260089669366,7083.872836197324,3.386898071899538,3.386917256730769
CHI:40,0.0,0.0,0.0132176592796495,0.0,0.4300006757851509,0.127508901219885,0.4061324005228813,0.0,0.0134689393804345,0.0096714238119985,36.295284122673486,72.93833296834663,27.96136426203594,58.59709032515865,45.70705179976183,97.51303835250908,,34.319364860029566,0.1971712738721776,0.749447102310528,1.5373012330624023,1.5160609426763147,0.6774414764420502,10.211894670068544,0.10705728379974305,0.11080817201951904,2.376567549466688,2.4591619539305394,187.9660317785892,187.8665655396105,187.9080499715706,9.208957779738498,9.467453039552488,9.74401189269128,3230.8524508883,2.3778311171233817,2.4604749990961343
CHI:41,0.003088216772936,0.0573911148269275,0.0077985125525057,0.0,0.5191753927616848,0.0888842189572837,0.2422567462101549,0.0329664212329783,0.042525474589659,0.0059139020958696,53.43236972829607,91.4299625634136,43.5283234896548,74.47525860024948,77.76120120008451,139.0355517498965,,47.28741845649871,0.3242606299867288,0.6789964743047006,2.010909096172175,1.8618197217016816,1.2662618646228123,9.933390896856132,0.23474409882203962,0.24042918091984178,4.320922427123759,4.422038548188883,7006.210079770764,7006.186741879614,7006.188008344769,12.331349354850357,12.174928815938047,12.396341139837231,7035.009243149577,4.324566498636574,4.4257725049906975
CHI:42,0.0,0.0,0.0054575665002991,0.0280801485091018,0.5659456737822728,0.123307920023035,0.1870676048900837,0.0544070625697932,0.0223987982963028,0.0133352254291113,48.693328761509655,92.45342996597704,37.0503455546784,72.67832172409175,68.68849403882767,136.81022670618745,,46.58074012722681,0.0357505185708815,0.6966317092648007,0.5041616068521715,1.992066321211298,0.2827188271320615,9.926915259645352,0.16421653378490836,0.171332333668786,2.876428156809644,2.9998655182644582,506.3961492937464,525.890438599218,525.8903769804797,11.964563483784406,9.01374539290016,9.349850565717594,4550.776166687227,2.877345698011035,3.0008231632242954
CHI:43,0.0,0.0088134357423219,0.002988520570133,0.0270339138038097,0.68356501596734,0.1216671676930014,0.091880956321486,0.0486662540841612,0.0,0.0153847358177464,45.05970956603341,87.64300555467813,37.77654802025201,74.26901495988372,62.88796008214744,120.99735172929032,,60.17387960274286,0.0423768878269008,0.699227257304271,0.2743447432830017,1.9834914241689865,0.3131481841964572,9.921868640164304,0.25138348285968276,0.2513919112739441,3.518793041006476,3.518902647921187,397.260675117354,397.0839942000096,397.0656839453874,14.153127239694449,10.210120049797638,10.210307041742208,7074.802114777027,3.5202487775616857,3.5203583739498066
CHI:44,0.0,0.0806728659210882,0.0,0.0,0.7020927932503589,0.1305439813309573,0.0736695199661759,0.0,0.0032847317542473,0.0097361077771722,34.5470992439858,66.12063661202879,30.711997836301705,58.55781265492156,50.69333931527224,99.19504885248354,,50.77231323697878,0.0821481340576307,0.6981727585958046,0.5142464511589959,1.988886376443986,0.522249462767757,9.924293275874788,0.22404722401162788,0.2240472240116279,2.882239820184349,2.882239820184349,552.2165377328049,556.1170667429714,551.3436408752793,13.613302397583093,9.240226744583572,9.240226744583572,4156.777325123962,2.8837565687256284,2.8837565687256284
CHI:45,0.0,0.1632596400563749,0.0,0.0,0.6284776529674938,0.0749603294061793,0.0573268291400348,0.0694802002106294,0.0,0.0064953482192874,25.7888332319738,61.48093019650923,21.97459159384668,53.10750981136847,34.53334267319645,82.25597667038176,,58.725491948714826,0.3196390210158213,0.640349351031376,2.2681185456568693,2.028879439229434,1.938773992828434,9.829047710690867,0.21037421725360775,0.21037421725360733,2.409099466124703,2.409099466124703,886.6566615935807,886.757734806134,885.7053291490279,15.655806795775623,8.174083801437074,8.174083801437074,2907.6302203336527,2.4096213293935,2.409621329393497
CHI:46,0.0,5.244488610495042e-05,0.0,0.0726435372461553,0.6500196563220643,0.1496185324125242,0.1134916499128926,0.0,0.006049822089055,0.0081243571312036,32.245144797368795,59.4960183128927,28.208114755224717,51.96607069715336,48.6395368392712,87.5397295228038,,43.88825289441928,0.026308273629421,0.6986510047858021,0.240552951556503,1.9893214878796532,0.1098865299082305,9.923653075324316,0.15416360927293807,0.15633226399343794,2.0987336231442675,2.11888161789306,291.75879751649376,291.7419306579185,291.7418526137841,11.092612957998384,6.767795785436914,6.799693793165557,3152.959125019401,2.100144968258277,2.120304448419932
CHI:47,0.0,0.0,0.0,0.0648595924855379,0.76338195678634,0.0381636784137252,0.0906542708283408,0.0,0.0,0.0429405014860558,23.42996330509749,56.686683920875566,22.49599580978393,53.40431192154902,28.57705074530469,81.34160479464477,,38.0288267250145,0.0781242550089846,0.6956546209635808,0.0780338459757887,2.013458103972948,0.0239159820998065,9.918229779221678,0.18830819946905347,0.18830819946905344,2.9164479195551056,2.9164479195551056,1071.8985600496255,1075.1016955649434,1070.8017640973735,9.03498855438502,9.680888582038794,9.680888582038794,1602.0138520112512,2.918424913615285,2.918424913615285
CHI:48,0.0,0.1681715510697319,0.0,0.0178654093434808,0.6196740944971029,0.077135858369463,0.0696051710958831,0.044606952017189,0.0,0.0029409636071493,32.56660712630321,66.14426875287101,30.508001789946515,61.53226833307653,40.18515819025773,87.32508248611296,,60.010640776327456,0.3001091861808223,0.6966638842113964,3.105991399911193,2.0068164772375687,2.916773580493322,9.915811623926173,0.2011953820776299,0.20119538207762985,2.423101891290711,2.423101891290711,553.8926690159973,553.7643008296459,554.0295496160494,16.435161077089397,7.993220095925975,7.993220095925975,2887.18756212628,2.42434332939122,2.424343329391221
CHI:49,0.0,0.0725174697861108,0.0,0.041416417406777,0.6811927938952047,0.0631012267851598,0.1363622644089782,0.0,0.0,0.0054098277177692,37.10069358178807,81.84780029431626,34.508001491375495,75.91053504556187,52.33969242473541,117.43886936813358,,52.21115822834837,0.0996893773535817,0.6968748423309218,0.2038320044704535,2.0041293592596023,0.1959659900756722,9.916165507075586,0.1894052443964561,0.18948630960894483,2.482125828663737,2.4826300374819765,154.7769398064142,151.979184206158,156.09620950687278,14.096628359574348,8.34945879393312,8.348925284280176,3113.778945667233,2.4834457836930706,2.4839498944207867
CHI:50,0.0,0.3082434534742754,0.0,0.0113683275010093,0.4290159477597847,0.0634396863398841,0.1526160537153316,0.0,0.0179104681008851,0.0174060631088296,28.55308649816937,59.2822721207201,27.085113515894385,55.48518041998676,33.72172163637268,76.0200585187695,,28.6644636222476,0.4274659854186927,0.6564039591074391,2.195779103814659,2.039306171084972,0.9241580217689762,9.899222324142348,0.1821300108694639,0.18213001086946398,2.4017369476492934,2.4017369476492934,531.0782614774241,531.1030588958886,530.7518835871219,10.2673255644691,7.895383649541485,7.895383649541485,1245.3139140239582,2.4050819566233503,2.4050819566233512
CHI:51,0.0,0.1471276611267424,0.0,0.0245248402836815,0.512241252656122,0.1646922054590904,0.0972095200003348,0.0020367295755752,0.009203324878067,0.0429644660203866,22.871790350536585,47.00918743105933,20.80098657419672,43.33512082643253,37.61887442034492,73.19668125743686,,9.43216248212724,0.2226795618813467,0.6960665936951584,1.147612532809571,1.997615504813716,0.4120679981011079,9.918498686074244,0.05865295496985654,0.07130847424422099,1.5439846586770585,1.8074032616722684,334.5346941177246,349.8512367138146,350.5886730216125,3.7680424252935993,5.1546654853868885,5.734629848277656,500.2637248932109,1.5648467042361531,1.830576381690278
CHI:52,0.0,0.0745613994887756,0.0,0.0711553983285135,0.6475319569217083,0.0813025967330383,0.0722506690490085,0.0,0.0375449217738739,0.0156530577050815,8.556591650915559,11.895627719892191,7.132779047372841,9.931383934436102,21.09468159788993,31.395561591365336,,33.51805489968706,0.0228943248034043,0.6959949387364073,0.1109581112257931,2.0131693924544063,0.0269773652122111,9.915370920524085,0.14637804640851157,0.1545998434348941,2.016372125167752,2.0700088586458003,227.0900149152634,227.75727200535783,222.13945673194152,9.99886861067633,6.4927603821238975,6.536222469769439,2810.537126269863,2.019267921637325,2.072182176406148
CHI:53,0.0,8.895131730549032e-05,0.0,0.0415858031984311,0.796867243523563,0.0518132945968478,0.0999910882077041,0.0,0.0033480737032058,0.0063055454529424,17.631077707876056,34.88414422363615,15.895256200337744,31.28588376636182,22.929845274884496,46.67276648426783,,49.43457191169151,0.0289511029205224,0.696542049504146,0.1947186802178209,2.009003925796102,0.0824734716682815,9.916568672050792,0.17979859363459388,0.18171912522365702,2.2940816771614605,2.316151529698315,121.4807171071416,121.44057920256704,121.48656203994834,12.797449579789806,7.806494917437853,7.866210908385242,2828.659882257024,2.296092133187352,2.318162257376709
CHI:54,0.0,0.1544476507633297,0.0,0.0,0.4946170698174,0.131864524601867,0.1129371765865385,0.0,0.0950901675328953,0.0110434106979693,18.553945282048,23.05744868903014,18.553928599073757,23.05705409131609,19.033400870368748,25.78359588462149,,13.466759706044758,0.4686417861251578,0.592770123352571,4.0279394154953,2.108748684958516,1.8878015846949552,9.949695121406792,0.04452226586975059,0.04907561649154166,0.7979467910486809,0.8695831027500082,82.87373105242247,82.89264694329506,82.87896232195219,5.060481114461997,3.975015456649192,4.170307869012003,785.5741412105177,0.7989336226777588,0.8706290916570373
CHI:55,0.0026307828415968,0.0195155021253332,0.0,0.0,0.5606119059239928,0.243332078621951,0.1262361810833162,0.0,0.0334516201782709,0.014221929225539,6.9548712071299335,9.613305940416888,5.7966405860400405,8.011088283680742,7.724183900539631,10.989392477439434,,11.955890824396436,0.0405103138250731,0.6969505000496774,0.0409720335693528,2.0004057580003503,0.0312093381241904,9.9246583854284,0.06907859965458626,0.08665988393122025,0.891183232163694,1.112938517980559,142.983538068019,109.56433813842143,112.7626208682144,4.024095994059316,3.374716970262837,4.101648671768739,739.2975496751255,0.8931971161561094,1.1154509311003689
CHI:56,0.0,0.0165070558557181,0.0,0.0691198762344311,0.7763616965496234,0.0978704980949547,0.0240020177182563,0.0,0.0109583794912637,0.0051804760557526,17.27825633950021,30.95790194265977,13.549258209038037,23.72079901783816,27.371819274371248,49.91060401289614,,43.0344240076722,0.0052157217099565,0.6980786500243054,0.0447674250624379,1.9949191164734543,0.0208842605715968,9.930283847868315,0.21186172342974716,0.21283031001013536,2.1112576042893214,2.1170931110744653,957.2502959906944,957.410192248656,955.5077182274932,12.104332061863758,6.829616869942038,6.833115886353252,3241.2324374088225,2.1120694508208286,2.1178403522210467
CHI:57,0.0,0.0918117325038231,0.0,0.0,0.7286471086258108,0.1482074277057588,0.0101586311806208,0.0,0.0085946867553695,0.0125804132286167,37.02064882905469,78.19077216594805,35.32149217033348,70.85980218050112,40.87376617893253,84.8474078104068,,33.130211526581405,0.128178929659642,0.6971136189995358,0.103850403936692,2.002150805714383,0.5738517335400228,9.93182536262328,0.2790344512205209,0.27903445122052123,3.003758383871412,3.003758383871412,1880.9315729723608,1879.8481467797144,1881.117275712859,9.54922109207022,8.586263638902706,8.586263638902706,2735.783606530137,3.004400976020645,3.004400976020646
CHI:58,0.0,0.0563917355192034,0.0004681425127998,0.0,0.7011346092441381,0.1759441800454549,0.0497626927710552,0.0,0.000337897359125,0.0159607425482234,34.71309128973312,71.08836825762722,32.7433409349919,66.94703856974095,48.73954218864167,103.42272611851016,,46.98024408991115,0.0523277114428023,0.696258062141551,0.1220472532958505,2.0041510722621907,0.067987122794376,9.926287892140197,0.2590561705561311,0.2590561705561307,3.192916189951846,3.192916189951846,949.44386879901,946.2076783605356,950.327410552783,11.8877384779038,9.088367458242384,9.088367458242384,6395.652690552515,3.19397326401954,3.193973264019537
CHI:59,0.0,0.0908958201646363,0.0,0.0,0.5386512001645355,0.2733082702303737,0.0803046611954629,0.0,0.0,0.0168400482449916,50.75577000295157,92.07444326330116,47.52055810666348,85.04188816532422,66.54959166809275,130.87538241972476,,57.09428885251962,0.3097574523701244,0.6564300330808701,2.425856400332349,2.014214710453249,3.0003489020753102,9.69213263876508,0.2238695505079854,0.22841541022302778,3.4122530390859693,3.4564435202853785,1840.3062808039604,1840.3669878570252,1840.3967185725087,13.97694897554882,10.393628203788422,10.441269864901432,4355.913843284494,3.413140741576256,3.457333650126368
CHI:60,0.0006375322698743,0.1180866450813319,0.001310580263705,0.0,0.6200714017010155,0.142943232112347,0.0798930517112831,0.0,0.0266382695963704,0.0104192872640724,25.945676785744155,54.93393875206955,23.65059880843656,49.06808395979561,42.96140124547748,88.82830336367056,,56.917128848017526,0.2240641049049562,0.6938062363273101,2.227469248400303,2.0117205132558915,1.4423823702751228,9.698789383931189,0.27381239283117803,0.27885032423118594,3.446676321343248,3.4770420670513937,962.4676506235004,963.092563575851,962.9504465324948,14.541850003697812,10.276702859475632,10.280243004605438,6228.35295598715,3.447482554279111,3.4778318156794508
CHI:61,0.0,0.0,0.0015338363390065,0.0,0.6375164927593137,0.142342054474973,0.1452569727648751,0.0,0.0422294183690581,0.0311212252927734,32.67675700819252,67.33541389506655,30.710107120796987,63.16478117920951,44.67312619564172,96.68928274182916,,39.92379722329194,0.0120440199709735,0.6971047248994354,0.0503136908453427,2.005828051771718,0.0520500408592514,9.920133737050389,0.21094369118069084,0.21281623318369255,3.3828773290417926,3.408563896650016,978.2731850743588,978.4843187874242,977.973140664933,10.326659989550448,9.56132970807272,9.611593985775626,3487.584473140506,3.3835902107251195,3.40928755178752
CHI:62,0.0,0.0,0.0,0.0,0.8008601245168774,0.0884632393003087,0.0996890104390063,0.0,0.0,0.0109876257438074,37.72869305937689,88.5485394460726,32.95455368033392,74.6543248426705,45.54293363707156,107.14954863506856,,49.72384614286772,0.0041742472224328,0.697542927066403,0.029141615712803,2.0005140783487305,0.0142372640282211,9.934342139364878,0.24782658504776425,0.24782658504776442,2.653305544121538,2.653305544121538,506.6446324801259,508.0240220768989,504.8067762449157,13.695549829983015,7.640700197271919,7.640700197271919,6018.362294066506,2.654450015767594,2.654450015767592
CHI:63,0.0,0.0,0.0,0.0,0.7631309970439607,0.0925355337629107,0.1281260828200533,0.0,0.0015680308711095,0.0146393555019657,36.64635093075285,74.22469599058512,31.640064161462107,64.76232306416486,53.38941209747216,107.53939742997804,,47.10528201257021,0.0032753345716183,0.6982133763199545,0.028752827376272,1.998466812410904,0.0160812345261405,9.929704132866416,0.27481007183381834,0.2748100718338163,3.050569475353249,3.050569475353249,885.4529004146084,888.214505830214,887.198927459946,12.33124499885091,8.514543622581051,8.514543622581051,6966.6635611537295,3.0514489709681416,3.0514489709681443
CHI:64,0.0,0.0,0.0,0.0482066625227654,0.7434881871276225,0.0828777490873774,0.1112685227229267,0.0,0.0022871667129721,0.0118717118263357,13.422282202960847,23.00648857054813,11.28275526472818,17.50467805468344,24.3163652906904,40.95180206123094,,45.87447903259772,0.1678341649718723,0.6945327715369026,0.1898377327806255,2.019530239124653,0.1062265744793293,9.924220766401636,0.22201716938651386,0.22201716938651278,2.103069490736152,2.103069490736152,914.1343698328792,913.4645897938332,913.0410584390984,11.56150710036978,6.791741378264187,6.791741378264187,3706.76240613792,2.103547817329753,2.103547817329752
CHI:65,0.0,0.0,0.0,0.0244400612460351,0.804001099455512,0.0882401202754179,0.0592745303642327,0.0,0.0097308341021224,0.0143133545566795,31.117505584904368,68.7329838615722,27.59175278450908,60.86340816836168,35.881220113825854,80.95010298163123,,36.37864166536408,0.0045554252423114,0.6981684483717867,0.0345247822648042,1.997762537871124,0.0130033713512993,9.928602935976253,0.2495747637585801,0.24957476375857982,2.5065754891276373,2.5065754891276373,1100.566486566077,1101.3286762148125,1099.825051382578,10.285501845398064,7.561135632416416,7.561135632416416,4401.046474101385,2.510486543761224,2.5104865437612216
CHI:66,0.0,0.0,0.0,0.0,0.8143201746865123,0.1175866058254716,0.0619604579610693,0.0,0.0,0.0061327615269467,30.97815295430409,60.31010660199567,27.46754805334092,52.33359911567734,45.26023359216918,90.17800324602511,,42.96469151605256,0.0041061140788798,0.6989436333418015,0.0361027486429295,1.989993753375368,0.0166665058669988,9.92671807750197,0.2356646495147931,0.24051956199607127,2.684082492665531,2.738746584788499,434.4347937531665,434.8482554268939,434.28450130567694,11.905372054875476,7.784843016657175,7.91469385763345,6129.842568453332,2.6853784958702174,2.7400682653774164
CHI:67,0.0,0.0,0.0,0.0,0.7316463757134697,0.1076064059651831,0.1524773859369432,0.0,0.0,0.0082698323844039,32.41571224911185,70.32467393997376,27.533685451996448,58.91687358418335,47.27399217518729,106.11672925395553,,52.54446671293213,0.0063048499750664,0.6975401073845995,0.0555521173656674,2.002585253475928,0.0629562830934062,9.91775884503169,0.1829217991439538,0.1829217991439537,2.832721092809255,2.832721092809255,178.39299401404458,178.8308313193956,178.19714979242778,13.854216701395664,8.774258414115273,8.774258414115273,3630.6768421659535,2.834617284269596,2.8346172842695982
CHI:68,0.0,0.0885439664494711,0.0,0.0,0.6637026398651539,0.0776407983269388,0.1550684278199632,0.0,0.0,0.0150441675384729,28.657977163936582,59.1202530626414,22.85654013543109,47.86025645989368,38.27423802581617,80.30705354049711,,58.983777534308,0.0569653505582098,0.6973836922694003,0.3268148588150728,2.000250986624813,0.3076680879624671,9.918040682845325,0.14221968024128379,0.14221968024128356,2.6519641887383982,2.6519641887383982,205.1793896432598,205.1655245865101,204.8575315131434,15.238130475031202,9.62127061770647,9.62127061770647,3062.6624492457463,2.6548055927295238,2.6548055927295224
CHI:69,0.0,0.1895436194686735,0.0,0.0,0.4755090464288014,0.1612115933499114,0.1652262165238319,0.0,0.0016442196837581,0.0068653045450233,40.52609817002963,83.67579259698806,31.387836591181063,64.52843207270881,59.840812859777714,122.44704056164164,,53.94096246793688,0.3731431041496473,0.695392991286842,2.60034806198687,2.005968764714679,2.042256725107844,9.889704512435904,0.17718851982219153,0.17828766180420044,2.617475303547016,2.630304250722551,322.27576875466707,322.3503576134515,322.3641684150021,14.613877143436415,8.993733446802182,9.022634065572262,3429.520270619696,2.6176503091718826,2.6304833909773864
CHI:70,0.0,0.0,0.0,0.009460653867861,0.7407139342271155,0.1765168272710175,0.0271309023859526,0.0,0.0,0.0461776822480532,21.933709086321024,45.91602664023503,17.772791786292338,38.5193807260634,23.95607478507473,52.37506127677303,,53.59615718907869,0.1603664591856937,0.6949136959993687,0.5177017182855397,2.0016866855582576,0.4163440725149172,9.91045224427593,0.19857848333385034,0.19857848333385025,2.1765074257400814,2.1765074257400814,348.1706058578272,347.2793268122017,348.366059012376,12.897289884434812,6.928592098609156,6.928592098609156,3271.864225002364,2.178261414458589,2.1782614144585883
CHI:71,0.0,0.0,0.0,0.0,0.7620742484320432,0.1233990555809005,0.1064579511796547,0.0,0.0033020351214744,0.0047667096859269,35.51746306814498,72.06566471067305,30.23963326590933,61.84542950406547,52.474285356358735,109.67635246689215,,57.51743440050599,0.0096303150881226,0.697925398287147,0.0633925294473187,1.995701894129804,0.1082946726080127,9.920193256226314,0.24312581101662173,0.2431258110166214,2.9817776430071725,2.9817776430071725,274.6741172659154,274.2579423084895,274.28165207262606,14.356377453161176,8.975694725886884,8.975694725886884,4600.136173252316,2.982822989069335,2.9828229890693336
CHI:72,0.0,0.0,0.0,0.0311443431983826,0.837135761332168,0.0810191350435503,0.0439202579066153,0.0,0.0,0.0067805025192837,10.32596487719048,22.284919175572195,10.123604166246968,21.66264075372712,15.144132198054416,33.95785601968067,,48.41203420167715,0.1011770235116665,0.6964665175224715,0.5566605595614837,2.0042671231677045,0.3033736129236288,9.935688388174212,0.16908064783268356,0.16919200510428192,2.412372030352264,2.4139508331279864,576.5123396680826,576.8400373606556,576.6039458139878,12.128882368574294,8.246198490243211,8.250193934463853,2415.518000175581,2.419050129432899,2.4206331806660533
CHI:73,0.0,0.066812691429199,0.0,0.0806834726590335,0.7282791094095271,0.0872466824988114,0.0320877736974219,0.0,0.0,0.0048902703060067,20.58667569408224,44.85502927126967,19.043887011502516,40.7531878242508,33.49020970838637,72.49657978719586,,62.76355396714253,0.0377500253508703,0.6974017338452165,0.2316897180387798,1.998459055089036,0.2181687539414003,9.909133272408962,0.20277113559895202,0.20279316238825384,2.5265833777775377,2.526638419039655,211.66745762267828,211.53620922828603,211.49868851976143,15.761122849133388,8.28930102758778,8.289210591742657,3406.4813315365063,2.527364302823114,2.5274194605554308
CHI:74,0.0,0.0,0.0,0.0,0.8050336000345607,0.1323891612367478,0.0480788846884762,0.0,0.0,0.0144983540402151,11.696992038987467,21.827958204687835,10.087480918273364,18.93909218719148,18.73521207892483,35.50011994547558,,39.33349037270119,0.074953031414626,0.6942616858551847,0.3367471030247926,2.0143859759602343,0.6376980978533613,9.927324439587483,0.17328787050896088,0.17421505049531272,1.9788573952065411,1.9875313998704047,495.6676038423779,495.6187317645315,495.9361796532048,10.33482084025821,6.274523547261834,6.295674841338336,2654.695578513057,1.9813641250025944,1.9900404439920911
CHI:75,0.0,0.0712289704464689,0.0,0.0144251632373617,0.7135427664660908,0.1240333418737209,0.0658500568772357,0.0,0.0,0.0109197010991217,10.131333350295758,22.752681398870195,8.655414288487632,19.43167485522721,15.588350720316532,35.1961489841963,,54.75226953020903,0.1170154236553738,0.6969323189813252,0.589773075296685,1.982104087504996,0.5451185103798082,9.92971580645435,0.17168745993501489,0.17168745993501508,2.347659942357644,2.347659942357644,423.7275333499384,423.2585703334999,423.311997366334,13.14225182666769,8.499968535640145,8.499968535640145,2482.7657662429983,2.351679846785267,2.351679846785267
CHI:76,0.0,0.2532461514689732,0.0,0.1675923480768423,0.1260716380782776,0.0945356824866648,0.0821264323070027,8.147907399757204e-05,0.2235846692578396,0.0527615992504019,9.014118208237551,11.379859475606343,6.593910284976082,8.156969172076602,9.897205104724698,12.176741278588402,,9.96453795212166,0.4954201938206912,0.3332837633900187,7.291425136546469,3.140366613989178,2.521080637947959,9.308505640775264,0.047298555870383265,0.04806771702937073,0.673551537715628,0.6828660266352816,1294.5223593609674,1257.540981093372,1297.8320291037353,3.8572605094468138,3.3811773991565643,3.407276208465631,388.8971265574475,0.6767398098106773,0.6860948424108944
CHI:77,0.0,0.0503914763595478,0.0049313735640682,0.07245272015266,0.6514677981563057,0.1876375925090178,0.0172508384437329,0.0,0.0012894687647138,0.0145787320499535,60.19764620571076,94.17084864204185,51.44050485829534,81.25445621978935,73.49507491432134,119.60286798380795,,69.36743857825459,0.1904739028612148,0.6976755355479097,1.3037396143262503,1.9720049254462844,2.642263854489274,9.896489709046715,0.31859036107765865,0.3185903662325581,4.491885071319541,4.491885137685148,1672.762898082025,1672.7372470437886,1674.8236265533592,14.194347675588128,12.049173383095928,12.049173520906097,12465.257064011508,4.494144309573798,4.494144375963282
