unit_id,dominance,mixed_source_parcels,explicit_single_category_parcels,clipped_area_m2,land_fraction
SP:10,residential,332,332,80458.21624390587,0.02216923829546766
SP:10,commerce_services,1014,1014,183473.82683655192,0.050553879740392216
SP:10,unresolved,266,100,261631.88422820828,0.07208933851533998
SP:02,residential,94,94,23431.648506550417,0.003206880053921658
SP:02,commerce_services,123,123,39874.824766873084,0.00545731044756663
SP:02,unresolved,69,46,776638.075287377,0.10629150364981545
SP:95,residential,859,859,255455.26513295993,0.026581986531160486
SP:95,commerce_services,321,321,114412.8926447719,0.011905497307685097
SP:95,unresolved,67,62,186684.81645141888,0.019425918952584185
