unit_id,sample_no,previous_status,corrected_status,in_raw_lot,in_accepted_use,in_mapped_park
SP:10,1,industrial,industrial,True,True,False
SP:10,2,source_unclassified,source_unclassified,True,True,False
SP:10,3,residential,residential,True,True,False
SP:10,4,mixed_other,mixed_other,True,True,False
SP:10,5,mixed_other,mixed_other,True,True,False
SP:10,6,commerce_services,commerce_services,True,True,False
SP:10,7,commerce_services,commerce_services,True,True,False
SP:10,8,commerce_services,commerce_services,True,True,False
SP:10,9,unmapped_source,unmapped_source,False,False,False
SP:10,10,residential,residential,True,True,False
SP:10,11,unmapped_source,unmapped_source,False,False,False
SP:10,12,unmapped_source,unmapped_source,False,False,False
SP:10,13,vacant,vacant,True,True,False
SP:10,14,residential,residential,True,True,False
SP:10,15,industrial,industrial,True,True,False
SP:10,16,commerce_services,commerce_services,True,True,False
SP:10,17,unmapped_source,unmapped_source,False,False,False
SP:10,18,residential,residential,True,True,False
SP:10,19,unmapped_source,unmapped_source,False,False,False
SP:10,20,unmapped_source,unmapped_source,False,False,False
SP:02,1,residential,residential,True,True,False
SP:02,2,unmapped_source,unmapped_source,False,False,False
SP:02,3,residential,residential,True,True,False
SP:02,4,unmapped_source,unmapped_source,False,False,False
SP:02,5,residential,residential,True,True,False
SP:02,6,vacant,vacant,True,True,True
SP:02,7,source_unclassified,source_unclassified,True,True,False
SP:02,8,residential,residential,True,True,False
SP:02,9,mapped_park_without_cadastral_use,mapped_park_without_cadastral_use,False,False,True
SP:02,10,residential,residential,True,True,False
SP:02,11,residential,residential,True,True,False
SP:02,12,unmapped_source,unmapped_source,False,False,False
SP:02,13,commerce_services,commerce_services,True,True,False
SP:02,14,residential,residential,True,True,False
SP:02,15,unmapped_source,unmapped_source,False,False,False
SP:02,16,source_unclassified,source_unclassified,True,True,False
SP:02,17,residential,residential,True,True,False
SP:02,18,commerce_services,commerce_services,True,True,False
SP:02,19,mixed_other,mixed_other,True,True,False
SP:02,20,unmapped_source,unmapped_source,False,False,False
SP:95,1,residential,residential,True,True,False
SP:95,2,mixed_other,mixed_other,True,True,False
SP:95,3,residential,residential,True,True,False
SP:95,4,residential,residential,True,True,False
SP:95,5,residential,residential,True,True,False
SP:95,6,mixed_other,mixed_other,True,True,False
SP:95,7,unmapped_source,unmapped_source,False,False,False
SP:95,8,source_unclassified,source_unclassified,True,True,False
SP:95,9,commerce_services,commerce_services,True,True,False
SP:95,10,unmapped_source,unmapped_source,False,False,False
SP:95,11,institutional,institutional,True,True,False
SP:95,12,unmapped_source,unmapped_source,False,False,False
SP:95,13,residential,residential,True,True,False
SP:95,14,unmapped_source,unmapped_source,True,False,False
SP:95,15,industrial,industrial,True,True,False
SP:95,16,residential,residential,True,True,False
SP:95,17,vacant,vacant,True,True,False
SP:95,18,industrial,industrial,True,True,False
SP:95,19,residential,residential,True,True,False
SP:95,20,residential,residential,True,True,False
