unit_id,city,geosampa_footprint_m2,land_m2,geosampa,iptu_occupied,overture_src_Google Open Buildings,overture_src_Microsoft ML Buildings,overture_src_OpenStreetMap
SP:01,SP,3592203.355285924,7168584.995904132,0.5011035451680322,0.4277709620172033,0.018568765641873087,0.0011702436931987198,0.9802609906649281
SP:02,SP,2156682.561651957,7306680.671731427,0.2951658432256215,0.2453253509401331,0.029413547010098417,0.006998441397160286,0.9635880115927413
SP:03,SP,1463186.2098051775,33064819.754641064,0.04425205462067583,0.03605037041923351,0.22275304490196993,0.0503282226775523,0.7269187324204779
SP:04,SP,3171756.7764365417,6897899.7889440805,0.4598148528513299,0.36656614003768595,0.023042967895998665,0.00422333444303049,0.9727336976609708
SP:05,SP,2394254.6693901885,6492531.5729948925,0.36877058547529873,0.27725733479485326,0.04613547114372589,0.003999345107206558,0.9498651837490675
SP:06,SP,1684630.2327387815,5706404.110362044,0.2952174784957352,0.29200893728752764,0.058070349410684084,0.012758847954739545,0.9291708026345763
SP:07,SP,1310588.0240126806,2717748.69248872,0.48223297011782856,0.41436134367845856,0.014904780012225439,0.0012353414428633981,0.9838598785449112
SP:08,SP,2752974.774791561,5979768.876624324,0.4603814681790276,0.38810488296164986,0.022128073290116863,0.00937538113293271,0.9684965455769504
SP:09,SP,1757594.5798386573,4034247.516577702,0.43566850388239065,0.37897959748810384,0.023852218617638116,0.0035329173244143842,0.9726148640579475
SP:10,SP,2060299.2146829928,3629272.92185564,0.567689247693603,0.5249284198295899,0.013859161662873968,0.0012326810375390398,0.984908157299587
SP:11,SP,4049017.617405779,21010096.993348807,0.19271770228798,0.1291873141213603,0.6229692872434736,0.3556276347159854,0.021403078040541007
SP:12,SP,3403028.939097945,12520140.677119153,0.27180436920465756,0.2034030260262198,0.12664662673278682,0.04777200634858881,0.8255813669186244
SP:13,SP,2724498.8148970297,13537413.98880739,0.20125696216054415,0.15001255052693463,0.6200688803329304,0.334775106426858,0.04515601324021163
SP:14,SP,1850582.1687185154,3912739.9513015067,0.47296324104108955,0.41695781480630384,0.02233627836976527,0.0022257482417355205,0.9754379733884992
SP:15,SP,3032535.911885779,8757520.362414068,0.34627791730875757,0.2882873685153562,0.6613750583174686,0.1536696424409366,0.18495529924159496
SP:16,SP,4074854.214593053,12719365.181742718,0.3203661626479652,0.28275322302738076,0.5417144277096968,0.21547092567442436,0.24281464661587868
SP:17,SP,4017399.389876583,12523596.315527381,0.3207864010192991,0.2290723389449328,0.09337224614689678,0.07894270733568313,0.8276850465174201
SP:18,SP,3264685.025242583,12696402.806327352,0.25713464475273273,0.2068596940458699,0.09422963034951107,0.00955378173595507,0.8962165879145338
SP:19,SP,4679874.82400061,13722954.19279978,0.3410253184737778,0.23060537516480303,0.09256796375303866,0.08001734107274816,0.8274146951742132
SP:20,SP,3490593.960048122,7845116.053407232,0.44493847334892045,0.36988069778008326,0.017171216945513733,0.00944647274191003,0.9733823103125763
SP:21,SP,3065211.1863994426,7115853.98297914,0.4307580219789943,0.37407203778591125,0.6782410734842602,0.22380362420854757,0.09795530230719207
SP:22,SP,5184539.0499742925,12284733.08014861,0.4220310702844815,0.3156119448997501,0.6766109828941624,0.3092472198377436,0.014141797268093937
SP:23,SP,5220737.657478034,27746976.470009807,0.1881551910032736,0.12287369413690914,0.09631890941656432,0.02440516985569046,0.8792759207277452
SP:24,SP,3373148.7745285532,10334324.826365227,0.32640243375386063,0.25100246446504787,0.0838351778784938,0.014856553605710107,0.9013082685157962
SP:25,SP,2634112.880609867,14877845.665836237,0.17704934839178627,0.08900119209064089,0.1257163355199604,0.08336375550975837,0.7909199089702812
SP:26,SP,1487466.7539255316,3815051.1521280287,0.3898943145482664,0.33241703700161584,0.02087653385706923,0.004070977614651986,0.9750524885282787
SP:27,SP,3501538.7993545355,11756935.091118658,0.29782751815986835,0.24332736192114163,0.8041988065575483,0.11900735609524199,0.07679383734720979
SP:28,SP,3108416.5127752083,9220766.706400437,0.33711041736014796,0.23309954241745007,0.06569121403973396,0.007702307989362513,0.9266064779709035
SP:29,SP,4300332.686940039,10864675.677686088,0.3958086568356641,0.308829651205438,0.6447446411942281,0.23859091390646175,0.11666444489931008
SP:30,SP,7057077.826365669,92416555.71971162,0.07636161909960099,0.029575415126805258,0.1859418276401683,0.09110708266724551,0.7229510896925861
SP:31,SP,2201021.9575345833,8865829.165958894,0.24825900841689963,0.15661648493424601,0.11018793361822536,0.056001426565564075,0.8338106398162105
SP:32,SP,3245114.361988996,8929549.741957981,0.36341298898206714,0.2924906154817285,0.03036616790033146,0.004876397070142722,0.9647574350295258
SP:33,SP,2719265.718910835,19346552.035044655,0.14055557362289225,0.0741579169973627,0.19207917234791524,0.06181316815695504,0.7461076594951298
SP:34,SP,4817081.931622008,10890080.67449649,0.44233666173870917,0.39138924929930036,0.046466175138935806,0.007108717478988997,0.9464251073820752
SP:35,SP,4158755.532802011,9866184.664555643,0.4215160849099427,0.3800320617827064,0.5930652726168,0.1498944887473206,0.25704023863587955
SP:36,SP,4749864.039967121,12089523.416799007,0.39289092515979107,0.266016937899403,0.06040962700179997,0.020680472642348947,0.9189099003558511
SP:37,SP,5098029.810566324,14644035.139741365,0.3481301268344513,0.2788408359468139,0.05997641593616142,0.007532706919617368,0.9324908771442213
SP:38,SP,5449607.648500295,13989226.405098021,0.38955747020538056,0.32706426127556415,0.6431450417706599,0.26881748605518446,0.08803747217415563
SP:39,SP,2695775.9607963557,7382310.174530236,0.3651669866293444,0.27148818630172705,0.06789742988906848,0.0075835710299891335,0.9245189990809424
SP:40,SP,1506989.5686752335,4479888.159396019,0.33638999793209273,0.2962707890857128,0.6226279735670953,0.16097958080246833,0.21639244563043636
SP:41,SP,1871200.42094978,6421301.207456335,0.29140517793760634,0.24845945524988033,0.4825195097366497,0.1462354837445509,0.37124500651879944
SP:42,SP,3775606.5872948896,28009531.975626484,0.13479720370123896,0.09808227079233633,0.1141836351024375,0.07669908369517946,0.809117281202383
SP:43,SP,5084499.864952581,36276734.13909895,0.1401586991115753,0.06683385529423572,0.17434703474890287,0.09065763694420804,0.7349953283068892
SP:44,SP,3114830.1630195226,8918116.224635866,0.34926996739680904,0.2243827563574622,0.08361438811825611,0.009914137698511594,0.9064714741832324
SP:45,SP,2714731.282653642,6186085.007219678,0.4388448072545598,0.3764350145984513,0.020098839403374605,0.0026867573231507355,0.9772144032734745
SP:46,SP,5049052.141257244,25867927.566264767,0.1951858001891842,0.14531972035140514,0.08467979641963583,0.04707776521082687,0.8682424383695373
SP:47,SP,2152890.4480397003,14521201.57455202,0.14825842317433136,0.11303231289595511,0.1352336691379655,0.030640893009801072,0.8341254378522335
SP:48,SP,4407997.856132226,10166406.162381347,0.4335846695209854,0.3656354999620923,0.019174192935579537,0.006693769189027538,0.9741320378753929
SP:49,SP,1698142.198491921,3619729.6901281564,0.46913508572840373,0.39131084949877876,0.0256183469717185,0.0014044422112141717,0.9729772108170673
SP:50,SP,2716304.528883272,6387269.644008482,0.4252684919026827,0.3609547002861648,0.7292575646706818,0.16841741581244965,0.10232501951686854
SP:51,SP,2672817.7016393985,13219307.692808412,0.20219044474571607,0.16455301976089093,0.03588173318145284,0.013152582017634973,0.9509656848009123
SP:52,SP,1897.2665822784788,206875684.22021824,9.171046802478957e-06,0.0001074123335652432,0.5834987130074708,0.4007877575410858,0.015713529451443314
SP:53,SP,3915913.762585163,7947826.031070371,0.4927025009451281,0.42503773821846624,0.021526732067954107,0.003989445501186472,0.9744838224308594
SP:54,SP,3042322.8298821584,11237681.510045337,0.2707251337531352,0.2329052480852379,0.48270686402011853,0.1535146150149039,0.36377852096497765
SP:55,SP,3241607.9695109767,151364351.7847357,0.02141592740489558,0.006071046380239381,0.26396246996390266,0.16169517563644387,0.5743423543996534
SP:56,SP,1207246.2208059127,2680659.0893158726,0.45035425266030843,0.4047599727710648,0.01920348507603273,0.003510317237849222,0.9772861976861181
SP:57,SP,2045070.2704823622,15366586.377739895,0.13308552857548506,0.09879565719288193,0.08424543870306271,0.013771224036951392,0.9019833372599859
SP:58,SP,2624602.223813078,18379257.886855606,0.1428024047527038,0.09419074538575795,0.5354356151936263,0.43763140208101914,0.026932982725354417
SP:59,SP,4835194.015978472,11315396.08163483,0.4273110707831176,0.3679983422549699,0.03217266376494414,0.0068479055979426984,0.9609794306371132
SP:60,SP,2949384.273526922,6337255.682309684,0.46540402050686797,0.37919236976788434,0.01594811926054019,0.0010486336016679043,0.9830032471377919
SP:61,SP,1453429.8945407271,23324257.283526313,0.062314091157246405,0.07157295427276351,0.25600450008792336,0.06573106502566949,0.6782644348864071
SP:62,SP,3408025.274502699,8207656.654400307,0.4152251267328027,0.35343455777292776,0.023813797441185013,0.006531107064172352,0.9696550954946426
SP:63,SP,4452576.388800023,17114290.8668912,0.26016715640925825,0.2054654807113694,0.5969686758703326,0.3326403489571847,0.0703909751724827
SP:64,SP,2887146.0070301304,6568507.873530532,0.43954366236883374,0.33077382897802515,0.040768745770843384,0.0034946528707514393,0.9557366013584052
SP:65,SP,3121563.4698370444,12190589.471708138,0.2560633738902909,0.16513278579939994,0.6589783270916411,0.20916006364065837,0.13186160926770066
SP:66,SP,1104033.4894975412,2395461.153501867,0.46088557432191346,0.447096375758099,0.007360591860043136,0.00013118732597841047,0.9925082208139784
SP:67,SP,3075284.0574404,9615231.377449106,0.31983463909698073,0.2471806352548254,0.5481371587294097,0.235217829066959,0.21664501220363144
SP:68,SP,5285480.783479546,14488690.403082633,0.36480045031226566,0.30961141933473724,0.7641216439516664,0.1839873216471521,0.05189103440118159
SP:69,SP,1920107.290207564,3759165.063040938,0.5107802551916443,0.4279040619458115,0.024033897570609506,0.002127730047855695,0.9738383723815348
SP:70,SP,4559284.950910719,12946168.287884451,0.35217253858637715,0.3007674868280496,0.02949841610954832,0.006077023854307682,0.9644245600361441
SP:71,SP,5581435.456710018,15758658.25691734,0.35418214962939626,0.32634751741903806,0.5210980713027614,0.17337803655202577,0.3055238921452127
SP:72,SP,4402114.047592823,9648256.957468247,0.4562600340142642,0.3726456515253763,0.03485913612425269,0.005120251553286313,0.9600206123224609
SP:73,SP,4524322.1191486595,12694397.526230896,0.35640305968045255,0.2609649645171939,0.0563615098877932,0.008547091372698807,0.9350913987395081
SP:74,SP,2978505.8389518824,8439183.622678397,0.3529376740835241,0.28162913692422836,0.05357009207632558,0.009735228311871773,0.9366946796118026
SP:75,SP,3118136.562844164,13032503.20007566,0.2392584536504132,0.20735003540872424,0.13359000674378385,0.028456319925624873,0.8379536733305912
SP:76,SP,5656370.165538609,13593127.92290307,0.4161198362599227,0.3088311626146634,0.07858970223057986,0.005798468513482004,0.9156118292559382
SP:77,SP,4155374.565347778,9285694.924478728,0.44750280933670117,0.3842370473096597,0.01837806885550969,0.0024272329966497953,0.9791946981478405
SP:78,SP,873639.5051452627,2148421.5410129693,0.40664249937344527,0.3774554874448192,0.012299863253552333,0.0007454649818006865,0.9869546717646469
SP:79,SP,2744683.3039218117,11737629.999414202,0.23383624326706434,0.19631850723825875,0.045154791677132405,0.016638944810810047,0.9382062635120575
SP:80,SP,3718587.15783263,8429226.564757966,0.44115401683231475,0.39349066898586066,0.02309931469849182,0.00266850374674226,0.9742321815547659
SP:81,SP,5130231.5480106985,57460645.78886987,0.08928252506699855,0.05460070900574029,0.09875516354391058,0.04534867177372567,0.8558961646823637
SP:82,SP,3542023.507535221,9434242.720904915,0.3754433304632507,0.309180247561006,0.025942344057913236,0.014645076752870653,0.9594125791892162
SP:83,SP,1680322.3435811675,10105664.580287417,0.16627529344867462,0.19363347996103256,0.2829616682389673,0.18862486533229061,0.5284134664287422
SP:84,SP,3488863.4890256673,9386908.148508854,0.3716733384229275,0.27806440189942994,0.08839918242349198,0.010558812283431692,0.9010420052930763
SP:85,SP,3337927.619927335,7464838.838424806,0.44715334010234153,0.374905079744568,0.024485392784470955,0.0026901714841716016,0.9728244357313575
SP:86,SP,2902672.4276174214,7127760.488011548,0.40723484360894796,0.3588686101759843,0.02569704599023818,0.0035921176056427366,0.9707108364041191
SP:87,SP,2796253.053800041,8200233.1842526505,0.3409967730149231,0.24676847042422517,0.13218517709820973,0.0073268243638319585,0.8604879985379583
SP:88,SP,2399766.1036965908,6732701.103342866,0.35643437408874107,0.3359987270007875,0.034808871861276895,0.009709888664446435,0.9554812394742767
SP:89,SP,4468766.869818515,11664807.551581964,0.38309820801222455,0.32815680696599814,0.055133822095819886,0.0038766299278805223,0.9409895479762996
SP:90,SP,3603563.335206938,8575516.205499765,0.42021532568451714,0.378321248803579,0.027666811515296492,0.0033407891766748378,0.9689923993080287
SP:91,SP,3726123.5378937935,8753346.253445921,0.4256798977221921,0.341548467687206,0.022623633948597635,0.004204864728696898,0.9731715013227055
SP:92,SP,3804961.052904516,7820667.220525536,0.48652639801861164,0.3939009183148687,0.022988533770251927,0.0035964737645585937,0.9734149924651896
SP:93,SP,4027791.1507307137,9435505.656132715,0.42687602525178975,0.3652880540387141,0.02705363693728383,0.003190594501025694,0.9697557685616904
SP:94,SP,3126973.9175993637,9972863.114479719,0.3135482640947185,0.26784018484338257,0.6004826170291245,0.2749767419469555,0.12454064102392008
SP:95,SP,2944815.082950357,9610089.329986865,0.30642952233144144,0.2619715502689756,0.6498698290630064,0.30328148537946426,0.04684868555752934
SP:96,SP,3259813.128492082,8770826.19569027,0.37166545725120625,0.23280817045529192,0.08591158497672458,0.018511815648498384,0.895576599374777
